Brain name,Time to update policy,Time since start of training,Time for last experience collection,Number of experiences used for training,Mean return
RollerBallRayBrain,2.271,6.524,2.786,10659,-6.375
RollerBallRayBrain,2.304,11.320,2.332,10834,-31.130
RollerBallRayBrain,2.310,16.052,2.251,10679,-30.111
RollerBallRayBrain,2.297,20.895,2.362,10788,-30.253
RollerBallRayBrain,2.264,25.560,2.234,10736,-30.184
RollerBallRayBrain,2.286,30.416,2.374,10818,-30.431
RollerBallRayBrain,2.278,35.195,2.323,10812,-30.948
RollerBallRayBrain,2.283,39.937,2.275,10736,-30.718
RollerBallRayBrain,2.271,44.753,2.353,10255,-30.925
RollerBallRayBrain,2.271,49.449,2.242,10380,-30.721
RollerBallRayBrain,2.248,54.214,2.343,10263,-30.751
RollerBallRayBrain,2.307,58.919,2.217,10482,-31.011
RollerBallRayBrain,2.245,63.609,2.265,10264,-30.618
RollerBallRayBrain,2.235,68.161,2.145,10350,-30.687
RollerBallRayBrain,2.251,72.806,2.230,10245,-30.254
RollerBallRayBrain,2.217,77.382,2.183,10352,-30.325
RollerBallRayBrain,2.220,82.017,2.242,10256,-30.228
RollerBallRayBrain,2.255,86.689,2.224,10366,-30.319
RollerBallRayBrain,2.257,91.337,2.217,10280,-30.407
RollerBallRayBrain,2.252,95.956,2.211,10350,-30.387
RollerBallRayBrain,2.238,100.619,2.245,10285,-30.287
RollerBallRayBrain,2.244,105.218,2.182,10325,-30.331
RollerBallRayBrain,2.385,110.031,2.247,10269,-30.163
RollerBallRayBrain,2.290,114.847,2.335,10263,-29.953
RollerBallRayBrain,2.254,119.507,2.248,10242,-29.730
RollerBallRayBrain,2.239,124.157,2.253,10242,-29.752
RollerBallRayBrain,2.261,128.814,2.232,10286,-29.773
RollerBallRayBrain,2.241,133.467,2.257,10251,-29.762
RollerBallRayBrain,2.269,138.142,2.239,10266,-29.413
RollerBallRayBrain,2.273,142.793,2.220,10285,-29.371
RollerBallRayBrain,2.264,147.470,2.247,10252,-29.113
RollerBallRayBrain,2.285,152.147,2.226,10254,-28.892
RollerBallRayBrain,2.255,156.794,2.232,10266,-28.770
RollerBallRayBrain,2.256,161.468,2.243,10264,-28.683
RollerBallRayBrain,2.251,166.106,2.236,10355,-28.681
RollerBallRayBrain,2.262,170.808,2.272,10258,-28.584
RollerBallRayBrain,2.270,175.479,2.236,10259,-28.626
RollerBallRayBrain,2.336,180.308,2.313,10242,-28.579
RollerBallRayBrain,2.216,184.916,2.218,10268,-28.600
RollerBallRayBrain,2.220,189.548,2.248,10288,-28.474
RollerBallRayBrain,2.324,194.290,2.245,10296,-28.369
RollerBallRayBrain,2.331,199.052,2.273,10241,-28.162
RollerBallRayBrain,2.267,203.741,2.249,10253,-28.112
RollerBallRayBrain,2.331,208.459,2.217,10243,-27.793
RollerBallRayBrain,2.284,213.234,2.320,10256,-27.638
RollerBallRayBrain,2.274,217.946,2.253,10262,-27.512
RollerBallRayBrain,2.245,222.581,2.219,10258,-27.495
RollerBallRayBrain,2.300,227.311,2.271,10290,-27.433
RollerBallRayBrain,2.255,231.976,2.246,10284,-27.258
RollerBallRayBrain,2.283,236.636,2.219,10279,-27.066
RollerBallRayBrain,2.209,241.278,2.264,10355,-26.893
RollerBallRayBrain,2.277,245.976,2.235,10301,-26.720
RollerBallRayBrain,2.300,250.704,2.249,10271,-26.506
RollerBallRayBrain,2.262,255.429,2.289,10284,-26.272
RollerBallRayBrain,2.246,260.107,2.258,10269,-26.097
RollerBallRayBrain,2.269,264.801,2.250,10309,-25.996
RollerBallRayBrain,2.226,269.432,2.238,10282,-25.806
RollerBallRayBrain,2.302,274.131,2.220,10255,-25.631
RollerBallRayBrain,2.246,278.805,2.270,10253,-25.347
RollerBallRayBrain,2.251,283.469,2.243,10245,-25.130
RollerBallRayBrain,2.324,288.154,2.210,10250,-25.186
RollerBallRayBrain,2.290,292.877,2.274,10270,-25.111
RollerBallRayBrain,2.265,297.621,2.314,10355,-24.857
RollerBallRayBrain,2.293,302.324,2.250,10259,-24.718
RollerBallRayBrain,2.231,307.040,2.303,10284,-24.462
RollerBallRayBrain,2.254,311.701,2.226,10321,-24.317
RollerBallRayBrain,2.291,316.437,2.277,10296,-24.203
RollerBallRayBrain,2.260,321.179,2.316,10267,-23.833
RollerBallRayBrain,2.257,325.913,2.285,10303,-23.634
RollerBallRayBrain,2.241,330.543,2.221,10243,-23.640
RollerBallRayBrain,2.264,335.243,2.251,10281,-23.468
RollerBallRayBrain,2.264,339.905,2.241,10280,-23.248
RollerBallRayBrain,2.319,344.694,2.305,10285,-23.071
RollerBallRayBrain,2.271,349.427,2.302,10288,-22.949
RollerBallRayBrain,2.261,354.089,2.233,10280,-22.794
RollerBallRayBrain,2.266,358.852,2.317,10360,-22.664
RollerBallRayBrain,2.246,363.513,2.265,10290,-22.503
RollerBallRayBrain,2.220,368.182,2.281,10371,-22.381
RollerBallRayBrain,2.269,372.855,2.255,10254,-22.283
RollerBallRayBrain,2.232,377.566,2.322,10257,-22.191
RollerBallRayBrain,2.246,382.169,2.186,10253,-22.151
RollerBallRayBrain,2.256,386.865,2.281,10296,-22.006
RollerBallRayBrain,2.259,391.534,2.258,10264,-21.895
RollerBallRayBrain,2.252,396.280,2.327,10271,-21.648
RollerBallRayBrain,2.304,401.047,2.284,10290,-21.495
RollerBallRayBrain,2.223,405.793,2.362,10287,-21.262
RollerBallRayBrain,2.243,410.528,2.319,10244,-21.079
RollerBallRayBrain,2.225,415.161,2.249,10319,-20.979
RollerBallRayBrain,2.248,419.851,2.262,10294,-20.908
RollerBallRayBrain,2.197,424.489,2.280,10270,-20.685
RollerBallRayBrain,2.257,429.156,2.240,10263,-20.547
RollerBallRayBrain,2.217,433.819,2.275,10266,-20.413
RollerBallRayBrain,2.251,438.481,2.254,10250,-20.293
RollerBallRayBrain,2.268,443.192,2.262,10265,-20.220
RollerBallRayBrain,2.215,447.842,2.267,10275,-20.063
RollerBallRayBrain,2.205,452.540,2.324,10248,-19.765
RollerBallRayBrain,2.238,457.272,2.319,10267,-19.555
RollerBallRayBrain,2.219,461.854,2.204,10280,-19.521
RollerBallRayBrain,2.231,466.537,2.293,10246,-19.460
RollerBallRayBrain,2.233,471.226,2.283,10271,-19.365
RollerBallRayBrain,2.240,475.928,2.291,10255,-19.243
RollerBallRayBrain,2.245,480.637,2.300,10252,-19.097
RollerBallRayBrain,2.249,485.315,2.258,10273,-19.019
RollerBallRayBrain,2.267,490.113,2.349,10326,-18.896
RollerBallRayBrain,2.268,494.833,2.289,10261,-18.814
RollerBallRayBrain,2.250,499.547,2.301,10251,-18.675
RollerBallRayBrain,2.229,504.292,2.337,10245,-18.487
RollerBallRayBrain,2.245,508.984,2.281,10276,-18.363
RollerBallRayBrain,2.264,513.767,2.349,10275,-18.270
RollerBallRayBrain,2.226,518.472,2.302,10257,-18.120
RollerBallRayBrain,2.275,523.202,2.287,10269,-18.021
RollerBallRayBrain,2.253,527.913,2.288,10348,-17.968
RollerBallRayBrain,2.263,532.667,2.312,10270,-17.905
RollerBallRayBrain,2.244,537.419,2.329,10288,-17.772
RollerBallRayBrain,2.208,542.106,2.312,10259,-17.672
RollerBallRayBrain,2.232,546.730,2.232,10294,-17.604
RollerBallRayBrain,2.248,551.501,2.357,10249,-17.460
RollerBallRayBrain,2.232,556.243,2.342,10250,-17.355
RollerBallRayBrain,2.261,560.958,2.287,10257,-17.273
RollerBallRayBrain,2.216,565.643,2.311,10269,-17.196
RollerBallRayBrain,2.254,570.363,2.287,10266,-17.075
RollerBallRayBrain,2.230,575.140,2.388,10299,-16.917
RollerBallRayBrain,2.297,579.928,2.319,10363,-16.765
RollerBallRayBrain,2.400,584.820,2.317,10276,-16.647
RollerBallRayBrain,2.376,589.698,2.329,10256,-16.573
RollerBallRayBrain,2.386,594.722,2.457,10243,-16.444
RollerBallRayBrain,2.261,599.482,2.318,10331,-16.348
RollerBallRayBrain,2.421,604.431,2.376,10244,-16.298
RollerBallRayBrain,2.472,609.600,2.487,10310,-16.231
RollerBallRayBrain,2.377,614.633,2.460,10255,-16.140
