Brain name,Time to update policy,Time since start of training,Time for last experience collection,Number of experiences used for training,Mean return
RollerBallRayBrain,3.904,9.983,4.387,16641,-27.455
RollerBallRayBrain,3.899,18.036,3.805,17007,-29.332
RollerBallRayBrain,3.918,26.075,3.783,17081,-28.961
RollerBallRayBrain,3.886,34.077,3.767,16944,-29.515
RollerBallRayBrain,3.897,42.158,3.801,17317,-29.555
RollerBallRayBrain,4.158,50.496,3.799,18125,-29.823
RollerBallRayBrain,2.449,56.984,3.667,10712,-29.638
RollerBallRayBrain,2.465,60.805,1.250,10860,-29.674
RollerBallRayBrain,3.184,67.046,2.794,13551,-29.767
RollerBallRayBrain,2.661,73.469,3.426,11279,-29.621
RollerBallRayBrain,2.428,77.515,1.478,10262,-29.649
RollerBallRayBrain,2.446,82.938,2.719,10637,-29.201
RollerBallRayBrain,2.411,87.614,2.074,10655,-29.015
RollerBallRayBrain,2.445,92.688,2.388,10538,-28.834
RollerBallRayBrain,2.427,97.876,2.526,10899,-28.906
RollerBallRayBrain,2.458,102.453,1.912,10656,-29.099
RollerBallRayBrain,2.419,107.712,2.606,10332,-29.072
RollerBallRayBrain,2.416,112.525,2.179,10454,-29.063
RollerBallRayBrain,2.454,117.092,1.932,10776,-29.018
RollerBallRayBrain,2.446,122.867,3.051,10827,-29.057
RollerBallRayBrain,2.450,127.189,1.718,10900,-29.101
RollerBallRayBrain,2.444,132.432,2.553,10591,-29.234
RollerBallRayBrain,2.412,137.150,2.119,10245,-29.197
RollerBallRayBrain,2.421,142.051,2.264,10809,-29.220
RollerBallRayBrain,2.439,146.920,2.226,10512,-29.099
RollerBallRayBrain,2.410,151.669,2.135,10527,-28.929
RollerBallRayBrain,2.459,157.331,2.924,10783,-28.682
RollerBallRayBrain,2.468,161.540,1.597,10384,-28.631
RollerBallRayBrain,2.399,166.980,2.786,10582,-28.595
RollerBallRayBrain,2.438,171.513,1.921,10377,-28.407
RollerBallRayBrain,2.399,176.757,2.607,10332,-28.410
RollerBallRayBrain,2.441,181.556,2.156,10520,-28.427
RollerBallRayBrain,2.440,186.058,1.879,10874,-28.254
RollerBallRayBrain,2.457,191.212,2.443,10419,-27.935
RollerBallRayBrain,2.462,196.231,2.349,10657,-27.890
RollerBallRayBrain,2.427,201.153,2.278,10483,-27.759
RollerBallRayBrain,2.429,206.118,2.324,10550,-27.677
RollerBallRayBrain,2.436,211.155,2.387,10828,-27.510
RollerBallRayBrain,2.449,215.549,1.779,10347,-27.219
RollerBallRayBrain,2.393,221.212,2.985,10549,-26.926
RollerBallRayBrain,2.415,225.019,1.282,10344,-26.831
RollerBallRayBrain,2.450,231.020,3.232,10644,-26.726
RollerBallRayBrain,2.430,235.038,1.455,10253,-26.515
RollerBallRayBrain,2.461,240.215,2.459,10301,-26.029
RollerBallRayBrain,2.448,245.761,2.831,10667,-25.706
RollerBallRayBrain,2.461,250.224,1.834,10711,-25.589
RollerBallRayBrain,2.378,255.336,2.494,10304,-25.329
RollerBallRayBrain,2.439,260.210,2.229,10709,-25.251
RollerBallRayBrain,2.424,265.222,2.368,10591,-24.981
RollerBallRayBrain,2.461,269.551,1.703,10698,-24.914
RollerBallRayBrain,2.429,275.061,2.802,10281,-24.717
RollerBallRayBrain,2.447,279.468,1.794,10304,-24.445
RollerBallRayBrain,2.456,284.584,2.438,10358,-24.229
RollerBallRayBrain,2.408,289.801,2.561,10516,-24.073
RollerBallRayBrain,2.445,294.712,2.269,10691,-23.972
RollerBallRayBrain,2.389,300.055,2.699,10258,-23.742
RollerBallRayBrain,2.434,304.039,1.425,10329,-23.731
RollerBallRayBrain,2.669,309.633,2.669,11548,-23.492
RollerBallRayBrain,2.438,314.786,2.489,10685,-23.252
RollerBallRayBrain,2.452,319.591,2.135,10703,-23.159
RollerBallRayBrain,2.438,324.426,2.205,10468,-22.847
RollerBallRayBrain,2.428,329.931,2.832,10450,-22.646
RollerBallRayBrain,2.410,334.341,1.840,10282,-22.372
RollerBallRayBrain,2.431,339.521,2.527,10319,-22.188
RollerBallRayBrain,2.473,344.177,1.999,10464,-22.073
RollerBallRayBrain,2.370,349.103,2.351,10297,-21.762
RollerBallRayBrain,2.483,354.376,2.554,10559,-21.583
RollerBallRayBrain,2.464,359.099,2.074,10721,-21.481
RollerBallRayBrain,2.450,364.300,2.527,10317,-21.344
RollerBallRayBrain,2.435,369.019,2.107,10247,-21.088
RollerBallRayBrain,2.439,373.404,1.791,10262,-20.903
RollerBallRayBrain,2.450,378.674,2.563,10384,-20.590
RollerBallRayBrain,2.427,384.043,2.666,10297,-20.381
RollerBallRayBrain,2.388,388.877,2.242,10383,-20.302
RollerBallRayBrain,2.450,393.306,1.812,10338,-20.108
RollerBallRayBrain,2.434,398.656,2.688,10253,-19.857
RollerBallRayBrain,2.450,404.068,2.734,10389,-19.672
RollerBallRayBrain,2.446,408.400,1.736,11029,-19.616
RollerBallRayBrain,2.439,413.605,2.541,10302,-19.374
RollerBallRayBrain,2.444,418.606,2.336,10498,-19.220
RollerBallRayBrain,2.438,423.612,2.350,10311,-19.040
RollerBallRayBrain,2.414,428.083,1.887,10260,-18.867
RollerBallRayBrain,2.385,433.064,2.381,10404,-18.629
RollerBallRayBrain,2.395,438.246,2.547,10320,-18.344
RollerBallRayBrain,2.440,442.912,2.038,10384,-18.128
RollerBallRayBrain,2.398,447.948,2.417,10349,-17.928
RollerBallRayBrain,2.445,453.121,2.507,10696,-17.722
RollerBallRayBrain,2.420,458.272,2.491,11027,-17.573
RollerBallRayBrain,2.459,463.564,2.591,10673,-17.361
RollerBallRayBrain,2.417,468.543,2.348,10250,-17.250
RollerBallRayBrain,2.448,472.845,1.702,10251,-17.142
RollerBallRayBrain,2.459,478.161,2.629,10576,-16.855
RollerBallRayBrain,2.442,483.182,2.368,10338,-16.650
RollerBallRayBrain,2.467,488.576,2.687,10489,-16.421
RollerBallRayBrain,2.397,493.264,2.124,10295,-16.210
RollerBallRayBrain,2.413,498.404,2.500,10370,-15.988
RollerBallRayBrain,2.430,503.590,2.529,10254,-15.832
RollerBallRayBrain,2.447,508.304,2.075,10771,-15.736
RollerBallRayBrain,2.444,513.670,2.677,10665,-15.551
RollerBallRayBrain,2.405,518.590,2.311,10250,-15.368
RollerBallRayBrain,2.386,523.678,2.455,10283,-15.191
RollerBallRayBrain,2.428,528.506,2.213,10671,-15.101
RollerBallRayBrain,2.401,533.455,2.351,10262,-14.897
RollerBallRayBrain,2.429,539.010,2.854,10696,-14.727
RollerBallRayBrain,2.439,543.764,2.120,10627,-14.631
RollerBallRayBrain,2.418,548.780,2.385,10331,-14.481
RollerBallRayBrain,2.462,553.658,2.230,10386,-14.336
RollerBallRayBrain,2.398,558.815,2.532,10329,-14.157
RollerBallRayBrain,2.414,563.951,2.482,10355,-14.000
RollerBallRayBrain,2.423,569.119,2.513,10310,-13.881
RollerBallRayBrain,2.420,573.933,2.207,10254,-13.769
RollerBallRayBrain,2.394,579.271,2.689,10263,-13.630
RollerBallRayBrain,2.399,583.816,1.978,10292,-13.530
RollerBallRayBrain,2.454,588.698,2.211,10255,-13.395
RollerBallRayBrain,2.414,593.983,2.642,10273,-13.229
RollerBallRayBrain,2.422,598.502,1.934,10274,-13.096
RollerBallRayBrain,2.388,603.904,2.763,10430,-12.880
RollerBallRayBrain,2.386,609.074,2.554,10258,-12.728
RollerBallRayBrain,2.439,614.098,2.384,10268,-12.598
RollerBallRayBrain,2.406,619.221,2.498,10242,-12.517
RollerBallRayBrain,2.383,623.977,2.190,10314,-12.401
RollerBallRayBrain,2.390,629.130,2.544,10478,-12.261
RollerBallRayBrain,2.438,634.300,2.531,10471,-12.128
