Brain name,Time to update policy,Time since start of training,Time for last experience collection,Number of experiences used for training,Mean return
RollerBallRayBrain,3.896,9.911,4.345,17343,-32.078
RollerBallRayBrain,4.158,18.176,3.802,18018,-32.070
RollerBallRayBrain,3.921,26.231,3.767,17077,-31.885
RollerBallRayBrain,3.727,34.090,3.770,16108,-31.647
RollerBallRayBrain,3.860,42.130,3.826,16471,-31.148
RollerBallRayBrain,3.665,50.018,3.837,16193,-30.346
RollerBallRayBrain,2.417,55.514,2.806,10308,-30.498
RollerBallRayBrain,2.448,59.480,1.386,10656,-30.725
RollerBallRayBrain,3.173,66.343,3.372,14045,-30.840
RollerBallRayBrain,2.454,71.666,2.631,10458,-30.691
RollerBallRayBrain,2.438,75.884,1.616,10576,-30.706
RollerBallRayBrain,3.156,82.725,3.370,14065,-30.803
RollerBallRayBrain,2.375,87.460,2.151,10561,-30.702
RollerBallRayBrain,2.453,92.567,2.440,10899,-30.773
RollerBallRayBrain,2.449,97.871,2.598,10872,-30.735
RollerBallRayBrain,2.473,102.040,1.547,10445,-30.728
RollerBallRayBrain,2.456,107.559,2.797,11226,-30.572
RollerBallRayBrain,2.416,112.864,2.628,10895,-30.549
RollerBallRayBrain,2.414,117.370,1.918,10656,-30.659
RollerBallRayBrain,2.454,122.702,2.627,10732,-30.693
RollerBallRayBrain,2.416,126.892,1.631,10712,-30.723
RollerBallRayBrain,2.617,132.502,2.725,11275,-30.602
RollerBallRayBrain,2.596,138.051,2.692,10801,-30.573
RollerBallRayBrain,2.451,142.774,2.075,10656,-30.662
RollerBallRayBrain,2.437,148.000,2.535,10692,-30.686
RollerBallRayBrain,2.415,152.063,1.501,10323,-30.672
RollerBallRayBrain,2.475,157.529,2.723,10909,-30.655
RollerBallRayBrain,2.424,162.101,1.954,10350,-30.588
RollerBallRayBrain,2.431,167.394,2.628,10656,-30.664
RollerBallRayBrain,2.419,172.535,2.488,10656,-30.735
RollerBallRayBrain,2.470,176.876,1.691,10819,-30.712
RollerBallRayBrain,2.420,182.258,2.690,10368,-30.601
RollerBallRayBrain,2.472,187.002,2.076,10718,-30.524
RollerBallRayBrain,2.439,192.189,2.493,10663,-30.448
RollerBallRayBrain,2.393,197.081,2.281,10798,-30.433
RollerBallRayBrain,2.399,201.671,1.999,10554,-30.400
RollerBallRayBrain,2.418,207.160,2.808,10637,-30.244
RollerBallRayBrain,2.457,211.059,1.318,10472,-30.296
RollerBallRayBrain,2.402,216.763,3.023,10856,-30.206
RollerBallRayBrain,2.421,221.668,2.269,10904,-30.165
RollerBallRayBrain,2.436,226.440,2.147,10289,-30.164
RollerBallRayBrain,2.414,231.634,2.560,10338,-30.167
RollerBallRayBrain,2.431,236.079,1.845,10790,-30.160
RollerBallRayBrain,2.436,241.379,2.612,10635,-30.105
RollerBallRayBrain,2.461,246.060,2.028,10597,-30.124
RollerBallRayBrain,2.417,250.887,2.204,10722,-30.150
RollerBallRayBrain,2.462,256.054,2.469,10704,-29.999
RollerBallRayBrain,2.414,260.812,2.148,10456,-29.910
RollerBallRayBrain,2.429,265.701,2.245,10257,-29.845
RollerBallRayBrain,2.455,270.696,2.337,10580,-29.770
RollerBallRayBrain,2.443,275.745,2.381,10739,-29.704
RollerBallRayBrain,2.408,280.274,1.958,10253,-29.615
RollerBallRayBrain,2.421,285.109,2.205,10245,-29.499
RollerBallRayBrain,2.412,289.896,2.167,10358,-29.306
RollerBallRayBrain,2.418,294.694,2.175,10368,-29.037
RollerBallRayBrain,2.438,300.485,3.060,10723,-28.852
RollerBallRayBrain,2.416,304.855,1.784,10491,-28.852
RollerBallRayBrain,2.398,309.719,2.248,10357,-28.635
RollerBallRayBrain,2.465,314.516,2.129,10425,-28.534
RollerBallRayBrain,2.412,319.676,2.515,10839,-28.331
RollerBallRayBrain,2.432,324.412,2.117,10264,-28.039
RollerBallRayBrain,2.370,329.448,2.430,10419,-27.789
RollerBallRayBrain,2.406,334.131,2.069,10383,-27.686
RollerBallRayBrain,2.475,339.176,2.352,10356,-27.493
RollerBallRayBrain,2.444,343.883,2.084,10459,-27.273
RollerBallRayBrain,2.401,348.974,2.453,10507,-27.020
RollerBallRayBrain,2.428,353.809,2.195,10269,-26.772
RollerBallRayBrain,2.456,359.118,2.621,10681,-26.414
RollerBallRayBrain,2.438,363.398,1.677,10633,-26.278
RollerBallRayBrain,2.442,368.526,2.466,10371,-25.881
RollerBallRayBrain,2.412,373.690,2.517,10648,-25.602
RollerBallRayBrain,2.408,378.688,2.360,10439,-25.296
RollerBallRayBrain,2.377,383.165,1.927,10254,-25.110
RollerBallRayBrain,2.401,388.561,2.745,10434,-24.670
RollerBallRayBrain,2.391,393.168,2.016,10624,-24.457
RollerBallRayBrain,2.390,397.822,2.083,10646,-24.134
RollerBallRayBrain,2.380,402.931,2.483,10273,-23.790
RollerBallRayBrain,2.409,408.042,2.494,10642,-23.540
RollerBallRayBrain,2.386,413.185,2.527,10417,-23.335
RollerBallRayBrain,2.450,417.697,1.878,10501,-23.102
RollerBallRayBrain,2.417,422.643,2.314,10247,-22.698
RollerBallRayBrain,2.462,427.898,2.555,10777,-22.365
RollerBallRayBrain,2.395,432.531,2.050,10407,-22.130
RollerBallRayBrain,2.421,437.669,2.483,10862,-21.817
RollerBallRayBrain,2.400,442.354,2.110,10467,-21.585
RollerBallRayBrain,2.375,447.489,2.526,10474,-21.105
RollerBallRayBrain,2.440,452.746,2.571,10436,-20.800
RollerBallRayBrain,2.407,457.449,2.100,10315,-20.535
RollerBallRayBrain,2.432,462.847,2.715,10886,-20.257
RollerBallRayBrain,2.485,467.930,2.381,10851,-19.975
RollerBallRayBrain,2.437,472.797,2.229,10329,-19.770
RollerBallRayBrain,2.396,477.672,2.265,10476,-19.438
RollerBallRayBrain,2.390,483.017,2.721,10713,-19.057
RollerBallRayBrain,2.393,487.680,2.088,10280,-18.831
RollerBallRayBrain,2.428,492.850,2.503,10766,-18.537
RollerBallRayBrain,2.450,498.396,2.816,10244,-18.282
RollerBallRayBrain,2.459,503.348,2.290,10372,-18.114
RollerBallRayBrain,2.363,507.894,1.997,10454,-17.981
RollerBallRayBrain,2.461,512.716,2.172,10365,-17.791
RollerBallRayBrain,2.428,518.025,2.646,10316,-17.515
RollerBallRayBrain,2.437,522.824,2.173,10287,-17.300
RollerBallRayBrain,2.389,527.999,2.565,10302,-17.093
RollerBallRayBrain,2.387,533.144,2.528,10843,-16.876
RollerBallRayBrain,2.385,537.749,2.037,10290,-16.675
RollerBallRayBrain,2.397,542.784,2.424,10297,-16.418
RollerBallRayBrain,2.409,548.259,2.825,10346,-16.139
RollerBallRayBrain,2.414,553.357,2.466,10684,-15.985
RollerBallRayBrain,2.414,557.713,1.804,10264,-15.830
RollerBallRayBrain,2.409,563.325,2.922,10284,-15.566
RollerBallRayBrain,2.372,567.993,2.103,10293,-15.421
RollerBallRayBrain,2.414,573.752,3.071,10499,-15.270
RollerBallRayBrain,2.430,578.250,1.902,10621,-15.181
RollerBallRayBrain,2.397,583.316,2.454,10379,-15.004
RollerBallRayBrain,2.429,588.510,2.539,10390,-14.847
RollerBallRayBrain,2.396,593.657,2.531,10293,-14.717
RollerBallRayBrain,2.432,598.427,2.148,10481,-14.594
RollerBallRayBrain,2.366,603.415,2.406,10250,-14.464
RollerBallRayBrain,2.397,608.253,2.258,10734,-14.283
RollerBallRayBrain,2.385,613.693,2.791,10266,-14.103
RollerBallRayBrain,2.431,618.499,2.192,10243,-14.008
RollerBallRayBrain,2.478,623.650,2.453,10513,-13.866
RollerBallRayBrain,2.415,628.802,2.524,10594,-13.709
RollerBallRayBrain,2.455,634.115,2.627,10839,-13.558
