Brain name,Time to update policy,Time since start of training,Time for last experience collection,Number of experiences used for training,Mean return
RollerBallRayBrain,2.730,7.746,3.350,13161,-12.420
RollerBallRayBrain,3.647,15.355,3.645,16726,-28.647
RollerBallRayBrain,3.832,23.161,3.674,18224,-29.838
RollerBallRayBrain,3.677,30.731,3.603,17213,-30.726
RollerBallRayBrain,2.216,36.595,3.360,10246,-30.148
RollerBallRayBrain,2.491,40.234,1.062,11322,-30.533
RollerBallRayBrain,2.886,46.306,2.939,13568,-30.662
RollerBallRayBrain,2.281,52.241,3.352,10671,-30.628
RollerBallRayBrain,2.278,55.715,1.104,11064,-30.836
RollerBallRayBrain,2.894,61.818,2.960,13584,-30.859
RollerBallRayBrain,2.201,67.434,3.169,10390,-31.024
RollerBallRayBrain,2.232,70.793,1.034,10719,-31.062
RollerBallRayBrain,3.151,77.328,3.133,14910,-31.268
RollerBallRayBrain,2.282,83.143,3.247,10335,-31.452
RollerBallRayBrain,2.321,86.586,1.046,10719,-31.477
RollerBallRayBrain,3.142,93.200,3.196,14910,-31.616
RollerBallRayBrain,2.309,98.934,3.147,10335,-31.745
RollerBallRayBrain,2.295,102.366,1.060,10719,-31.763
RollerBallRayBrain,3.164,108.923,3.142,14682,-31.813
RollerBallRayBrain,2.217,114.063,2.705,10335,-31.910
RollerBallRayBrain,2.262,117.940,1.486,10719,-31.924
RollerBallRayBrain,3.096,124.454,3.166,14502,-31.862
RollerBallRayBrain,2.223,129.538,2.646,10687,-31.874
RollerBallRayBrain,2.279,133.407,1.481,10311,-31.889
RollerBallRayBrain,3.110,140.067,3.267,14502,-31.963
RollerBallRayBrain,2.246,144.539,2.057,10514,-31.971
RollerBallRayBrain,2.252,149.173,2.202,10569,-31.989
RollerBallRayBrain,2.204,154.731,3.100,10374,-32.004
RollerBallRayBrain,2.314,158.232,1.094,10398,-32.037
RollerBallRayBrain,2.238,163.618,2.897,10408,-31.962
RollerBallRayBrain,2.238,167.397,1.426,10343,-31.952
RollerBallRayBrain,2.215,172.335,2.509,10548,-31.977
RollerBallRayBrain,2.236,177.195,2.436,10485,-32.026
RollerBallRayBrain,2.229,181.293,1.744,10401,-32.019
RollerBallRayBrain,2.459,186.922,2.942,11988,-32.054
RollerBallRayBrain,2.253,190.882,1.569,10656,-32.084
RollerBallRayBrain,2.258,195.711,2.362,10677,-32.106
RollerBallRayBrain,2.209,200.573,2.439,10356,-32.144
RollerBallRayBrain,2.248,204.719,1.765,10269,-32.165
RollerBallRayBrain,2.537,210.484,2.961,11522,-32.143
RollerBallRayBrain,2.218,214.260,1.433,10527,-32.167
RollerBallRayBrain,2.276,219.211,2.473,10677,-32.185
RollerBallRayBrain,2.415,223.676,1.879,10278,-32.182
RollerBallRayBrain,2.367,228.721,2.468,10398,-32.202
RollerBallRayBrain,2.283,234.197,2.933,10516,-32.214
RollerBallRayBrain,2.288,237.927,1.320,10407,-32.199
RollerBallRayBrain,2.295,242.933,2.501,10656,-32.121
RollerBallRayBrain,2.313,247.403,2.000,10506,-32.147
RollerBallRayBrain,2.352,252.139,2.201,10677,-32.105
RollerBallRayBrain,2.446,257.107,2.317,10282,-32.099
RollerBallRayBrain,2.328,261.594,1.975,10424,-32.088
RollerBallRayBrain,2.218,266.809,2.754,10496,-32.039
RollerBallRayBrain,2.431,270.744,1.385,10252,-32.031
RollerBallRayBrain,2.209,276.023,2.814,10301,-31.993
RollerBallRayBrain,2.233,280.231,1.832,10597,-31.961
RollerBallRayBrain,2.211,284.899,2.270,10435,-31.952
RollerBallRayBrain,2.343,289.552,2.128,10248,-31.975
RollerBallRayBrain,2.285,294.061,2.055,10519,-31.977
RollerBallRayBrain,2.254,299.005,2.474,10683,-31.973
RollerBallRayBrain,2.360,303.307,1.799,10319,-31.913
RollerBallRayBrain,2.289,308.313,2.485,10467,-31.882
RollerBallRayBrain,2.334,312.854,2.042,10483,-31.815
RollerBallRayBrain,2.258,317.480,2.197,10298,-31.714
RollerBallRayBrain,2.259,322.204,2.264,10683,-31.674
RollerBallRayBrain,2.224,326.840,2.222,10475,-31.602
RollerBallRayBrain,2.270,331.317,2.039,10483,-31.556
RollerBallRayBrain,2.349,336.197,2.326,10254,-31.452
RollerBallRayBrain,2.311,341.017,2.309,10324,-31.462
RollerBallRayBrain,2.421,345.937,2.290,10583,-31.424
RollerBallRayBrain,2.332,350.667,2.228,10348,-31.417
RollerBallRayBrain,2.229,355.476,2.368,10413,-31.297
RollerBallRayBrain,2.308,359.750,1.825,10547,-31.185
RollerBallRayBrain,2.408,364.893,2.523,10291,-31.152
RollerBallRayBrain,2.327,369.616,2.209,10338,-31.081
RollerBallRayBrain,2.404,374.251,2.061,10552,-30.916
RollerBallRayBrain,2.411,379.400,2.517,10515,-30.836
RollerBallRayBrain,2.527,383.736,1.664,10673,-30.766
RollerBallRayBrain,2.494,389.367,2.891,10535,-30.634
RollerBallRayBrain,2.533,394.067,1.978,10451,-30.550
RollerBallRayBrain,2.272,399.021,2.463,10444,-30.349
RollerBallRayBrain,2.293,403.215,1.750,10242,-30.306
RollerBallRayBrain,2.250,408.161,2.478,10254,-30.089
RollerBallRayBrain,2.411,412.801,2.051,10360,-29.918
RollerBallRayBrain,2.274,417.409,2.129,10375,-29.710
RollerBallRayBrain,2.283,422.267,2.368,10267,-29.569
RollerBallRayBrain,2.292,426.921,2.174,10472,-29.407
RollerBallRayBrain,2.315,431.500,2.091,10348,-29.287
RollerBallRayBrain,2.320,435.910,1.923,10670,-29.175
RollerBallRayBrain,2.271,440.856,2.468,10572,-28.905
RollerBallRayBrain,2.279,445.602,2.280,10356,-28.792
RollerBallRayBrain,2.296,449.934,1.875,10621,-28.663
RollerBallRayBrain,2.295,455.119,2.653,10453,-28.440
RollerBallRayBrain,2.269,459.637,2.070,10737,-28.318
RollerBallRayBrain,2.240,464.226,2.176,10530,-28.003
RollerBallRayBrain,2.261,468.886,2.212,10633,-27.922
RollerBallRayBrain,2.273,473.443,2.111,10472,-27.803
RollerBallRayBrain,2.365,478.171,2.174,10412,-27.553
RollerBallRayBrain,2.458,483.219,2.368,10304,-27.428
RollerBallRayBrain,2.360,488.162,2.391,10965,-27.250
RollerBallRayBrain,2.552,493.540,2.582,10471,-27.164
RollerBallRayBrain,2.315,498.203,2.144,10253,-26.991
RollerBallRayBrain,2.303,502.826,2.132,10313,-26.839
RollerBallRayBrain,2.504,508.034,2.482,10347,-26.585
RollerBallRayBrain,2.326,512.641,2.102,10300,-26.416
RollerBallRayBrain,2.321,517.823,2.615,10288,-26.176
RollerBallRayBrain,2.296,522.333,2.047,10665,-26.027
RollerBallRayBrain,2.477,527.913,2.848,10656,-25.883
RollerBallRayBrain,2.489,532.608,2.024,10297,-25.675
RollerBallRayBrain,2.456,537.652,2.371,10313,-25.450
RollerBallRayBrain,2.465,542.821,2.486,10859,-25.244
RollerBallRayBrain,2.378,547.467,2.076,10732,-25.064
RollerBallRayBrain,2.410,552.530,2.440,10394,-24.787
RollerBallRayBrain,2.315,557.504,2.454,10242,-24.655
RollerBallRayBrain,2.298,562.080,2.115,10376,-24.455
RollerBallRayBrain,2.297,566.899,2.326,10317,-24.289
RollerBallRayBrain,2.301,571.760,2.358,10508,-24.112
RollerBallRayBrain,2.313,576.256,1.983,10612,-23.991
RollerBallRayBrain,2.424,581.666,2.748,10288,-23.739
RollerBallRayBrain,2.413,585.708,1.490,10471,-23.611
RollerBallRayBrain,2.544,591.183,2.696,10300,-23.366
RollerBallRayBrain,2.480,595.931,2.092,10749,-23.140
RollerBallRayBrain,2.407,601.123,2.579,10534,-22.909
RollerBallRayBrain,2.377,606.154,2.436,10623,-22.772
