Brain name,Time to update policy,Time since start of training,Time for last experience collection,Number of experiences used for training,Mean return
RollerBallRayBrain,4.151,10.214,4.466,18009,-33.350
RollerBallRayBrain,3.650,18.038,3.856,15566,-32.243
RollerBallRayBrain,3.914,26.148,3.837,17316,-32.596
RollerBallRayBrain,4.121,34.464,3.841,17734,-32.019
RollerBallRayBrain,4.135,42.742,3.850,17550,-32.108
RollerBallRayBrain,3.668,50.590,3.818,15495,-31.919
RollerBallRayBrain,4.202,59.010,3.849,17982,-32.119
RollerBallRayBrain,4.116,67.303,3.825,17800,-32.221
RollerBallRayBrain,4.174,75.692,3.844,17872,-32.315
RollerBallRayBrain,4.163,84.067,3.848,17440,-32.181
RollerBallRayBrain,3.967,92.246,3.844,17375,-32.177
RollerBallRayBrain,2.383,98.138,3.224,10656,-32.235
RollerBallRayBrain,2.419,101.645,0.997,10656,-32.287
RollerBallRayBrain,3.404,108.949,3.584,14652,-32.351
RollerBallRayBrain,2.411,114.493,2.885,10301,-32.162
RollerBallRayBrain,2.460,118.411,1.330,10689,-32.127
RollerBallRayBrain,3.108,125.416,3.567,13320,-32.185
RollerBallRayBrain,2.433,129.887,1.866,10345,-32.109
RollerBallRayBrain,2.440,134.821,2.280,10656,-32.153
RollerBallRayBrain,3.168,142.004,3.683,13920,-32.051
RollerBallRayBrain,2.460,146.069,1.462,10704,-32.029
RollerBallRayBrain,2.428,151.180,2.445,10656,-32.070
RollerBallRayBrain,2.406,157.097,3.209,10759,-32.054
RollerBallRayBrain,2.482,160.990,1.279,10656,-32.092
RollerBallRayBrain,2.686,167.204,3.232,11694,-32.042
RollerBallRayBrain,2.440,171.289,1.507,10656,-32.078
RollerBallRayBrain,2.441,176.686,2.699,10656,-32.112
RollerBallRayBrain,2.400,181.951,2.605,10325,-32.058
RollerBallRayBrain,2.413,186.346,1.813,10697,-32.040
RollerBallRayBrain,2.720,192.454,3.115,11988,-32.076
RollerBallRayBrain,2.483,196.576,1.531,10656,-32.106
RollerBallRayBrain,2.441,201.975,2.721,10509,-32.076
RollerBallRayBrain,2.396,207.207,2.589,10255,-32.073
RollerBallRayBrain,2.401,211.824,2.020,10656,-32.102
RollerBallRayBrain,2.736,217.758,2.931,12033,-32.089
RollerBallRayBrain,2.441,222.162,1.797,10745,-32.031
RollerBallRayBrain,2.691,227.626,2.533,11535,-31.985
RollerBallRayBrain,2.917,234.402,3.538,12654,-32.018
RollerBallRayBrain,2.412,238.391,1.453,10245,-31.932
RollerBallRayBrain,2.428,243.869,2.800,10656,-31.960
RollerBallRayBrain,2.436,248.969,2.451,10656,-31.986
RollerBallRayBrain,2.448,253.754,2.132,10804,-31.980
RollerBallRayBrain,2.650,259.641,2.959,11322,-32.007
RollerBallRayBrain,2.478,263.704,1.452,10844,-31.965
RollerBallRayBrain,2.461,269.234,2.798,10656,-31.989
RollerBallRayBrain,2.418,274.406,2.527,10753,-31.981
RollerBallRayBrain,2.459,279.097,2.033,10656,-32.004
RollerBallRayBrain,2.399,284.685,2.912,10656,-32.026
RollerBallRayBrain,2.435,288.684,1.434,10773,-31.985
RollerBallRayBrain,2.393,294.114,2.775,10243,-31.950
RollerBallRayBrain,2.480,298.892,2.099,10514,-31.863
RollerBallRayBrain,2.413,303.819,2.294,10264,-31.866
RollerBallRayBrain,2.416,308.861,2.380,10656,-31.888
RollerBallRayBrain,2.462,313.482,1.989,10770,-31.884
RollerBallRayBrain,2.435,319.133,2.941,10656,-31.905
RollerBallRayBrain,2.407,323.613,1.905,10756,-31.900
RollerBallRayBrain,2.405,328.761,2.490,10656,-31.921
RollerBallRayBrain,2.411,333.549,2.183,10656,-31.941
RollerBallRayBrain,2.412,338.399,2.245,10656,-31.960
RollerBallRayBrain,2.420,343.953,2.844,10656,-31.979
RollerBallRayBrain,2.471,348.303,1.725,10738,-31.972
RollerBallRayBrain,2.364,353.585,2.674,10656,-31.990
RollerBallRayBrain,2.410,358.332,2.129,10841,-31.988
RollerBallRayBrain,2.446,363.111,2.121,10774,-31.983
RollerBallRayBrain,2.438,368.619,2.816,10697,-31.975
RollerBallRayBrain,2.412,373.134,1.911,10748,-31.970
RollerBallRayBrain,2.491,378.512,2.649,10656,-31.987
RollerBallRayBrain,2.430,383.252,2.132,10735,-31.980
RollerBallRayBrain,2.431,387.990,2.112,10656,-31.997
RollerBallRayBrain,2.634,393.730,2.818,11322,-32.014
RollerBallRayBrain,2.462,398.321,1.941,10715,-32.006
RollerBallRayBrain,2.407,403.402,2.435,10310,-31.984
RollerBallRayBrain,2.438,408.196,2.163,10871,-31.959
RollerBallRayBrain,2.367,412.969,2.202,10263,-31.960
RollerBallRayBrain,2.424,418.056,2.432,10756,-31.955
RollerBallRayBrain,2.427,422.683,2.011,10656,-31.970
RollerBallRayBrain,2.430,427.976,2.592,10656,-31.985
RollerBallRayBrain,2.402,432.727,2.142,10257,-31.939
RollerBallRayBrain,2.446,437.707,2.313,10612,-31.907
RollerBallRayBrain,2.394,442.399,2.115,10726,-31.902
RollerBallRayBrain,2.417,447.770,2.687,10409,-31.908
RollerBallRayBrain,2.700,452.662,2.011,11563,-31.888
RollerBallRayBrain,2.389,458.008,2.701,10737,-31.884
RollerBallRayBrain,2.415,462.570,1.964,10740,-31.880
RollerBallRayBrain,2.429,467.592,2.391,10792,-31.835
RollerBallRayBrain,2.432,472.382,2.161,10543,-31.804
RollerBallRayBrain,2.443,477.428,2.377,10865,-31.784
RollerBallRayBrain,2.455,482.867,2.733,10801,-31.783
RollerBallRayBrain,2.443,487.599,2.089,10778,-31.762
RollerBallRayBrain,2.393,492.374,2.187,10248,-31.744
RollerBallRayBrain,2.394,496.895,1.973,10349,-31.729
RollerBallRayBrain,2.442,502.020,2.444,10656,-31.744
RollerBallRayBrain,2.498,507.314,2.545,10806,-31.744
RollerBallRayBrain,2.439,512.377,2.403,10733,-31.741
RollerBallRayBrain,2.482,516.986,1.929,10743,-31.739
RollerBallRayBrain,2.456,521.941,2.270,10383,-31.707
RollerBallRayBrain,2.327,526.648,2.191,10349,-31.655
RollerBallRayBrain,2.409,531.562,2.297,10474,-31.646
RollerBallRayBrain,2.462,537.014,2.711,10882,-31.612
RollerBallRayBrain,2.376,541.718,2.127,10680,-31.609
RollerBallRayBrain,2.332,546.370,2.142,10526,-31.602
RollerBallRayBrain,2.271,550.989,2.167,10333,-31.572
RollerBallRayBrain,2.305,555.700,2.207,10597,-31.550
RollerBallRayBrain,2.294,560.336,2.155,10367,-31.470
RollerBallRayBrain,2.334,564.743,1.899,10468,-31.446
RollerBallRayBrain,2.347,570.083,2.753,10440,-31.422
RollerBallRayBrain,2.293,574.780,2.196,10656,-31.437
RollerBallRayBrain,2.386,579.274,1.927,10654,-31.435
RollerBallRayBrain,2.257,584.160,2.418,10385,-31.427
RollerBallRayBrain,2.294,588.681,2.040,10389,-31.402
RollerBallRayBrain,2.285,593.161,2.022,10336,-31.392
RollerBallRayBrain,2.290,598.488,2.766,10266,-31.365
RollerBallRayBrain,2.331,602.764,1.777,10774,-31.367
RollerBallRayBrain,2.313,607.719,2.428,10456,-31.345
RollerBallRayBrain,2.302,611.971,1.800,10557,-31.311
RollerBallRayBrain,2.326,616.836,2.338,10244,-31.254
RollerBallRayBrain,2.290,621.686,2.359,10500,-31.265
