Brain name,Time to update policy,Time since start of training,Time for last experience collection,Number of experiences used for training,Mean return
RollerBallRayBrain,0.627,5.070,2.780,10417,-1.000
RollerBallRayBrain,0.565,8.221,2.353,10896,-29.857
RollerBallRayBrain,0.720,11.522,2.326,10526,-29.609
RollerBallRayBrain,0.554,15.006,2.673,10978,-30.825
RollerBallRayBrain,0.508,17.836,2.090,10546,-30.743
RollerBallRayBrain,0.525,20.824,2.248,10804,-31.119
RollerBallRayBrain,0.522,23.808,2.233,10960,-31.107
RollerBallRayBrain,0.485,26.589,2.096,10480,-31.200
RollerBallRayBrain,0.488,29.537,2.238,10954,-31.341
RollerBallRayBrain,0.499,32.339,2.074,10513,-31.381
RollerBallRayBrain,0.506,35.325,2.233,10958,-31.348
RollerBallRayBrain,0.564,38.366,2.254,10902,-31.336
RollerBallRayBrain,0.501,41.305,2.213,10416,-31.305
RollerBallRayBrain,0.521,44.387,2.306,10963,-31.507
RollerBallRayBrain,0.536,47.317,2.169,10462,-31.458
RollerBallRayBrain,0.516,50.500,2.402,10990,-31.518
RollerBallRayBrain,0.534,53.785,2.508,11012,-31.658
RollerBallRayBrain,0.508,56.820,2.282,10447,-31.698
RollerBallRayBrain,0.545,60.108,2.504,11012,-31.812
RollerBallRayBrain,0.518,63.169,2.296,10505,-31.655
RollerBallRayBrain,0.573,66.466,2.463,10884,-31.680
RollerBallRayBrain,0.494,69.585,2.387,10273,-31.622
RollerBallRayBrain,0.487,72.551,2.233,10272,-31.575
RollerBallRayBrain,0.473,75.554,2.298,10351,-31.518
RollerBallRayBrain,0.477,78.379,2.140,10436,-31.475
RollerBallRayBrain,0.506,81.623,2.475,10898,-31.574
RollerBallRayBrain,0.517,84.612,2.250,10915,-31.651
RollerBallRayBrain,0.607,87.733,2.253,10540,-31.554
RollerBallRayBrain,0.484,90.622,2.192,10254,-31.575
RollerBallRayBrain,0.675,93.558,2.053,10330,-31.573
RollerBallRayBrain,0.498,96.420,2.150,10265,-31.641
RollerBallRayBrain,0.605,99.388,2.154,10383,-31.608
RollerBallRayBrain,0.491,102.391,2.286,10297,-31.677
RollerBallRayBrain,0.472,105.084,2.020,10298,-31.729
RollerBallRayBrain,0.612,108.148,2.256,10305,-31.708
RollerBallRayBrain,0.496,111.039,2.185,10606,-31.765
RollerBallRayBrain,0.464,113.808,2.094,10585,-31.685
RollerBallRayBrain,0.479,116.805,2.273,10297,-31.742
RollerBallRayBrain,0.474,119.528,2.046,10347,-31.783
RollerBallRayBrain,0.597,122.503,2.144,10352,-31.765
RollerBallRayBrain,0.563,125.869,2.531,10586,-31.777
RollerBallRayBrain,0.510,128.963,2.340,10577,-31.793
RollerBallRayBrain,0.469,131.765,2.124,10263,-31.753
RollerBallRayBrain,0.608,134.677,2.092,10268,-31.770
RollerBallRayBrain,0.459,137.521,2.152,10250,-31.771
RollerBallRayBrain,0.477,140.263,2.041,10299,-31.800
RollerBallRayBrain,0.474,143.281,2.309,10242,-31.804
RollerBallRayBrain,0.484,146.179,2.204,10346,-31.844
RollerBallRayBrain,0.503,149.169,2.240,10293,-31.781
RollerBallRayBrain,0.477,151.964,2.116,10249,-31.817
RollerBallRayBrain,0.547,154.877,2.151,10275,-31.797
RollerBallRayBrain,0.457,157.685,2.133,10316,-31.800
RollerBallRayBrain,0.673,160.739,2.161,10250,-31.826
RollerBallRayBrain,0.470,163.604,2.175,10281,-31.789
RollerBallRayBrain,0.616,166.555,2.116,10263,-31.815
RollerBallRayBrain,0.481,169.429,2.152,10293,-31.805
RollerBallRayBrain,0.569,172.317,2.113,10282,-31.833
RollerBallRayBrain,0.490,175.185,2.165,10363,-31.841
RollerBallRayBrain,0.467,178.056,2.167,10293,-31.815
RollerBallRayBrain,0.464,181.037,2.309,10265,-31.808
RollerBallRayBrain,0.461,183.727,2.026,10281,-31.809
RollerBallRayBrain,0.470,186.674,2.228,10282,-31.834
RollerBallRayBrain,0.475,189.441,2.071,10297,-31.823
RollerBallRayBrain,0.469,192.435,2.295,10298,-31.788
RollerBallRayBrain,0.462,195.115,2.017,10283,-31.807
RollerBallRayBrain,0.468,198.104,2.294,10314,-31.833
RollerBallRayBrain,0.483,200.912,2.122,10316,-31.820
RollerBallRayBrain,0.482,203.803,2.176,10282,-31.788
RollerBallRayBrain,0.467,206.564,2.101,10261,-31.759
RollerBallRayBrain,0.597,209.551,2.164,10250,-31.732
RollerBallRayBrain,0.473,212.363,2.097,10267,-31.735
RollerBallRayBrain,0.592,215.170,2.030,10282,-31.732
RollerBallRayBrain,0.470,218.051,2.184,10253,-31.732
RollerBallRayBrain,0.494,220.963,2.193,10296,-31.730
RollerBallRayBrain,0.477,223.871,2.201,10247,-31.707
RollerBallRayBrain,0.453,226.657,2.104,10298,-31.730
RollerBallRayBrain,0.465,229.592,2.264,10267,-31.745
RollerBallRayBrain,0.471,232.347,2.065,10266,-31.764
RollerBallRayBrain,0.503,235.377,2.301,10248,-31.720
RollerBallRayBrain,0.490,238.227,2.129,10364,-31.737
RollerBallRayBrain,0.680,241.376,2.234,10345,-31.723
RollerBallRayBrain,0.485,244.116,2.048,10262,-31.711
RollerBallRayBrain,0.664,247.181,2.185,10360,-31.693
RollerBallRayBrain,0.483,250.046,2.176,10288,-31.667
RollerBallRayBrain,0.487,252.865,2.112,10285,-31.645
RollerBallRayBrain,0.479,255.929,2.310,10283,-31.619
RollerBallRayBrain,0.466,258.696,2.092,10263,-31.546
RollerBallRayBrain,0.498,261.713,2.271,10305,-31.483
RollerBallRayBrain,0.481,264.536,2.125,10304,-31.444
RollerBallRayBrain,0.471,267.597,2.346,10271,-31.349
RollerBallRayBrain,0.508,270.347,2.036,10242,-31.270
RollerBallRayBrain,0.475,273.373,2.312,10285,-31.224
RollerBallRayBrain,0.464,276.195,2.130,10248,-31.200
RollerBallRayBrain,0.485,279.314,2.399,10292,-31.049
RollerBallRayBrain,0.483,282.079,2.087,10281,-31.016
RollerBallRayBrain,0.492,285.159,2.349,10353,-30.965
RollerBallRayBrain,0.469,287.981,2.153,10298,-30.913
RollerBallRayBrain,0.623,291.075,2.239,10280,-30.854
RollerBallRayBrain,0.472,293.887,2.140,10301,-30.808
RollerBallRayBrain,0.693,297.142,2.314,10304,-30.802
RollerBallRayBrain,0.482,299.990,2.148,10298,-30.731
RollerBallRayBrain,0.595,302.990,2.186,10282,-30.586
RollerBallRayBrain,0.477,305.926,2.235,10303,-30.535
RollerBallRayBrain,0.468,308.733,2.132,10408,-30.469
RollerBallRayBrain,0.522,311.905,2.418,10251,-30.364
RollerBallRayBrain,0.474,314.772,2.161,10304,-30.215
RollerBallRayBrain,0.686,317.963,2.265,10305,-30.158
RollerBallRayBrain,0.477,320.816,2.149,10302,-30.095
RollerBallRayBrain,0.743,323.985,2.205,10259,-29.948
RollerBallRayBrain,0.479,326.840,2.163,10278,-29.875
RollerBallRayBrain,0.485,329.690,2.162,10250,-29.718
RollerBallRayBrain,0.636,333.758,3.121,10334,-29.540
RollerBallRayBrain,0.758,337.960,3.128,10297,-29.397
RollerBallRayBrain,0.685,342.275,3.325,10281,-29.202
RollerBallRayBrain,0.662,346.297,3.071,10402,-28.981
RollerBallRayBrain,0.621,350.141,2.912,10381,-28.783
RollerBallRayBrain,0.473,353.619,2.713,10347,-28.655
RollerBallRayBrain,0.478,356.427,2.125,10295,-28.575
RollerBallRayBrain,0.530,359.408,2.233,10277,-28.447
RollerBallRayBrain,0.565,362.598,2.347,10241,-28.286
RollerBallRayBrain,0.488,365.597,2.291,10336,-28.192
RollerBallRayBrain,0.470,368.502,2.204,10255,-28.078
RollerBallRayBrain,0.473,371.438,2.231,10247,-27.895
RollerBallRayBrain,0.497,374.372,2.219,10255,-27.794
RollerBallRayBrain,0.512,377.323,2.220,10288,-27.651
RollerBallRayBrain,0.504,380.314,2.264,10261,-27.376
RollerBallRayBrain,0.501,383.239,2.209,10260,-27.218
RollerBallRayBrain,0.503,386.214,2.245,10246,-27.080
RollerBallRayBrain,0.500,389.185,2.252,10304,-26.900
