Brain name,Time to update policy,Time since start of training,Time for last experience collection,Number of experiences used for training,Mean return
RollerBallRayBrain,0.527,4.667,2.646,10450,-12.783
RollerBallRayBrain,0.508,7.599,2.202,10925,-30.939
RollerBallRayBrain,0.496,10.372,2.063,10455,-29.718
RollerBallRayBrain,0.500,13.300,2.207,10920,-30.545
RollerBallRayBrain,0.507,16.177,2.143,10562,-29.715
RollerBallRayBrain,0.499,19.161,2.250,10644,-29.004
RollerBallRayBrain,0.493,22.133,2.248,10901,-29.063
RollerBallRayBrain,0.484,25.031,2.194,10395,-28.148
RollerBallRayBrain,0.469,28.064,2.341,10287,-28.529
RollerBallRayBrain,0.467,30.754,2.036,10267,-28.874
RollerBallRayBrain,0.459,33.480,2.066,10264,-29.234
RollerBallRayBrain,0.456,36.291,2.143,10280,-29.460
RollerBallRayBrain,0.467,39.040,2.084,10289,-29.493
RollerBallRayBrain,0.470,41.787,2.082,10278,-29.604
RollerBallRayBrain,0.460,44.577,2.119,10297,-29.548
RollerBallRayBrain,0.462,47.404,2.146,10279,-29.239
RollerBallRayBrain,0.476,50.169,2.087,10293,-29.232
RollerBallRayBrain,0.460,52.896,2.063,10300,-29.095
RollerBallRayBrain,0.464,55.693,2.127,10275,-29.114
RollerBallRayBrain,0.467,58.468,2.090,10303,-29.136
RollerBallRayBrain,0.471,61.277,2.137,10365,-29.030
RollerBallRayBrain,0.469,64.072,2.130,10256,-28.582
RollerBallRayBrain,0.466,66.837,2.097,10349,-28.231
RollerBallRayBrain,0.464,69.630,2.123,10268,-27.895
RollerBallRayBrain,0.461,72.397,2.087,10283,-27.932
RollerBallRayBrain,0.461,75.191,2.097,10264,-27.739
RollerBallRayBrain,0.459,77.981,2.142,10292,-27.611
RollerBallRayBrain,0.456,80.700,2.057,10248,-27.529
RollerBallRayBrain,0.462,83.463,2.107,10245,-27.352
RollerBallRayBrain,0.462,86.275,2.138,10249,-27.349
RollerBallRayBrain,0.462,89.016,2.070,10286,-27.167
RollerBallRayBrain,0.468,91.805,2.122,10265,-27.180
RollerBallRayBrain,0.502,94.666,2.144,10361,-26.943
RollerBallRayBrain,0.472,97.471,2.120,10267,-26.773
RollerBallRayBrain,0.471,100.269,2.136,10273,-26.696
RollerBallRayBrain,0.461,103.037,2.118,10278,-26.559
RollerBallRayBrain,0.488,105.849,2.132,10243,-26.483
RollerBallRayBrain,0.473,108.633,2.109,10315,-26.217
RollerBallRayBrain,0.473,111.488,2.179,10261,-26.005
RollerBallRayBrain,0.457,114.306,2.160,10319,-25.811
RollerBallRayBrain,0.464,117.134,2.152,10351,-25.545
RollerBallRayBrain,0.488,119.952,2.109,10252,-25.457
RollerBallRayBrain,0.469,122.768,2.144,10289,-25.325
RollerBallRayBrain,0.468,125.700,2.261,10364,-24.934
RollerBallRayBrain,0.457,128.512,2.159,10481,-24.667
RollerBallRayBrain,0.459,131.349,2.168,10263,-24.404
RollerBallRayBrain,0.455,134.096,2.083,10320,-24.186
RollerBallRayBrain,0.466,136.889,2.124,10286,-23.934
RollerBallRayBrain,0.464,139.682,2.147,10276,-23.776
RollerBallRayBrain,0.466,142.471,2.115,10264,-23.656
RollerBallRayBrain,0.472,145.267,2.117,10374,-23.432
RollerBallRayBrain,0.472,148.162,2.206,10268,-23.106
RollerBallRayBrain,0.464,150.865,2.060,10266,-22.949
RollerBallRayBrain,0.458,153.665,2.166,10279,-22.788
RollerBallRayBrain,0.456,156.525,2.200,10259,-22.617
RollerBallRayBrain,0.461,159.295,2.112,10298,-22.339
RollerBallRayBrain,0.469,162.078,2.119,10246,-22.346
RollerBallRayBrain,0.463,164.915,2.175,10260,-22.154
RollerBallRayBrain,0.468,167.699,2.133,10402,-21.929
RollerBallRayBrain,0.464,170.551,2.168,10282,-21.748
RollerBallRayBrain,0.465,173.365,2.156,10336,-21.582
RollerBallRayBrain,0.449,176.270,2.244,10249,-21.377
RollerBallRayBrain,0.464,179.126,2.192,10300,-21.040
RollerBallRayBrain,0.461,181.861,2.081,10264,-20.964
RollerBallRayBrain,0.472,184.790,2.233,10255,-20.749
RollerBallRayBrain,0.455,187.612,2.172,10293,-20.531
RollerBallRayBrain,0.458,190.576,2.283,10302,-20.253
RollerBallRayBrain,0.467,193.405,2.146,10256,-19.952
RollerBallRayBrain,0.452,196.322,2.247,10254,-19.618
RollerBallRayBrain,0.509,199.222,2.186,10303,-19.390
RollerBallRayBrain,0.463,202.134,2.238,10243,-19.199
RollerBallRayBrain,0.467,204.990,2.186,10252,-19.013
RollerBallRayBrain,0.494,207.933,2.217,10312,-18.833
RollerBallRayBrain,0.459,210.833,2.242,10294,-18.522
RollerBallRayBrain,0.471,213.701,2.188,10400,-18.255
RollerBallRayBrain,0.474,216.753,2.357,10290,-17.865
RollerBallRayBrain,0.473,219.593,2.161,10264,-17.645
RollerBallRayBrain,0.475,222.557,2.267,10299,-17.352
RollerBallRayBrain,0.478,225.568,2.307,10334,-17.081
RollerBallRayBrain,0.470,228.505,2.264,10250,-16.841
RollerBallRayBrain,0.477,231.452,2.256,10317,-16.583
RollerBallRayBrain,0.470,234.440,2.311,10287,-16.334
RollerBallRayBrain,0.463,237.410,2.304,10341,-16.083
RollerBallRayBrain,0.470,240.395,2.300,10250,-15.831
RollerBallRayBrain,0.501,243.308,2.205,10270,-15.651
RollerBallRayBrain,0.457,246.291,2.295,10246,-15.457
RollerBallRayBrain,0.462,249.248,2.288,10254,-15.246
RollerBallRayBrain,0.465,252.247,2.304,10255,-14.982
RollerBallRayBrain,0.467,255.184,2.247,10293,-14.825
RollerBallRayBrain,0.464,258.125,2.279,10299,-14.625
RollerBallRayBrain,0.457,261.164,2.354,10278,-14.365
RollerBallRayBrain,0.466,264.142,2.296,10295,-14.148
RollerBallRayBrain,0.467,267.051,2.234,10248,-13.998
RollerBallRayBrain,0.479,270.037,2.279,10288,-13.865
RollerBallRayBrain,0.458,273.017,2.307,10283,-13.692
RollerBallRayBrain,0.469,276.001,2.299,10261,-13.534
RollerBallRayBrain,0.467,278.977,2.315,10269,-13.372
RollerBallRayBrain,0.469,281.959,2.307,10246,-13.187
RollerBallRayBrain,0.479,284.957,2.309,10350,-12.982
RollerBallRayBrain,0.475,287.917,2.280,10251,-12.829
RollerBallRayBrain,0.472,290.932,2.346,10258,-12.655
RollerBallRayBrain,0.465,293.890,2.274,10262,-12.480
RollerBallRayBrain,0.471,296.919,2.351,10276,-12.283
RollerBallRayBrain,0.473,299.892,2.300,10425,-12.126
RollerBallRayBrain,0.459,302.843,2.294,10249,-12.020
RollerBallRayBrain,0.469,305.848,2.321,10283,-11.897
RollerBallRayBrain,0.477,308.810,2.273,10265,-11.782
RollerBallRayBrain,0.471,311.789,2.277,10283,-11.666
RollerBallRayBrain,0.482,314.870,2.388,10255,-11.504
RollerBallRayBrain,0.471,317.936,2.382,10249,-11.329
RollerBallRayBrain,0.476,321.038,2.413,10260,-11.150
RollerBallRayBrain,0.477,324.096,2.366,10263,-10.999
RollerBallRayBrain,0.468,327.248,2.467,10283,-10.845
RollerBallRayBrain,0.468,330.335,2.382,10271,-10.730
RollerBallRayBrain,0.467,333.356,2.346,10260,-10.617
RollerBallRayBrain,0.462,336.378,2.350,10243,-10.513
RollerBallRayBrain,0.482,339.458,2.378,10282,-10.385
RollerBallRayBrain,0.476,342.625,2.462,10293,-10.263
RollerBallRayBrain,0.492,345.724,2.403,10272,-10.119
RollerBallRayBrain,0.472,348.845,2.425,10270,-9.981
RollerBallRayBrain,0.481,351.892,2.342,10330,-9.907
RollerBallRayBrain,0.488,355.065,2.443,10277,-9.816
RollerBallRayBrain,0.468,358.060,2.335,10301,-9.746
RollerBallRayBrain,0.484,361.087,2.321,10255,-9.688
RollerBallRayBrain,0.457,364.194,2.441,10276,-9.584
RollerBallRayBrain,0.466,367.242,2.353,10245,-9.498
RollerBallRayBrain,0.475,370.260,2.338,10244,-9.417
RollerBallRayBrain,0.466,373.291,2.350,10286,-9.342
RollerBallRayBrain,0.456,376.306,2.336,10287,-9.263
RollerBallRayBrain,0.447,379.293,2.344,10249,-9.183
