Brain name,Time to update policy,Time since start of training,Time for last experience collection,Number of experiences used for training,Mean return
RollerBallRayBrain,0.513,4.646,2.658,10444,-3.300
RollerBallRayBrain,0.503,7.564,2.194,10906,-31.202
RollerBallRayBrain,0.497,10.296,2.030,10546,-31.274
RollerBallRayBrain,0.515,13.194,2.207,10908,-31.790
RollerBallRayBrain,0.501,15.929,2.016,10530,-31.790
RollerBallRayBrain,0.502,18.847,2.215,10962,-32.276
RollerBallRayBrain,0.487,21.721,2.166,10995,-32.511
RollerBallRayBrain,0.473,24.410,2.043,10456,-32.294
RollerBallRayBrain,0.476,27.265,2.182,10911,-32.041
RollerBallRayBrain,0.458,29.964,2.022,10530,-32.041
RollerBallRayBrain,0.467,32.865,2.218,10864,-32.075
RollerBallRayBrain,0.476,35.757,2.191,11023,-32.079
RollerBallRayBrain,0.467,38.479,2.054,10471,-32.034
RollerBallRayBrain,0.476,41.377,2.209,10865,-31.956
RollerBallRayBrain,0.458,44.089,2.033,10514,-31.852
RollerBallRayBrain,0.463,46.979,2.206,10849,-31.861
RollerBallRayBrain,0.455,49.818,2.176,10366,-31.555
RollerBallRayBrain,0.485,52.524,2.018,10297,-31.508
RollerBallRayBrain,0.456,55.122,1.948,10264,-31.646
RollerBallRayBrain,0.448,57.819,2.031,10318,-31.662
RollerBallRayBrain,0.450,60.664,2.171,10264,-31.778
RollerBallRayBrain,0.459,63.266,1.949,10331,-31.846
RollerBallRayBrain,0.496,66.017,2.064,10305,-31.667
RollerBallRayBrain,0.493,69.320,2.553,10823,-31.709
RollerBallRayBrain,0.456,72.114,2.124,10463,-31.535
RollerBallRayBrain,0.455,74.953,2.170,10248,-31.420
RollerBallRayBrain,0.451,77.588,1.989,10298,-31.383
RollerBallRayBrain,0.450,80.274,2.033,10255,-31.445
RollerBallRayBrain,0.457,83.015,2.072,10278,-31.408
RollerBallRayBrain,0.449,85.679,2.020,10269,-31.399
RollerBallRayBrain,0.482,88.423,2.064,10247,-31.421
RollerBallRayBrain,0.466,91.212,2.122,10258,-31.383
RollerBallRayBrain,0.461,94.067,2.173,10286,-31.394
RollerBallRayBrain,0.467,96.792,2.043,10258,-31.367
RollerBallRayBrain,0.464,99.559,2.093,10297,-31.442
RollerBallRayBrain,0.478,102.317,2.051,10258,-31.457
RollerBallRayBrain,0.472,105.071,2.074,10262,-31.505
RollerBallRayBrain,0.470,107.823,2.075,10280,-31.510
RollerBallRayBrain,0.460,110.608,2.093,10296,-31.400
RollerBallRayBrain,0.480,113.403,2.106,10295,-31.366
RollerBallRayBrain,0.470,116.142,2.053,10295,-31.378
RollerBallRayBrain,0.466,118.919,2.106,10287,-31.310
RollerBallRayBrain,0.486,121.711,2.098,10301,-31.284
RollerBallRayBrain,0.462,124.507,2.119,10331,-31.253
RollerBallRayBrain,0.456,127.260,2.089,10258,-31.233
RollerBallRayBrain,0.466,130.009,2.074,10266,-31.199
RollerBallRayBrain,0.460,132.819,2.136,10275,-31.206
RollerBallRayBrain,0.459,135.594,2.108,10302,-31.174
RollerBallRayBrain,0.478,138.392,2.109,10317,-31.208
RollerBallRayBrain,0.472,141.170,2.101,10287,-31.217
RollerBallRayBrain,0.472,144.005,2.139,10279,-31.173
RollerBallRayBrain,0.493,146.814,2.088,10243,-31.155
RollerBallRayBrain,0.486,149.594,2.058,10272,-31.120
RollerBallRayBrain,0.487,152.404,2.114,10250,-31.076
RollerBallRayBrain,0.481,155.195,2.098,10303,-31.077
RollerBallRayBrain,0.486,157.959,2.067,10263,-31.035
RollerBallRayBrain,0.462,160.756,2.130,10349,-31.016
RollerBallRayBrain,0.469,163.564,2.136,10301,-30.951
RollerBallRayBrain,0.478,166.325,2.095,10288,-30.818
RollerBallRayBrain,0.484,169.157,2.135,10378,-30.708
RollerBallRayBrain,0.477,171.952,2.114,10246,-30.665
RollerBallRayBrain,0.469,174.756,2.106,10327,-30.565
RollerBallRayBrain,0.467,177.532,2.094,10281,-30.493
RollerBallRayBrain,0.470,180.285,2.071,10303,-30.429
RollerBallRayBrain,0.476,183.090,2.112,10244,-30.359
RollerBallRayBrain,0.466,185.866,2.095,10300,-30.386
RollerBallRayBrain,0.468,188.603,2.074,10268,-30.359
RollerBallRayBrain,0.471,191.373,2.117,10302,-30.350
RollerBallRayBrain,0.482,194.203,2.146,10294,-30.230
RollerBallRayBrain,0.488,197.072,2.167,10298,-30.020
RollerBallRayBrain,0.457,199.825,2.079,10268,-29.873
RollerBallRayBrain,0.473,202.583,2.075,10288,-29.819
RollerBallRayBrain,0.463,205.383,2.136,10253,-29.818
RollerBallRayBrain,0.482,208.195,2.135,10310,-29.712
RollerBallRayBrain,0.466,211.021,2.150,10301,-29.588
RollerBallRayBrain,0.467,213.803,2.121,10258,-29.496
RollerBallRayBrain,0.464,216.522,2.057,10280,-29.451
RollerBallRayBrain,0.456,219.376,2.180,10260,-29.299
RollerBallRayBrain,0.454,222.094,2.055,10272,-29.110
RollerBallRayBrain,0.466,224.876,2.110,10282,-29.058
RollerBallRayBrain,0.460,227.624,2.064,10257,-29.020
RollerBallRayBrain,0.459,230.455,2.164,10252,-28.876
RollerBallRayBrain,0.477,233.219,2.081,10294,-28.789
RollerBallRayBrain,0.471,236.026,2.122,10271,-28.612
RollerBallRayBrain,0.473,238.753,2.062,10299,-28.555
RollerBallRayBrain,0.468,241.604,2.154,10258,-28.480
RollerBallRayBrain,0.466,244.568,2.272,10369,-28.313
RollerBallRayBrain,0.465,247.246,2.023,10357,-28.282
RollerBallRayBrain,0.466,250.054,2.133,10242,-28.212
RollerBallRayBrain,0.475,252.838,2.094,10271,-28.104
RollerBallRayBrain,0.460,255.609,2.109,10303,-27.930
RollerBallRayBrain,0.463,258.386,2.122,10290,-27.825
RollerBallRayBrain,0.467,261.165,2.100,10265,-27.697
RollerBallRayBrain,0.461,263.979,2.143,10261,-27.453
RollerBallRayBrain,0.468,266.762,2.113,10367,-27.336
RollerBallRayBrain,0.463,269.590,2.153,10301,-27.177
RollerBallRayBrain,0.457,272.359,2.076,10280,-26.960
RollerBallRayBrain,0.453,275.183,2.167,10259,-26.879
RollerBallRayBrain,0.459,277.993,2.147,10281,-26.754
RollerBallRayBrain,0.447,280.720,2.103,10304,-26.579
RollerBallRayBrain,0.464,283.497,2.112,10291,-26.440
RollerBallRayBrain,0.461,286.237,2.109,10294,-26.251
RollerBallRayBrain,0.453,289.004,2.123,10346,-26.065
RollerBallRayBrain,0.456,291.784,2.129,10244,-25.934
RollerBallRayBrain,0.456,294.493,2.064,10289,-25.752
RollerBallRayBrain,0.448,297.241,2.094,10304,-25.550
RollerBallRayBrain,0.451,299.971,2.078,10313,-25.405
RollerBallRayBrain,0.449,302.734,2.113,10281,-25.291
RollerBallRayBrain,0.458,305.558,2.165,10287,-25.030
RollerBallRayBrain,0.546,308.447,2.141,10251,-24.920
RollerBallRayBrain,0.447,311.205,2.127,10304,-24.686
RollerBallRayBrain,0.455,313.988,2.127,10332,-24.537
RollerBallRayBrain,0.458,316.706,2.077,10293,-24.366
RollerBallRayBrain,0.447,319.480,2.129,10339,-24.089
RollerBallRayBrain,0.457,322.210,2.063,10297,-23.985
RollerBallRayBrain,0.455,324.933,2.085,10248,-23.873
RollerBallRayBrain,0.451,327.641,2.068,10242,-23.716
RollerBallRayBrain,0.450,330.402,2.121,10301,-23.541
RollerBallRayBrain,0.457,333.149,2.090,10247,-23.428
RollerBallRayBrain,0.454,335.764,1.968,10248,-23.338
RollerBallRayBrain,0.450,338.547,2.149,10282,-23.178
RollerBallRayBrain,0.443,341.251,2.079,10253,-23.101
RollerBallRayBrain,0.448,344.014,2.113,10272,-22.932
RollerBallRayBrain,0.454,346.755,2.104,10281,-22.705
RollerBallRayBrain,0.450,349.531,2.131,10304,-22.538
RollerBallRayBrain,0.450,352.204,2.039,10262,-22.419
RollerBallRayBrain,0.449,354.966,2.117,10289,-22.300
RollerBallRayBrain,0.456,357.710,2.099,10283,-22.193
RollerBallRayBrain,0.452,360.472,2.128,10346,-22.026
RollerBallRayBrain,0.468,363.240,2.117,10275,-21.852
