Brain name,Time to update policy,Time since start of training,Time for last experience collection,Number of experiences used for training,Mean return
RollerBallRayBrain,0.508,4.625,2.642,10442,-3.250
RollerBallRayBrain,0.507,7.535,2.191,11000,-30.595
RollerBallRayBrain,0.498,10.240,2.014,10480,-29.070
RollerBallRayBrain,0.535,13.178,2.202,10901,-30.346
RollerBallRayBrain,0.474,15.884,2.018,10464,-30.536
RollerBallRayBrain,0.469,18.784,2.213,10967,-30.984
RollerBallRayBrain,0.486,21.650,2.190,10963,-31.464
RollerBallRayBrain,0.467,24.355,2.065,10545,-31.543
RollerBallRayBrain,0.476,27.225,2.191,10914,-31.844
RollerBallRayBrain,0.459,29.937,2.033,10464,-31.884
RollerBallRayBrain,0.472,32.830,2.225,10875,-31.766
RollerBallRayBrain,0.463,35.692,2.200,11013,-31.838
RollerBallRayBrain,0.466,38.423,2.049,10559,-31.534
RollerBallRayBrain,0.469,41.292,2.200,10900,-31.603
RollerBallRayBrain,0.454,43.987,2.056,10480,-31.639
RollerBallRayBrain,0.464,46.843,2.170,11044,-31.795
RollerBallRayBrain,0.471,49.692,2.169,10915,-31.904
RollerBallRayBrain,0.460,52.400,2.071,10553,-31.855
RollerBallRayBrain,0.468,55.268,2.190,10939,-31.875
RollerBallRayBrain,0.459,57.974,2.036,10480,-31.898
RollerBallRayBrain,0.464,60.833,2.181,10997,-31.844
RollerBallRayBrain,0.462,63.669,2.156,10883,-31.917
RollerBallRayBrain,0.450,66.369,2.061,10494,-31.881
RollerBallRayBrain,0.445,69.214,2.195,10286,-31.830
RollerBallRayBrain,0.447,71.771,1.936,10291,-31.748
RollerBallRayBrain,0.447,74.420,2.029,10248,-31.832
RollerBallRayBrain,0.443,77.182,2.138,10285,-31.786
RollerBallRayBrain,0.453,79.864,2.035,10258,-31.729
RollerBallRayBrain,0.451,82.470,1.977,10292,-31.772
RollerBallRayBrain,0.450,85.142,2.039,10252,-31.595
RollerBallRayBrain,0.447,87.900,2.118,10271,-31.484
RollerBallRayBrain,0.441,90.559,2.040,10270,-31.408
RollerBallRayBrain,0.455,93.228,2.021,10299,-31.402
RollerBallRayBrain,0.448,95.902,2.029,10399,-31.344
RollerBallRayBrain,0.454,98.614,2.080,10287,-31.309
RollerBallRayBrain,0.548,101.550,2.183,10251,-31.243
RollerBallRayBrain,0.460,104.371,2.143,10303,-31.222
RollerBallRayBrain,0.506,107.070,2.011,10245,-31.161
RollerBallRayBrain,0.519,109.905,2.108,10262,-31.087
RollerBallRayBrain,0.456,112.753,2.181,10245,-30.980
RollerBallRayBrain,0.455,115.415,1.996,10304,-30.870
RollerBallRayBrain,0.484,118.239,2.118,10257,-30.803
RollerBallRayBrain,0.457,121.014,2.117,10248,-30.713
RollerBallRayBrain,0.450,123.757,2.078,10273,-30.602
RollerBallRayBrain,0.447,126.377,1.981,10244,-30.568
RollerBallRayBrain,0.454,129.179,2.147,10258,-30.476
RollerBallRayBrain,0.448,131.897,2.055,10274,-30.461
RollerBallRayBrain,0.453,134.598,2.054,10250,-30.287
RollerBallRayBrain,0.452,137.361,2.116,10295,-30.245
RollerBallRayBrain,0.457,140.168,2.152,10317,-30.199
RollerBallRayBrain,0.460,142.857,2.038,10242,-30.108
RollerBallRayBrain,0.457,145.645,2.124,10277,-29.782
RollerBallRayBrain,0.462,148.376,2.075,10263,-29.682
RollerBallRayBrain,0.461,151.141,2.093,10281,-29.492
RollerBallRayBrain,0.461,153.903,2.110,10285,-29.286
RollerBallRayBrain,0.450,156.614,2.051,10347,-29.189
RollerBallRayBrain,0.452,159.406,2.125,10272,-29.130
RollerBallRayBrain,0.454,162.113,2.065,10243,-28.950
RollerBallRayBrain,0.463,164.866,2.101,10325,-28.771
RollerBallRayBrain,0.448,167.613,2.092,10301,-28.641
RollerBallRayBrain,0.451,170.359,2.083,10302,-28.623
RollerBallRayBrain,0.471,173.112,2.061,10249,-28.529
RollerBallRayBrain,0.461,175.841,2.071,10324,-28.453
RollerBallRayBrain,0.452,178.592,2.096,10258,-28.437
RollerBallRayBrain,0.457,181.336,2.077,10270,-28.222
RollerBallRayBrain,0.451,184.063,2.065,10257,-28.035
RollerBallRayBrain,0.452,186.837,2.111,10298,-28.004
RollerBallRayBrain,0.452,189.573,2.078,10297,-27.917
RollerBallRayBrain,0.463,192.310,2.065,10305,-27.905
RollerBallRayBrain,0.458,195.095,2.112,10305,-27.860
RollerBallRayBrain,0.461,197.825,2.058,10254,-27.801
RollerBallRayBrain,0.448,200.554,2.056,10245,-27.757
RollerBallRayBrain,0.474,203.294,2.068,10251,-27.735
RollerBallRayBrain,0.452,206.062,2.108,10293,-27.496
RollerBallRayBrain,0.451,208.822,2.106,10267,-27.358
RollerBallRayBrain,0.459,211.519,2.037,10292,-27.311
RollerBallRayBrain,0.462,214.346,2.147,10253,-27.251
RollerBallRayBrain,0.451,217.117,2.087,10244,-27.253
RollerBallRayBrain,0.451,219.756,1.985,10292,-27.213
RollerBallRayBrain,0.468,222.561,2.132,10453,-27.082
RollerBallRayBrain,0.456,225.406,2.168,10251,-27.098
RollerBallRayBrain,0.464,228.153,2.085,10292,-27.035
RollerBallRayBrain,0.444,230.846,2.038,10241,-27.021
RollerBallRayBrain,0.452,233.580,2.093,10288,-26.991
RollerBallRayBrain,0.460,236.306,2.070,10276,-26.955
RollerBallRayBrain,0.455,239.028,2.065,10297,-26.894
RollerBallRayBrain,0.469,241.760,2.063,10279,-26.837
RollerBallRayBrain,0.467,244.584,2.139,10241,-26.827
RollerBallRayBrain,0.466,247.349,2.105,10368,-26.809
RollerBallRayBrain,0.452,250.101,2.092,10248,-26.741
RollerBallRayBrain,0.454,252.883,2.121,10291,-26.688
RollerBallRayBrain,0.452,255.614,2.075,10267,-26.622
RollerBallRayBrain,0.494,258.423,2.103,10288,-26.621
RollerBallRayBrain,0.472,261.199,2.085,10299,-26.533
RollerBallRayBrain,0.460,263.988,2.124,10261,-26.468
RollerBallRayBrain,0.466,266.731,2.058,10279,-26.446
RollerBallRayBrain,0.458,269.456,2.061,10270,-26.391
RollerBallRayBrain,0.462,272.230,2.099,10260,-26.324
RollerBallRayBrain,0.450,274.943,2.065,10264,-26.256
RollerBallRayBrain,0.450,277.728,2.120,10289,-26.172
RollerBallRayBrain,0.489,280.509,2.105,10263,-26.163
RollerBallRayBrain,0.476,283.333,2.133,10295,-26.141
RollerBallRayBrain,0.476,286.104,2.079,10245,-26.094
RollerBallRayBrain,0.492,288.963,2.154,10299,-25.993
RollerBallRayBrain,0.456,291.732,2.100,10275,-25.906
RollerBallRayBrain,0.451,294.508,2.139,10277,-25.858
RollerBallRayBrain,0.462,297.232,2.066,10280,-25.847
RollerBallRayBrain,0.461,299.954,2.064,10256,-25.864
RollerBallRayBrain,0.453,302.720,2.101,10241,-25.836
RollerBallRayBrain,0.452,305.393,2.034,10277,-25.747
RollerBallRayBrain,0.461,308.125,2.068,10267,-25.742
RollerBallRayBrain,0.477,310.958,2.139,10305,-25.702
RollerBallRayBrain,0.466,313.689,2.050,10261,-25.689
RollerBallRayBrain,0.460,316.484,2.118,10362,-25.595
RollerBallRayBrain,0.462,319.253,2.119,10284,-25.505
RollerBallRayBrain,0.456,322.034,2.112,10305,-25.408
RollerBallRayBrain,0.462,324.796,2.090,10287,-25.387
RollerBallRayBrain,0.472,327.572,2.105,10293,-25.320
RollerBallRayBrain,0.459,330.308,2.076,10256,-25.294
RollerBallRayBrain,0.467,333.043,2.082,10300,-25.272
RollerBallRayBrain,0.470,335.838,2.127,10301,-25.201
RollerBallRayBrain,0.458,338.578,2.086,10340,-25.154
RollerBallRayBrain,0.457,341.311,2.082,10284,-25.173
RollerBallRayBrain,0.466,344.106,2.137,10343,-25.064
RollerBallRayBrain,0.458,346.827,2.068,10365,-25.063
RollerBallRayBrain,0.457,349.537,2.056,10308,-25.078
RollerBallRayBrain,0.447,352.276,2.093,10247,-25.065
RollerBallRayBrain,0.453,354.962,2.025,10274,-25.031
RollerBallRayBrain,0.452,357.710,2.092,10264,-25.018
