Brain name,Time to update policy,Time since start of training,Time for last experience collection,Number of experiences used for training,Mean return
RollerBallRayBrain,0.522,4.583,2.554,10528,-2.100
RollerBallRayBrain,0.490,7.408,2.147,10866,-31.210
RollerBallRayBrain,0.489,10.019,1.947,10530,-31.210
RollerBallRayBrain,0.489,12.812,2.128,10784,-31.197
RollerBallRayBrain,0.479,15.440,1.978,10530,-31.197
RollerBallRayBrain,0.461,18.217,2.114,10863,-31.576
RollerBallRayBrain,0.465,20.994,2.119,10931,-31.783
RollerBallRayBrain,0.446,23.573,1.981,10546,-31.796
RollerBallRayBrain,0.460,26.339,2.103,10895,-31.892
RollerBallRayBrain,0.451,28.940,1.946,10562,-31.912
RollerBallRayBrain,0.451,31.711,2.091,10913,-31.975
RollerBallRayBrain,0.461,34.474,2.095,10930,-32.145
RollerBallRayBrain,0.445,37.065,1.961,10555,-32.017
RollerBallRayBrain,0.515,39.937,2.139,10895,-32.135
RollerBallRayBrain,0.464,42.651,2.056,10611,-32.126
RollerBallRayBrain,0.476,45.458,2.148,10898,-32.234
RollerBallRayBrain,0.477,48.512,2.346,10887,-32.256
RollerBallRayBrain,0.457,51.217,2.044,10585,-32.232
RollerBallRayBrain,0.503,54.060,2.149,10875,-32.243
RollerBallRayBrain,0.437,56.690,2.007,10626,-32.263
RollerBallRayBrain,0.450,59.420,2.083,10801,-32.329
RollerBallRayBrain,0.432,62.069,2.051,10247,-32.274
RollerBallRayBrain,0.443,64.552,1.896,10298,-32.262
RollerBallRayBrain,0.430,67.122,1.980,10268,-32.150
RollerBallRayBrain,0.459,69.974,2.167,10358,-32.058
RollerBallRayBrain,0.440,72.700,2.069,10275,-32.070
RollerBallRayBrain,0.449,75.338,2.008,10323,-32.054
RollerBallRayBrain,0.447,78.001,2.029,10268,-32.010
RollerBallRayBrain,0.441,80.741,2.086,10253,-31.906
RollerBallRayBrain,0.447,83.382,2.010,10301,-31.888
RollerBallRayBrain,0.444,85.984,1.982,10363,-31.938
RollerBallRayBrain,0.441,88.587,1.971,10251,-31.967
RollerBallRayBrain,0.447,91.297,2.061,10241,-32.013
RollerBallRayBrain,0.445,93.824,1.904,10266,-32.051
RollerBallRayBrain,0.456,96.432,1.964,10254,-32.040
RollerBallRayBrain,0.493,99.181,2.064,10347,-32.077
RollerBallRayBrain,0.469,101.930,2.096,10250,-31.944
RollerBallRayBrain,0.460,104.706,2.106,10299,-31.975
RollerBallRayBrain,0.471,107.671,2.259,10286,-31.920
RollerBallRayBrain,0.435,110.293,2.014,10255,-31.937
RollerBallRayBrain,0.436,112.858,1.948,10246,-31.940
RollerBallRayBrain,0.447,115.515,2.022,10413,-31.966
RollerBallRayBrain,0.427,118.064,1.952,10286,-31.874
RollerBallRayBrain,0.430,120.609,1.936,10250,-31.904
RollerBallRayBrain,0.433,123.159,1.932,10340,-31.929
RollerBallRayBrain,0.442,125.957,2.161,10299,-31.955
RollerBallRayBrain,0.430,128.556,2.000,10311,-31.947
RollerBallRayBrain,0.434,131.134,1.970,10246,-31.935
RollerBallRayBrain,0.436,133.711,1.969,10298,-31.915
RollerBallRayBrain,0.426,136.259,1.971,10357,-31.896
RollerBallRayBrain,0.430,138.744,1.888,10283,-31.918
RollerBallRayBrain,0.429,141.304,1.949,10269,-31.914
RollerBallRayBrain,0.433,143.881,1.991,10257,-31.857
RollerBallRayBrain,0.429,146.378,1.905,10323,-31.878
RollerBallRayBrain,0.441,148.908,1.932,10275,-31.866
RollerBallRayBrain,0.437,151.480,1.958,10259,-31.884
RollerBallRayBrain,0.428,154.009,1.939,10265,-31.871
RollerBallRayBrain,0.426,156.500,1.895,10302,-31.885
RollerBallRayBrain,0.429,159.072,1.974,10261,-31.881
RollerBallRayBrain,0.426,161.640,1.973,10364,-31.897
RollerBallRayBrain,0.431,164.115,1.891,10281,-31.895
RollerBallRayBrain,0.431,166.656,1.942,10278,-31.885
RollerBallRayBrain,0.426,169.228,1.974,10272,-31.865
RollerBallRayBrain,0.430,171.756,1.930,10284,-31.784
RollerBallRayBrain,0.426,174.257,1.908,10276,-31.784
RollerBallRayBrain,0.432,176.833,1.990,10263,-31.749
RollerBallRayBrain,0.431,179.401,1.959,10243,-31.743
RollerBallRayBrain,0.433,181.889,1.906,10243,-31.692
RollerBallRayBrain,0.427,184.448,1.971,10363,-31.624
RollerBallRayBrain,0.429,187.001,1.974,10299,-31.635
RollerBallRayBrain,0.428,189.562,1.978,10376,-31.587
RollerBallRayBrain,0.430,192.076,1.911,10296,-31.597
RollerBallRayBrain,0.426,194.622,1.927,10282,-31.609
RollerBallRayBrain,0.430,197.165,1.958,10286,-31.608
RollerBallRayBrain,0.425,199.710,1.954,10274,-31.593
RollerBallRayBrain,0.422,202.223,1.924,10263,-31.606
RollerBallRayBrain,0.424,204.741,1.943,10247,-31.620
RollerBallRayBrain,0.424,207.298,1.950,10282,-31.642
RollerBallRayBrain,0.432,209.823,1.931,10305,-31.643
RollerBallRayBrain,0.425,212.386,1.977,10256,-31.617
RollerBallRayBrain,0.430,214.883,1.892,10296,-31.614
RollerBallRayBrain,0.433,217.447,1.964,10284,-31.577
RollerBallRayBrain,0.433,220.016,1.960,10314,-31.559
RollerBallRayBrain,0.428,222.573,1.981,10351,-31.541
RollerBallRayBrain,0.427,225.076,1.914,10341,-31.533
RollerBallRayBrain,0.430,227.659,1.990,10353,-31.506
RollerBallRayBrain,0.433,230.258,2.032,10297,-31.500
RollerBallRayBrain,0.427,232.769,1.921,10250,-31.494
RollerBallRayBrain,0.439,235.262,1.893,10260,-31.505
RollerBallRayBrain,0.429,237.830,1.969,10355,-31.489
RollerBallRayBrain,0.427,240.405,1.984,10293,-31.494
RollerBallRayBrain,0.431,242.915,1.923,10243,-31.495
RollerBallRayBrain,0.429,245.418,1.915,10265,-31.470
RollerBallRayBrain,0.434,248.019,2.007,10367,-31.471
RollerBallRayBrain,0.425,250.528,1.921,10251,-31.486
RollerBallRayBrain,0.427,253.060,1.936,10266,-31.504
RollerBallRayBrain,0.431,255.571,1.915,10361,-31.504
RollerBallRayBrain,0.426,258.143,1.977,10250,-31.520
RollerBallRayBrain,0.430,260.692,1.954,10289,-31.537
RollerBallRayBrain,0.431,263.197,1.907,10257,-31.495
RollerBallRayBrain,0.433,265.735,1.941,10252,-31.501
RollerBallRayBrain,0.426,268.385,2.034,10302,-31.489
RollerBallRayBrain,0.426,270.922,1.944,10296,-31.457
RollerBallRayBrain,0.424,273.474,1.983,10261,-31.465
RollerBallRayBrain,0.426,275.982,1.919,10311,-31.464
RollerBallRayBrain,0.430,278.485,1.908,10249,-31.484
RollerBallRayBrain,0.426,281.006,1.925,10253,-31.469
RollerBallRayBrain,0.425,283.535,1.938,10283,-31.445
RollerBallRayBrain,0.429,286.056,1.928,10301,-31.448
RollerBallRayBrain,0.421,288.561,1.921,10280,-31.454
RollerBallRayBrain,0.425,291.109,1.946,10286,-31.460
RollerBallRayBrain,0.428,293.607,1.897,10259,-31.466
RollerBallRayBrain,0.429,296.134,1.926,10260,-31.472
RollerBallRayBrain,0.422,298.669,1.948,10264,-31.455
RollerBallRayBrain,0.422,301.211,1.939,10243,-31.460
RollerBallRayBrain,0.424,303.641,1.843,10251,-31.470
RollerBallRayBrain,0.424,306.209,1.983,10244,-31.441
RollerBallRayBrain,0.437,308.756,1.931,10288,-31.432
RollerBallRayBrain,0.433,311.288,1.929,10301,-31.363
RollerBallRayBrain,0.434,313.783,1.904,10284,-31.373
RollerBallRayBrain,0.429,316.309,1.922,10267,-31.385
RollerBallRayBrain,0.430,318.856,1.965,10249,-31.374
RollerBallRayBrain,0.425,321.324,1.904,10300,-31.383
RollerBallRayBrain,0.439,323.881,1.964,10278,-31.364
RollerBallRayBrain,0.437,326.433,1.968,10374,-31.363
RollerBallRayBrain,0.432,328.984,1.973,10324,-31.340
RollerBallRayBrain,0.421,331.451,1.897,10243,-31.344
RollerBallRayBrain,0.431,333.971,1.916,10299,-31.357
RollerBallRayBrain,0.425,336.508,1.956,10288,-31.354
RollerBallRayBrain,0.425,339.013,1.915,10295,-31.365
