Brain name,Time to update policy,Time since start of training,Time for last experience collection,Number of experiences used for training,Mean return
RollerBallRayBrain,0.515,4.593,2.540,10519,-11.400
RollerBallRayBrain,0.526,7.546,2.212,10953,-30.524
RollerBallRayBrain,0.469,10.163,1.975,10526,-29.877
RollerBallRayBrain,0.577,13.352,2.397,10852,-30.992
RollerBallRayBrain,0.497,16.242,2.171,10521,-30.466
RollerBallRayBrain,0.492,19.102,2.166,10930,-31.290
RollerBallRayBrain,0.604,22.219,2.304,10902,-31.466
RollerBallRayBrain,0.493,25.057,2.161,10535,-30.975
RollerBallRayBrain,0.465,28.164,2.404,10885,-30.976
RollerBallRayBrain,0.444,30.778,1.979,10578,-31.023
RollerBallRayBrain,0.453,33.568,2.150,10824,-30.700
RollerBallRayBrain,0.455,36.355,2.136,10857,-30.682
RollerBallRayBrain,0.462,38.983,1.955,10602,-30.501
RollerBallRayBrain,0.520,41.909,2.185,10907,-30.576
RollerBallRayBrain,0.451,44.661,2.093,10578,-30.610
RollerBallRayBrain,0.439,47.392,2.125,10251,-30.283
RollerBallRayBrain,0.431,49.915,1.936,10282,-30.417
RollerBallRayBrain,0.465,52.568,1.989,10243,-30.207
RollerBallRayBrain,0.431,55.214,2.034,10277,-30.391
RollerBallRayBrain,0.434,57.731,1.921,10272,-30.296
RollerBallRayBrain,0.426,60.318,1.987,10289,-30.201
RollerBallRayBrain,0.434,62.859,1.936,10280,-30.152
RollerBallRayBrain,0.434,65.477,2.013,10291,-29.918
RollerBallRayBrain,0.462,67.988,1.871,10291,-29.906
RollerBallRayBrain,0.477,70.676,2.040,10267,-29.811
RollerBallRayBrain,0.468,73.353,2.026,10275,-29.725
RollerBallRayBrain,0.443,75.933,1.962,10291,-29.623
RollerBallRayBrain,0.494,78.651,2.019,10315,-29.590
RollerBallRayBrain,0.534,81.829,2.378,10362,-29.307
RollerBallRayBrain,0.428,84.601,2.151,10429,-28.811
RollerBallRayBrain,0.444,87.252,2.027,10304,-28.796
RollerBallRayBrain,0.425,89.883,2.015,10268,-28.574
RollerBallRayBrain,0.430,92.507,2.016,10312,-28.459
RollerBallRayBrain,0.432,95.278,2.134,10253,-28.225
RollerBallRayBrain,0.437,98.052,2.142,10290,-28.007
RollerBallRayBrain,0.428,100.671,1.988,10244,-27.788
RollerBallRayBrain,0.440,103.346,2.047,10275,-27.717
RollerBallRayBrain,0.424,105.888,1.942,10253,-27.555
RollerBallRayBrain,0.434,108.587,2.087,10286,-27.353
RollerBallRayBrain,0.428,111.139,1.967,10337,-27.115
RollerBallRayBrain,0.439,113.781,2.015,10264,-26.808
RollerBallRayBrain,0.435,116.450,2.035,10271,-26.662
RollerBallRayBrain,0.435,118.991,1.961,10241,-26.485
RollerBallRayBrain,0.437,121.648,2.043,10356,-26.240
RollerBallRayBrain,1.068,125.834,2.923,10261,-26.043
RollerBallRayBrain,0.489,129.249,2.650,10318,-25.876
RollerBallRayBrain,0.476,132.270,2.327,10286,-25.585
RollerBallRayBrain,0.436,134.921,2.051,10247,-25.444
RollerBallRayBrain,0.438,137.566,2.029,10258,-25.271
RollerBallRayBrain,0.452,140.397,2.194,10328,-25.036
RollerBallRayBrain,0.464,143.255,2.193,10329,-24.838
RollerBallRayBrain,0.455,146.002,2.084,10304,-24.568
RollerBallRayBrain,0.470,148.735,2.063,10268,-24.547
RollerBallRayBrain,0.457,151.492,2.089,10249,-24.327
RollerBallRayBrain,0.475,154.310,2.123,10356,-24.252
RollerBallRayBrain,0.687,157.588,2.350,10252,-24.212
RollerBallRayBrain,0.628,161.192,2.690,10268,-24.084
RollerBallRayBrain,0.449,164.073,2.235,10279,-23.829
RollerBallRayBrain,0.450,166.884,2.169,10283,-23.589
RollerBallRayBrain,0.451,169.647,2.095,10305,-23.356
RollerBallRayBrain,0.453,172.360,2.061,10271,-23.247
RollerBallRayBrain,0.450,175.179,2.154,10304,-23.025
RollerBallRayBrain,0.445,177.913,2.087,10256,-22.891
RollerBallRayBrain,0.451,180.636,2.081,10297,-22.800
RollerBallRayBrain,0.458,183.364,2.067,10286,-22.672
RollerBallRayBrain,0.442,186.135,2.151,10277,-22.585
RollerBallRayBrain,0.450,188.831,2.046,10305,-22.441
RollerBallRayBrain,0.447,191.538,2.074,10266,-22.403
RollerBallRayBrain,0.445,194.291,2.101,10300,-22.326
RollerBallRayBrain,0.450,197.072,2.112,10261,-22.198
RollerBallRayBrain,0.463,199.801,2.066,10296,-22.093
RollerBallRayBrain,0.446,202.528,2.079,10264,-22.066
RollerBallRayBrain,0.450,205.312,2.135,10258,-21.831
RollerBallRayBrain,0.488,208.111,2.114,10259,-21.667
RollerBallRayBrain,0.444,210.878,2.136,10263,-21.614
RollerBallRayBrain,0.458,213.578,2.043,10307,-21.591
RollerBallRayBrain,0.441,216.332,2.135,10251,-21.541
RollerBallRayBrain,0.445,219.096,2.107,10300,-21.411
RollerBallRayBrain,0.455,221.819,2.086,10267,-21.345
RollerBallRayBrain,0.448,224.534,2.042,10263,-21.257
RollerBallRayBrain,0.454,227.311,2.141,10248,-21.156
RollerBallRayBrain,0.459,229.986,2.031,10248,-21.081
RollerBallRayBrain,0.455,232.792,2.167,10245,-20.989
RollerBallRayBrain,0.447,235.531,2.083,10256,-20.909
RollerBallRayBrain,0.451,238.229,2.067,10336,-20.822
RollerBallRayBrain,0.445,241.017,2.149,10272,-20.698
RollerBallRayBrain,0.458,243.738,2.075,10301,-20.639
RollerBallRayBrain,0.453,246.412,2.022,10304,-20.587
RollerBallRayBrain,0.448,249.205,2.156,10279,-20.492
RollerBallRayBrain,0.452,251.919,2.071,10269,-20.388
RollerBallRayBrain,0.451,254.670,2.101,10304,-20.354
RollerBallRayBrain,0.452,257.457,2.112,10286,-20.239
RollerBallRayBrain,0.451,260.215,2.141,10283,-20.175
RollerBallRayBrain,0.443,262.919,2.063,10251,-20.158
RollerBallRayBrain,0.449,265.668,2.115,10304,-20.053
RollerBallRayBrain,0.460,268.399,2.074,10307,-19.931
RollerBallRayBrain,0.446,271.192,2.134,10260,-19.834
RollerBallRayBrain,0.456,273.969,2.124,10244,-19.748
RollerBallRayBrain,0.455,276.711,2.081,10304,-19.664
RollerBallRayBrain,0.461,279.412,2.042,10278,-19.589
RollerBallRayBrain,0.443,282.205,2.166,10245,-19.577
RollerBallRayBrain,0.444,284.930,2.088,10250,-19.516
RollerBallRayBrain,0.447,287.623,2.047,10278,-19.508
RollerBallRayBrain,0.457,290.372,2.123,10272,-19.408
RollerBallRayBrain,0.458,293.134,2.124,10323,-19.326
RollerBallRayBrain,0.461,295.982,2.203,10253,-19.181
RollerBallRayBrain,0.458,298.706,2.079,10277,-19.087
RollerBallRayBrain,0.448,301.459,2.109,10254,-18.984
RollerBallRayBrain,0.448,304.209,2.091,10277,-18.899
RollerBallRayBrain,0.454,307.007,2.139,10259,-18.784
RollerBallRayBrain,0.449,309.741,2.094,10281,-18.725
RollerBallRayBrain,0.447,312.493,2.116,10243,-18.626
RollerBallRayBrain,0.446,315.230,2.112,10276,-18.567
RollerBallRayBrain,0.453,318.004,2.134,10289,-18.523
RollerBallRayBrain,0.448,320.778,2.140,10325,-18.476
RollerBallRayBrain,0.465,323.548,2.127,10263,-18.393
RollerBallRayBrain,0.455,326.244,2.045,10323,-18.372
RollerBallRayBrain,0.453,328.968,2.071,10249,-18.327
RollerBallRayBrain,0.452,331.804,2.200,10283,-18.176
RollerBallRayBrain,0.452,334.583,2.120,10345,-18.119
RollerBallRayBrain,0.448,337.340,2.138,10357,-18.007
RollerBallRayBrain,0.449,340.122,2.127,10262,-17.935
RollerBallRayBrain,0.442,342.866,2.103,10257,-17.845
RollerBallRayBrain,0.447,345.585,2.096,10273,-17.807
RollerBallRayBrain,0.452,348.438,2.183,10243,-17.701
RollerBallRayBrain,0.453,351.152,2.077,10290,-17.642
RollerBallRayBrain,0.461,353.925,2.120,10291,-17.601
RollerBallRayBrain,0.449,356.683,2.096,10299,-17.559
RollerBallRayBrain,0.456,359.430,2.101,10247,-17.525
RollerBallRayBrain,0.456,362.199,2.136,10247,-17.464
