Brain name,Time to update policy,Time since start of training,Time for last experience collection,Number of experiences used for training,Mean return
RollerBallRayBrain,0.485,4.450,2.599,10365,-4.450
RollerBallRayBrain,0.468,7.160,2.066,10903,-28.682
RollerBallRayBrain,0.466,9.725,1.925,10492,-27.850
RollerBallRayBrain,0.473,12.456,2.085,10930,-30.159
RollerBallRayBrain,0.467,15.038,1.937,10547,-30.060
RollerBallRayBrain,0.468,17.784,2.101,10848,-30.146
RollerBallRayBrain,0.456,20.488,2.057,10947,-30.755
RollerBallRayBrain,0.442,23.048,1.954,10536,-30.673
RollerBallRayBrain,0.451,25.766,2.101,10909,-30.780
RollerBallRayBrain,0.439,28.329,1.956,10553,-30.573
RollerBallRayBrain,0.445,31.074,2.121,10973,-30.688
RollerBallRayBrain,0.442,33.786,2.097,10795,-30.507
RollerBallRayBrain,0.443,36.379,1.979,10609,-30.626
RollerBallRayBrain,0.422,39.049,2.079,10247,-30.767
RollerBallRayBrain,0.433,41.533,1.886,10301,-30.830
RollerBallRayBrain,0.423,44.017,1.911,10255,-30.867
RollerBallRayBrain,0.438,46.662,2.048,10721,-31.007
RollerBallRayBrain,0.437,49.259,1.997,10648,-31.033
RollerBallRayBrain,0.431,51.940,2.092,10298,-31.005
RollerBallRayBrain,0.428,54.433,1.890,10284,-31.069
RollerBallRayBrain,0.428,56.937,1.902,10298,-31.110
RollerBallRayBrain,0.426,59.482,1.975,10263,-30.991
RollerBallRayBrain,0.418,62.072,1.997,10296,-31.057
RollerBallRayBrain,0.432,64.594,1.937,10299,-31.019
RollerBallRayBrain,0.424,67.102,1.909,10322,-31.022
RollerBallRayBrain,0.432,69.713,2.024,10265,-31.128
RollerBallRayBrain,0.439,72.214,1.881,10242,-31.051
RollerBallRayBrain,0.435,74.718,1.901,10265,-31.149
RollerBallRayBrain,0.424,77.232,1.943,10283,-31.085
RollerBallRayBrain,0.430,79.844,1.999,10293,-31.122
RollerBallRayBrain,0.432,82.355,1.908,10315,-31.141
RollerBallRayBrain,0.433,84.840,1.903,10271,-31.084
RollerBallRayBrain,0.426,87.457,2.025,10269,-31.105
RollerBallRayBrain,0.427,89.968,1.922,10273,-31.101
RollerBallRayBrain,0.433,92.426,1.868,10249,-31.126
RollerBallRayBrain,0.426,94.938,1.932,10328,-31.046
RollerBallRayBrain,0.432,97.561,2.001,10359,-31.028
RollerBallRayBrain,0.428,100.105,1.934,10293,-31.038
RollerBallRayBrain,0.423,102.577,1.893,10300,-31.007
RollerBallRayBrain,0.451,105.207,2.004,10577,-30.998
RollerBallRayBrain,0.455,107.919,2.069,10405,-31.011
RollerBallRayBrain,0.452,110.706,2.126,10303,-30.904
RollerBallRayBrain,0.473,113.408,2.033,10303,-30.872
RollerBallRayBrain,0.434,116.071,2.019,10346,-30.699
RollerBallRayBrain,0.424,118.789,2.082,10265,-30.703
RollerBallRayBrain,0.451,121.557,2.149,10301,-30.736
RollerBallRayBrain,0.444,124.325,2.105,10262,-30.727
RollerBallRayBrain,0.425,126.888,1.953,10284,-30.704
RollerBallRayBrain,0.424,129.467,1.982,10350,-30.607
RollerBallRayBrain,0.424,131.986,1.932,10284,-30.573
RollerBallRayBrain,0.445,134.606,2.016,10249,-30.537
RollerBallRayBrain,0.422,137.110,1.925,10287,-30.549
RollerBallRayBrain,0.429,139.681,1.973,10271,-30.507
RollerBallRayBrain,0.419,142.174,1.903,10304,-30.443
RollerBallRayBrain,0.425,144.718,1.953,10261,-30.381
RollerBallRayBrain,0.420,147.222,1.927,10267,-30.327
RollerBallRayBrain,0.433,149.753,1.918,10292,-30.100
RollerBallRayBrain,0.434,152.332,1.962,10259,-30.119
RollerBallRayBrain,0.438,154.780,1.852,10267,-30.093
RollerBallRayBrain,0.437,157.367,1.978,10255,-30.020
RollerBallRayBrain,0.429,159.911,1.958,10405,-29.994
RollerBallRayBrain,0.431,162.499,1.985,10298,-29.930
RollerBallRayBrain,0.426,165.044,1.941,10284,-29.836
RollerBallRayBrain,0.436,167.592,1.942,10344,-29.712
RollerBallRayBrain,0.424,170.165,1.976,10250,-29.650
RollerBallRayBrain,0.430,172.658,1.908,10280,-29.602
RollerBallRayBrain,0.426,175.172,1.937,10284,-29.465
RollerBallRayBrain,0.424,177.745,1.976,10262,-29.320
RollerBallRayBrain,0.425,180.276,1.947,10294,-29.274
RollerBallRayBrain,0.424,182.842,1.976,10302,-29.117
RollerBallRayBrain,0.423,185.383,1.956,10266,-29.025
RollerBallRayBrain,0.421,187.894,1.931,10277,-29.010
RollerBallRayBrain,0.426,190.481,1.980,10331,-28.974
RollerBallRayBrain,0.422,193.033,1.961,10283,-28.732
RollerBallRayBrain,0.423,195.566,1.953,10252,-28.625
RollerBallRayBrain,0.442,198.145,1.954,10270,-28.488
RollerBallRayBrain,0.431,200.669,1.942,10262,-28.419
RollerBallRayBrain,0.430,203.212,1.941,10246,-28.370
RollerBallRayBrain,0.428,205.759,1.947,10255,-28.209
RollerBallRayBrain,0.428,208.323,1.935,10272,-28.091
RollerBallRayBrain,0.431,210.830,1.889,10269,-28.020
RollerBallRayBrain,0.429,213.388,1.955,10243,-27.893
RollerBallRayBrain,0.428,215.932,1.954,10295,-27.829
RollerBallRayBrain,0.428,218.517,1.987,10301,-27.677
RollerBallRayBrain,0.424,221.093,1.995,10294,-27.559
RollerBallRayBrain,0.427,223.546,1.868,10291,-27.509
RollerBallRayBrain,0.421,226.129,1.978,10268,-27.341
RollerBallRayBrain,0.425,228.708,1.988,10265,-27.242
RollerBallRayBrain,0.428,231.226,1.936,10278,-27.203
RollerBallRayBrain,0.426,233.759,1.961,10280,-27.156
RollerBallRayBrain,0.434,236.317,1.956,10254,-27.082
RollerBallRayBrain,0.426,238.889,1.972,10262,-26.993
RollerBallRayBrain,0.429,241.461,1.976,10279,-26.875
RollerBallRayBrain,0.421,243.963,1.919,10251,-26.820
RollerBallRayBrain,0.432,246.573,1.994,10317,-26.719
RollerBallRayBrain,0.426,249.146,1.973,10354,-26.594
RollerBallRayBrain,0.423,251.729,1.995,10282,-26.521
RollerBallRayBrain,0.421,254.276,1.961,10290,-26.413
RollerBallRayBrain,0.420,256.817,1.947,10273,-26.345
RollerBallRayBrain,0.430,259.382,1.971,10273,-26.286
RollerBallRayBrain,0.424,261.926,1.959,10258,-26.197
RollerBallRayBrain,0.428,264.465,1.935,10300,-26.116
RollerBallRayBrain,0.427,267.038,1.983,10272,-26.041
RollerBallRayBrain,0.429,269.575,1.945,10263,-25.996
RollerBallRayBrain,0.431,272.112,1.926,10255,-25.883
RollerBallRayBrain,0.428,274.698,1.992,10247,-25.767
RollerBallRayBrain,0.428,277.264,1.963,10304,-25.560
RollerBallRayBrain,0.428,279.860,1.969,10307,-25.412
RollerBallRayBrain,0.436,282.390,1.932,10314,-25.273
RollerBallRayBrain,0.425,285.042,2.046,10290,-25.070
RollerBallRayBrain,0.435,287.703,2.048,10303,-24.756
RollerBallRayBrain,0.427,290.214,1.933,10290,-24.590
RollerBallRayBrain,0.429,292.816,1.997,10283,-24.462
RollerBallRayBrain,0.435,295.407,1.988,10258,-24.292
RollerBallRayBrain,0.429,298.007,2.009,10243,-24.069
RollerBallRayBrain,0.429,300.591,1.990,10245,-23.857
RollerBallRayBrain,0.430,303.207,2.022,10263,-23.663
RollerBallRayBrain,0.426,305.752,1.955,10244,-23.610
RollerBallRayBrain,0.436,308.382,2.038,10351,-23.461
RollerBallRayBrain,0.425,310.973,1.997,10247,-23.280
RollerBallRayBrain,0.433,313.573,1.994,10295,-23.110
RollerBallRayBrain,0.444,316.338,2.132,10298,-23.008
RollerBallRayBrain,0.435,318.944,1.983,10254,-22.911
RollerBallRayBrain,0.490,321.670,2.076,10317,-22.786
RollerBallRayBrain,0.449,324.488,2.167,10272,-22.673
RollerBallRayBrain,0.435,327.123,2.040,10248,-22.570
RollerBallRayBrain,0.436,329.840,2.104,10319,-22.495
RollerBallRayBrain,0.431,332.462,2.026,10270,-22.346
RollerBallRayBrain,0.437,335.137,2.066,10272,-22.270
RollerBallRayBrain,0.435,337.754,2.009,10292,-22.195
