Brain name,Time to update policy,Time since start of training,Time for last experience collection,Number of experiences used for training,Mean return
RollerBallRayBrain,0.585,4.822,2.665,10352,-5.592
RollerBallRayBrain,0.594,7.986,2.334,10875,-26.880
RollerBallRayBrain,0.536,10.936,2.165,10502,-25.051
RollerBallRayBrain,0.553,14.078,2.339,10945,-27.276
RollerBallRayBrain,0.513,16.966,2.137,10389,-26.368
RollerBallRayBrain,0.503,19.925,2.233,10274,-27.168
RollerBallRayBrain,0.475,22.661,2.050,10254,-26.761
RollerBallRayBrain,0.500,25.382,2.015,10284,-27.174
RollerBallRayBrain,0.475,28.189,2.095,10243,-27.313
RollerBallRayBrain,0.462,31.000,2.131,10284,-27.232
RollerBallRayBrain,0.456,33.716,2.032,10256,-27.611
RollerBallRayBrain,0.470,36.457,2.061,10270,-27.683
RollerBallRayBrain,0.462,39.281,2.141,10254,-27.845
RollerBallRayBrain,0.466,41.979,2.033,10252,-28.016
RollerBallRayBrain,0.462,44.730,2.068,10244,-28.163
RollerBallRayBrain,0.472,47.540,2.124,10307,-28.446
RollerBallRayBrain,0.474,50.342,2.115,10258,-28.531
RollerBallRayBrain,0.501,53.083,2.036,10265,-28.483
RollerBallRayBrain,0.464,55.870,2.111,10269,-28.646
RollerBallRayBrain,0.464,58.675,2.132,10286,-28.649
RollerBallRayBrain,0.470,61.394,2.032,10262,-28.810
RollerBallRayBrain,0.465,64.138,2.059,10242,-28.850
RollerBallRayBrain,0.477,66.926,2.106,10297,-28.829
RollerBallRayBrain,0.474,69.714,2.104,10241,-28.562
RollerBallRayBrain,0.470,72.515,2.109,10290,-28.389
RollerBallRayBrain,0.466,75.327,2.106,10258,-28.351
RollerBallRayBrain,0.481,78.139,2.110,10305,-28.249
RollerBallRayBrain,0.475,80.883,2.062,10265,-27.856
RollerBallRayBrain,0.457,83.657,2.089,10252,-27.682
RollerBallRayBrain,0.464,86.414,2.103,10274,-27.618
RollerBallRayBrain,0.484,89.124,2.039,10299,-27.355
RollerBallRayBrain,0.454,91.899,2.096,10327,-26.806
RollerBallRayBrain,0.461,94.748,2.146,10297,-26.542
RollerBallRayBrain,0.463,97.548,2.107,10287,-26.165
RollerBallRayBrain,0.463,100.335,2.109,10254,-25.932
RollerBallRayBrain,0.499,103.151,2.117,10256,-25.417
RollerBallRayBrain,0.456,105.913,2.109,10269,-24.905
RollerBallRayBrain,0.454,108.742,2.154,10251,-24.515
RollerBallRayBrain,0.472,111.600,2.187,10347,-24.078
RollerBallRayBrain,0.459,114.380,2.114,10243,-23.573
RollerBallRayBrain,0.463,117.274,2.182,10297,-23.121
RollerBallRayBrain,0.458,120.016,2.075,10248,-22.897
RollerBallRayBrain,0.472,122.858,2.163,10271,-22.444
RollerBallRayBrain,0.464,125.637,2.092,10248,-22.344
RollerBallRayBrain,0.477,128.523,2.183,10282,-21.989
RollerBallRayBrain,0.476,131.358,2.156,10261,-21.593
RollerBallRayBrain,0.458,134.167,2.145,10284,-21.191
RollerBallRayBrain,0.461,137.063,2.226,10348,-20.929
RollerBallRayBrain,0.462,139.918,2.184,10263,-20.715
RollerBallRayBrain,0.457,142.734,2.155,10255,-20.362
RollerBallRayBrain,0.462,145.580,2.154,10249,-20.081
RollerBallRayBrain,0.469,148.386,2.136,10291,-19.866
RollerBallRayBrain,0.456,151.282,2.194,10357,-19.751
RollerBallRayBrain,0.457,154.114,2.160,10342,-19.467
RollerBallRayBrain,0.472,157.067,2.255,10386,-19.119
RollerBallRayBrain,0.466,159.855,2.101,10292,-18.968
RollerBallRayBrain,0.462,162.763,2.209,10268,-18.726
RollerBallRayBrain,0.469,165.606,2.153,10288,-18.571
RollerBallRayBrain,0.470,168.488,2.206,10258,-18.291
RollerBallRayBrain,0.467,171.356,2.198,10252,-18.053
RollerBallRayBrain,0.464,174.144,2.122,10297,-17.902
RollerBallRayBrain,0.487,177.057,2.228,10243,-17.630
RollerBallRayBrain,0.460,180.078,2.305,10298,-17.238
RollerBallRayBrain,0.475,182.994,2.229,10250,-16.959
RollerBallRayBrain,0.455,185.871,2.206,10285,-16.660
RollerBallRayBrain,0.452,188.705,2.164,10242,-16.443
RollerBallRayBrain,0.452,191.587,2.205,10264,-16.249
RollerBallRayBrain,0.488,194.515,2.231,10341,-16.072
RollerBallRayBrain,0.486,197.378,2.173,10250,-15.917
RollerBallRayBrain,0.466,200.382,2.318,10273,-15.651
RollerBallRayBrain,0.470,203.254,2.181,10289,-15.434
RollerBallRayBrain,0.474,206.142,2.202,10313,-15.278
RollerBallRayBrain,0.465,209.073,2.245,10280,-15.087
RollerBallRayBrain,0.469,211.992,2.231,10300,-14.854
RollerBallRayBrain,0.465,214.900,2.229,10317,-14.680
RollerBallRayBrain,0.467,217.784,2.217,10356,-14.534
RollerBallRayBrain,0.458,220.709,2.280,10305,-14.385
RollerBallRayBrain,0.461,223.640,2.243,10289,-14.199
RollerBallRayBrain,0.471,226.617,2.289,10287,-14.011
RollerBallRayBrain,0.459,229.563,2.267,10273,-13.795
RollerBallRayBrain,0.449,232.462,2.232,10266,-13.644
RollerBallRayBrain,0.452,235.383,2.263,10316,-13.462
RollerBallRayBrain,0.463,238.219,2.172,10291,-13.370
RollerBallRayBrain,0.459,241.167,2.258,10302,-13.203
RollerBallRayBrain,0.461,244.107,2.257,10241,-13.039
RollerBallRayBrain,0.465,246.986,2.197,10304,-12.900
RollerBallRayBrain,0.458,250.034,2.365,10293,-12.748
RollerBallRayBrain,0.464,252.884,2.182,10260,-12.617
RollerBallRayBrain,0.462,255.849,2.277,10250,-12.484
RollerBallRayBrain,0.470,258.829,2.299,10273,-12.354
RollerBallRayBrain,0.470,261.700,2.198,10322,-12.286
RollerBallRayBrain,0.470,264.636,2.255,10260,-12.207
RollerBallRayBrain,0.462,267.573,2.259,10273,-12.090
RollerBallRayBrain,0.475,270.655,2.394,10264,-11.923
RollerBallRayBrain,0.462,273.587,2.266,10247,-11.781
RollerBallRayBrain,0.477,276.610,2.323,10291,-11.655
RollerBallRayBrain,0.456,279.560,2.256,10263,-11.536
RollerBallRayBrain,0.469,282.575,2.321,10366,-11.397
RollerBallRayBrain,0.465,285.475,2.227,10268,-11.308
RollerBallRayBrain,0.474,288.475,2.295,10249,-11.200
RollerBallRayBrain,0.478,291.453,2.287,10267,-11.106
RollerBallRayBrain,0.462,294.405,2.278,10274,-11.012
RollerBallRayBrain,0.501,297.480,2.331,10265,-10.926
RollerBallRayBrain,0.464,300.656,2.471,10255,-10.800
RollerBallRayBrain,0.467,303.569,2.230,10251,-10.702
RollerBallRayBrain,0.469,306.569,2.278,10266,-10.615
RollerBallRayBrain,0.463,309.530,2.270,10286,-10.508
RollerBallRayBrain,0.461,312.570,2.350,10257,-10.388
RollerBallRayBrain,0.465,315.541,2.282,10246,-10.295
RollerBallRayBrain,0.506,318.660,2.371,10279,-10.199
RollerBallRayBrain,0.468,321.614,2.264,10255,-10.098
RollerBallRayBrain,0.462,324.702,2.396,10251,-9.978
RollerBallRayBrain,0.470,327.717,2.321,10302,-9.889
RollerBallRayBrain,0.471,330.795,2.390,10245,-9.796
RollerBallRayBrain,0.466,333.784,2.297,10283,-9.721
RollerBallRayBrain,0.471,336.790,2.326,10242,-9.635
RollerBallRayBrain,0.457,339.805,2.343,10248,-9.560
RollerBallRayBrain,0.474,342.956,2.439,10267,-9.437
RollerBallRayBrain,0.477,346.053,2.397,10307,-9.320
RollerBallRayBrain,0.463,349.145,2.425,10300,-9.201
RollerBallRayBrain,0.463,352.199,2.375,10290,-9.130
RollerBallRayBrain,0.463,355.356,2.476,10262,-9.014
RollerBallRayBrain,0.464,358.512,2.458,10302,-8.931
RollerBallRayBrain,0.468,361.589,2.386,10351,-8.859
RollerBallRayBrain,0.490,364.644,2.351,10279,-8.805
RollerBallRayBrain,0.466,367.793,2.423,10246,-8.736
RollerBallRayBrain,0.470,370.929,2.455,10300,-8.652
RollerBallRayBrain,0.470,373.990,2.359,10246,-8.589
RollerBallRayBrain,0.467,377.085,2.411,10254,-8.498
RollerBallRayBrain,0.473,380.182,2.403,10253,-8.427
