Brain name,Time to update policy,Time since start of training,Time for last experience collection,Number of experiences used for training,Mean return
RollerBallRayBrain,0.524,4.656,2.640,10466,1.000
RollerBallRayBrain,0.512,7.587,2.207,10879,-31.657
RollerBallRayBrain,0.498,10.323,2.031,10540,-31.262
RollerBallRayBrain,0.507,13.292,2.237,10794,-30.912
RollerBallRayBrain,0.499,16.058,2.074,10560,-29.969
RollerBallRayBrain,0.490,18.985,2.207,10884,-30.534
RollerBallRayBrain,0.486,21.893,2.201,10828,-30.331
RollerBallRayBrain,0.475,24.661,2.084,10512,-30.385
RollerBallRayBrain,0.485,27.564,2.201,10867,-30.734
RollerBallRayBrain,0.481,30.352,2.111,10603,-30.722
RollerBallRayBrain,0.482,33.273,2.203,10863,-30.525
RollerBallRayBrain,0.468,36.150,2.180,10349,-30.579
RollerBallRayBrain,0.477,38.809,1.979,10300,-30.709
RollerBallRayBrain,0.478,41.537,2.050,10246,-30.788
RollerBallRayBrain,0.461,44.308,2.103,10320,-30.780
RollerBallRayBrain,0.467,47.176,2.205,10280,-30.775
RollerBallRayBrain,0.470,49.825,1.985,10298,-30.938
RollerBallRayBrain,0.466,52.571,2.065,10284,-30.936
RollerBallRayBrain,0.474,55.406,2.142,10375,-30.942
RollerBallRayBrain,0.462,58.066,2.007,10257,-30.921
RollerBallRayBrain,0.467,60.816,2.078,10241,-30.884
RollerBallRayBrain,0.467,63.566,2.086,10363,-30.931
RollerBallRayBrain,0.470,66.341,2.105,10304,-31.012
RollerBallRayBrain,0.456,68.958,1.966,10275,-31.058
RollerBallRayBrain,0.464,71.709,2.088,10289,-30.915
RollerBallRayBrain,0.461,74.557,2.172,10309,-30.890
RollerBallRayBrain,0.465,77.238,2.025,10294,-30.766
RollerBallRayBrain,0.458,79.941,2.052,10248,-30.729
RollerBallRayBrain,0.457,82.695,2.120,10359,-30.633
RollerBallRayBrain,0.475,85.653,2.258,10354,-30.481
RollerBallRayBrain,0.473,88.456,2.130,10281,-30.534
RollerBallRayBrain,0.490,91.194,2.039,10264,-30.329
RollerBallRayBrain,0.463,93.984,2.109,10303,-30.304
RollerBallRayBrain,0.452,96.731,2.111,10291,-30.192
RollerBallRayBrain,0.493,99.521,2.099,10281,-30.082
RollerBallRayBrain,0.467,102.307,2.094,10346,-30.063
RollerBallRayBrain,0.463,105.052,2.067,10291,-30.078
RollerBallRayBrain,0.460,107.789,2.072,10241,-29.945
RollerBallRayBrain,0.470,110.540,2.058,10267,-29.995
RollerBallRayBrain,0.472,113.314,2.091,10389,-29.976
RollerBallRayBrain,0.460,116.125,2.140,10257,-29.899
RollerBallRayBrain,0.476,118.888,2.065,10320,-29.899
RollerBallRayBrain,0.477,121.683,2.102,10271,-29.845
RollerBallRayBrain,0.467,124.482,2.122,10249,-29.814
RollerBallRayBrain,0.494,127.317,2.137,10249,-29.604
RollerBallRayBrain,0.488,130.069,2.055,10357,-29.523
RollerBallRayBrain,0.492,132.854,2.067,10291,-29.456
RollerBallRayBrain,0.467,135.690,2.155,10252,-29.342
RollerBallRayBrain,0.462,138.440,2.075,10268,-29.209
RollerBallRayBrain,0.467,141.192,2.075,10295,-28.988
RollerBallRayBrain,0.471,144.005,2.134,10303,-28.844
RollerBallRayBrain,0.472,146.809,2.138,10318,-28.664
RollerBallRayBrain,0.463,149.556,2.094,10276,-28.632
RollerBallRayBrain,0.466,152.327,2.098,10243,-28.562
RollerBallRayBrain,0.465,155.113,2.115,10327,-28.585
RollerBallRayBrain,0.468,157.925,2.140,10277,-28.499
RollerBallRayBrain,0.469,160.645,2.055,10287,-28.414
RollerBallRayBrain,0.479,163.474,2.131,10318,-28.146
RollerBallRayBrain,0.477,166.247,2.101,10263,-28.010
RollerBallRayBrain,0.469,169.033,2.117,10251,-27.906
RollerBallRayBrain,0.476,171.831,2.110,10288,-27.723
RollerBallRayBrain,0.494,174.654,2.116,10259,-27.494
RollerBallRayBrain,0.466,177.474,2.148,10256,-27.301
RollerBallRayBrain,0.466,180.229,2.089,10250,-27.050
RollerBallRayBrain,0.457,183.009,2.117,10277,-26.873
RollerBallRayBrain,0.454,185.807,2.148,10297,-26.788
RollerBallRayBrain,0.458,188.588,2.107,10288,-26.548
RollerBallRayBrain,0.473,191.355,2.105,10260,-26.431
RollerBallRayBrain,0.456,194.150,2.141,10241,-26.261
RollerBallRayBrain,0.465,196.946,2.105,10253,-26.130
RollerBallRayBrain,0.453,199.770,2.160,10325,-25.926
RollerBallRayBrain,0.456,202.446,2.016,10323,-25.876
RollerBallRayBrain,0.454,205.216,2.123,10252,-25.724
RollerBallRayBrain,0.452,207.940,2.075,10243,-25.600
RollerBallRayBrain,0.459,210.671,2.084,10292,-25.483
RollerBallRayBrain,0.472,213.385,2.052,10254,-25.401
RollerBallRayBrain,0.456,216.167,2.128,10314,-25.317
RollerBallRayBrain,0.452,218.930,2.114,10255,-25.226
RollerBallRayBrain,0.469,221.686,2.082,10345,-25.090
RollerBallRayBrain,0.457,224.387,2.066,10254,-25.005
RollerBallRayBrain,0.460,227.159,2.107,10335,-24.935
RollerBallRayBrain,0.467,229.961,2.133,10307,-24.720
RollerBallRayBrain,0.474,232.741,2.105,10306,-24.654
RollerBallRayBrain,0.463,235.490,2.089,10241,-24.570
RollerBallRayBrain,0.456,238.297,2.142,10351,-24.432
RollerBallRayBrain,0.449,241.078,2.131,10278,-24.252
RollerBallRayBrain,0.457,243.845,2.123,10252,-24.112
RollerBallRayBrain,0.467,246.639,2.124,10323,-23.985
RollerBallRayBrain,0.465,249.407,2.104,10277,-23.785
RollerBallRayBrain,0.461,252.271,2.200,10285,-23.637
RollerBallRayBrain,0.457,254.969,2.056,10286,-23.593
RollerBallRayBrain,0.462,257.761,2.113,10284,-23.501
RollerBallRayBrain,0.460,260.552,2.129,10286,-23.428
RollerBallRayBrain,0.449,263.308,2.088,10270,-23.242
RollerBallRayBrain,0.457,266.056,2.109,10255,-23.164
RollerBallRayBrain,0.456,268.800,2.075,10299,-23.022
RollerBallRayBrain,0.466,271.635,2.193,10286,-22.811
RollerBallRayBrain,0.463,274.449,2.173,10247,-22.584
RollerBallRayBrain,0.472,277.471,2.312,10311,-22.447
RollerBallRayBrain,0.478,280.368,2.220,10241,-22.322
RollerBallRayBrain,0.490,283.344,2.253,10248,-22.139
RollerBallRayBrain,0.483,286.302,2.250,10282,-22.004
RollerBallRayBrain,0.479,289.265,2.260,10263,-21.767
RollerBallRayBrain,0.476,292.257,2.290,10266,-21.489
RollerBallRayBrain,0.488,295.164,2.182,10286,-21.367
RollerBallRayBrain,0.493,298.156,2.279,10342,-21.307
RollerBallRayBrain,0.482,301.198,2.313,10278,-21.193
RollerBallRayBrain,0.486,304.158,2.239,10286,-21.118
RollerBallRayBrain,0.473,307.130,2.252,10291,-20.983
RollerBallRayBrain,0.505,310.046,2.179,10321,-20.894
RollerBallRayBrain,0.503,313.071,2.295,10261,-20.805
RollerBallRayBrain,0.485,316.175,2.379,10290,-20.622
RollerBallRayBrain,0.493,319.111,2.211,10260,-20.529
RollerBallRayBrain,0.491,322.117,2.283,10264,-20.437
RollerBallRayBrain,0.477,325.189,2.349,10282,-20.251
RollerBallRayBrain,0.478,328.154,2.268,10290,-20.072
RollerBallRayBrain,0.479,331.194,2.339,10265,-19.866
RollerBallRayBrain,0.481,334.074,2.172,10288,-19.716
RollerBallRayBrain,0.484,337.280,2.492,10271,-19.587
RollerBallRayBrain,0.525,340.330,2.294,10280,-19.408
RollerBallRayBrain,0.493,343.428,2.406,10280,-19.174
RollerBallRayBrain,0.494,346.391,2.259,10295,-18.967
RollerBallRayBrain,0.491,349.397,2.290,10255,-18.745
RollerBallRayBrain,0.448,352.317,2.252,10265,-18.610
RollerBallRayBrain,0.445,355.118,2.135,10262,-18.482
RollerBallRayBrain,0.472,358.003,2.187,10270,-18.367
RollerBallRayBrain,0.473,360.970,2.281,10364,-18.232
RollerBallRayBrain,0.475,364.017,2.327,10302,-18.060
RollerBallRayBrain,0.468,366.940,2.251,10263,-17.886
RollerBallRayBrain,0.469,369.790,2.174,10269,-17.837
