Brain name,Time to update policy,Time since start of training,Time for last experience collection,Number of experiences used for training,Mean return
RollerBallRayBrain,0.542,4.731,2.663,10463,-15.150
RollerBallRayBrain,0.533,7.782,2.275,10868,-30.898
RollerBallRayBrain,0.513,10.624,2.109,10562,-31.058
RollerBallRayBrain,0.527,13.642,2.273,10865,-32.077
RollerBallRayBrain,0.519,16.494,2.104,10562,-32.120
RollerBallRayBrain,0.501,19.476,2.251,10866,-32.278
RollerBallRayBrain,0.487,22.419,2.242,10918,-32.190
RollerBallRayBrain,0.492,25.252,2.085,10534,-32.079
RollerBallRayBrain,0.489,28.193,2.243,10894,-32.275
RollerBallRayBrain,0.484,30.989,2.096,10527,-32.042
RollerBallRayBrain,0.494,34.024,2.307,10856,-31.689
RollerBallRayBrain,0.499,36.991,2.233,10883,-31.840
RollerBallRayBrain,0.485,39.812,2.131,10539,-31.723
RollerBallRayBrain,0.496,42.757,2.211,10857,-31.678
RollerBallRayBrain,0.471,45.633,2.184,10588,-31.378
RollerBallRayBrain,0.464,48.433,2.122,10281,-31.384
RollerBallRayBrain,0.463,51.222,2.117,10406,-31.086
RollerBallRayBrain,0.459,54.059,2.133,10290,-30.560
RollerBallRayBrain,0.517,56.873,2.092,10266,-30.468
RollerBallRayBrain,0.465,59.639,2.097,10282,-30.201
RollerBallRayBrain,0.446,62.415,2.122,10269,-30.039
RollerBallRayBrain,0.463,65.184,2.114,10255,-29.983
RollerBallRayBrain,0.455,67.862,2.007,10242,-29.755
RollerBallRayBrain,0.452,70.642,2.123,10261,-29.409
RollerBallRayBrain,0.456,73.412,2.118,10291,-29.205
RollerBallRayBrain,0.468,76.204,2.112,10301,-29.134
RollerBallRayBrain,0.459,78.842,1.977,10308,-29.186
RollerBallRayBrain,0.457,81.624,2.135,10301,-28.975
RollerBallRayBrain,0.449,84.336,2.065,10249,-28.887
RollerBallRayBrain,0.459,87.108,2.114,10354,-28.563
RollerBallRayBrain,0.458,89.838,2.081,10248,-28.203
RollerBallRayBrain,0.454,92.542,2.064,10277,-27.940
RollerBallRayBrain,0.454,95.247,2.049,10249,-27.714
RollerBallRayBrain,0.454,97.993,2.091,10306,-27.513
RollerBallRayBrain,0.447,100.737,2.089,10291,-27.434
RollerBallRayBrain,0.447,103.491,2.097,10264,-26.959
RollerBallRayBrain,0.449,106.199,2.066,10296,-26.505
RollerBallRayBrain,0.450,108.943,2.114,10323,-26.263
RollerBallRayBrain,0.530,111.985,2.296,10265,-25.875
RollerBallRayBrain,0.474,114.790,2.136,10270,-25.450
RollerBallRayBrain,0.451,117.587,2.140,10303,-25.223
RollerBallRayBrain,0.463,120.465,2.197,10305,-24.789
RollerBallRayBrain,0.480,123.295,2.126,10277,-24.538
RollerBallRayBrain,0.467,126.147,2.171,10246,-24.409
RollerBallRayBrain,0.476,128.965,2.135,10334,-24.209
RollerBallRayBrain,0.471,131.840,2.204,10269,-23.997
RollerBallRayBrain,0.480,134.696,2.158,10335,-23.736
RollerBallRayBrain,0.469,137.580,2.185,10307,-23.309
RollerBallRayBrain,0.464,140.400,2.153,10290,-23.089
RollerBallRayBrain,0.467,143.221,2.141,10272,-22.850
RollerBallRayBrain,0.467,145.992,2.104,10342,-22.590
RollerBallRayBrain,0.456,148.795,2.143,10247,-22.414
RollerBallRayBrain,0.468,151.566,2.113,10289,-22.278
RollerBallRayBrain,0.470,154.401,2.168,10253,-22.069
RollerBallRayBrain,0.485,157.183,2.090,10256,-21.887
RollerBallRayBrain,0.474,160.024,2.152,10297,-21.820
RollerBallRayBrain,0.496,162.841,2.107,10274,-21.614
RollerBallRayBrain,0.461,165.651,2.134,10254,-21.394
RollerBallRayBrain,0.459,168.506,2.177,10272,-21.305
RollerBallRayBrain,0.501,171.422,2.208,10332,-20.999
RollerBallRayBrain,0.463,174.314,2.221,10271,-20.641
RollerBallRayBrain,0.482,177.278,2.258,10289,-20.315
RollerBallRayBrain,0.474,180.176,2.203,10303,-20.054
RollerBallRayBrain,0.468,183.019,2.159,10266,-19.892
RollerBallRayBrain,0.465,185.868,2.152,10422,-19.713
RollerBallRayBrain,0.468,188.708,2.175,10275,-19.612
RollerBallRayBrain,0.466,191.613,2.212,10302,-19.402
RollerBallRayBrain,0.469,194.478,2.178,10293,-19.232
RollerBallRayBrain,0.470,197.364,2.204,10334,-19.101
RollerBallRayBrain,0.473,200.243,2.197,10295,-18.877
RollerBallRayBrain,0.512,203.253,2.285,10347,-18.590
RollerBallRayBrain,0.455,206.160,2.192,10294,-18.265
RollerBallRayBrain,0.463,209.116,2.275,10247,-17.969
RollerBallRayBrain,0.479,212.022,2.217,10314,-17.796
RollerBallRayBrain,0.482,214.892,2.169,10267,-17.663
RollerBallRayBrain,0.460,217.788,2.240,10253,-17.389
RollerBallRayBrain,0.465,220.737,2.257,10300,-17.090
RollerBallRayBrain,0.470,223.637,2.210,10297,-16.880
RollerBallRayBrain,0.472,226.586,2.257,10269,-16.749
RollerBallRayBrain,0.467,229.468,2.198,10269,-16.535
RollerBallRayBrain,0.469,232.516,2.366,10274,-16.240
RollerBallRayBrain,0.474,235.488,2.293,10255,-15.929
RollerBallRayBrain,0.467,238.406,2.229,10242,-15.636
RollerBallRayBrain,0.470,241.296,2.194,10246,-15.477
RollerBallRayBrain,0.486,244.256,2.263,10369,-15.291
RollerBallRayBrain,0.467,247.217,2.270,10281,-15.097
RollerBallRayBrain,0.463,250.120,2.223,10242,-14.933
RollerBallRayBrain,0.481,253.110,2.296,10294,-14.715
RollerBallRayBrain,0.466,255.993,2.226,10268,-14.546
RollerBallRayBrain,0.504,258.929,2.238,10289,-14.385
RollerBallRayBrain,0.468,262.035,2.409,10241,-14.169
RollerBallRayBrain,0.490,264.985,2.239,10245,-14.002
RollerBallRayBrain,0.465,267.881,2.214,10265,-13.876
RollerBallRayBrain,0.467,270.802,2.247,10269,-13.724
RollerBallRayBrain,0.461,273.690,2.231,10286,-13.592
RollerBallRayBrain,0.462,276.633,2.285,10251,-13.432
RollerBallRayBrain,0.461,279.611,2.293,10281,-13.233
RollerBallRayBrain,0.463,282.494,2.222,10245,-13.081
RollerBallRayBrain,0.466,285.501,2.315,10374,-12.932
RollerBallRayBrain,0.470,288.478,2.314,10247,-12.754
RollerBallRayBrain,0.471,291.484,2.328,10262,-12.630
RollerBallRayBrain,0.460,294.446,2.287,10313,-12.523
RollerBallRayBrain,0.481,297.494,2.348,10241,-12.325
RollerBallRayBrain,0.466,300.629,2.447,10258,-12.147
RollerBallRayBrain,0.464,303.590,2.273,10256,-11.964
RollerBallRayBrain,0.464,306.590,2.329,10295,-11.833
RollerBallRayBrain,0.475,309.663,2.393,10247,-11.657
RollerBallRayBrain,0.470,312.627,2.289,10297,-11.553
RollerBallRayBrain,0.462,315.597,2.286,10344,-11.468
RollerBallRayBrain,0.457,318.643,2.387,10411,-11.346
RollerBallRayBrain,0.453,321.627,2.325,10265,-11.235
RollerBallRayBrain,0.462,324.573,2.275,10253,-11.125
RollerBallRayBrain,0.460,327.509,2.267,10273,-11.047
RollerBallRayBrain,0.448,330.475,2.330,10299,-10.987
RollerBallRayBrain,0.456,333.392,2.267,10259,-10.877
RollerBallRayBrain,0.452,336.364,2.306,10284,-10.751
RollerBallRayBrain,0.453,339.360,2.341,10259,-10.640
RollerBallRayBrain,0.448,342.267,2.254,10324,-10.553
RollerBallRayBrain,0.454,345.231,2.295,10251,-10.450
RollerBallRayBrain,0.458,348.208,2.320,10282,-10.370
RollerBallRayBrain,0.451,351.194,2.319,10245,-10.276
RollerBallRayBrain,0.466,354.163,2.307,10251,-10.203
RollerBallRayBrain,0.453,357.187,2.342,10251,-10.136
RollerBallRayBrain,0.472,360.184,2.314,10295,-10.041
RollerBallRayBrain,0.466,363.260,2.384,10303,-9.985
RollerBallRayBrain,0.468,366.204,2.289,10287,-9.924
RollerBallRayBrain,0.464,369.222,2.341,10312,-9.840
RollerBallRayBrain,0.459,372.234,2.328,10392,-9.752
RollerBallRayBrain,0.463,375.222,2.311,10332,-9.686
