Brain name,Time to update policy,Time since start of training,Time for last experience collection,Number of experiences used for training,Mean return
RollerBallRayBrain,3.417,9.172,4.138,16010,-29.493
RollerBallRayBrain,3.383,16.438,3.558,16088,-29.526
RollerBallRayBrain,3.827,24.230,3.665,17462,-30.450
RollerBallRayBrain,3.655,31.839,3.646,17394,-29.999
RollerBallRayBrain,3.851,39.623,3.622,18082,-30.445
RollerBallRayBrain,3.393,46.983,3.644,15949,-30.462
RollerBallRayBrain,2.245,52.753,3.237,10775,-30.571
RollerBallRayBrain,2.255,56.187,1.085,10729,-30.649
RollerBallRayBrain,2.918,62.285,2.911,13320,-30.892
RollerBallRayBrain,2.266,67.080,2.325,10748,-30.939
RollerBallRayBrain,2.255,71.340,1.827,10290,-30.885
RollerBallRayBrain,3.181,77.923,3.124,14765,-30.983
RollerBallRayBrain,2.273,82.777,2.371,10656,-31.110
RollerBallRayBrain,2.269,86.996,1.791,10861,-31.048
RollerBallRayBrain,3.199,93.618,3.126,14568,-31.182
RollerBallRayBrain,2.297,98.541,2.414,10759,-31.201
RollerBallRayBrain,2.268,102.657,1.696,10386,-31.165
RollerBallRayBrain,2.263,108.049,2.884,10509,-31.232
RollerBallRayBrain,2.312,111.832,1.371,10769,-31.249
RollerBallRayBrain,2.503,117.292,2.700,11409,-31.265
RollerBallRayBrain,2.304,122.214,2.409,10862,-31.139
RollerBallRayBrain,2.283,126.600,1.935,10657,-31.142
RollerBallRayBrain,2.295,131.673,2.528,10738,-31.156
RollerBallRayBrain,2.292,135.542,1.446,10688,-31.163
RollerBallRayBrain,2.532,140.992,2.683,11853,-31.097
RollerBallRayBrain,2.266,145.875,2.422,10753,-31.112
RollerBallRayBrain,2.270,150.289,1.968,10656,-31.177
RollerBallRayBrain,2.254,155.230,2.465,10427,-31.100
RollerBallRayBrain,2.283,159.713,2.022,10803,-31.118
RollerBallRayBrain,2.287,164.305,2.114,10743,-31.130
RollerBallRayBrain,2.266,169.186,2.409,10656,-31.187
RollerBallRayBrain,2.272,173.556,1.937,10784,-31.200
RollerBallRayBrain,2.271,178.403,2.366,10348,-30.975
RollerBallRayBrain,2.504,183.295,2.198,11395,-30.992
RollerBallRayBrain,2.756,188.389,2.145,12748,-30.967
RollerBallRayBrain,2.267,193.722,2.827,10375,-30.908
RollerBallRayBrain,2.291,198.113,1.930,10736,-30.922
RollerBallRayBrain,2.304,202.678,2.086,10798,-30.897
RollerBallRayBrain,2.269,207.519,2.375,10354,-30.796
RollerBallRayBrain,2.261,211.532,1.617,10666,-30.763
RollerBallRayBrain,2.247,216.954,2.914,10368,-30.755
RollerBallRayBrain,2.275,221.003,1.635,10444,-30.712
RollerBallRayBrain,2.268,225.819,2.347,10301,-30.701
RollerBallRayBrain,2.249,230.339,2.089,10368,-30.657
RollerBallRayBrain,2.280,234.806,2.030,10656,-30.706
RollerBallRayBrain,2.286,239.852,2.544,10889,-30.656
RollerBallRayBrain,2.269,243.934,1.671,10642,-30.630
RollerBallRayBrain,2.247,249.070,2.664,10268,-30.550
RollerBallRayBrain,2.263,253.029,1.560,10797,-30.501
RollerBallRayBrain,2.312,258.328,2.737,10734,-30.416
RollerBallRayBrain,2.262,263.054,2.274,10343,-30.316
RollerBallRayBrain,2.262,266.915,1.471,10546,-30.231
RollerBallRayBrain,2.263,272.056,2.667,10427,-30.050
RollerBallRayBrain,2.290,276.419,1.906,10608,-29.885
RollerBallRayBrain,2.276,281.457,2.541,10701,-29.787
RollerBallRayBrain,2.273,285.461,1.590,10532,-29.689
RollerBallRayBrain,2.291,290.592,2.620,10801,-29.577
RollerBallRayBrain,2.281,295.082,2.023,10622,-29.516
RollerBallRayBrain,2.294,299.317,1.793,10334,-29.337
RollerBallRayBrain,2.275,304.280,2.481,10345,-29.061
RollerBallRayBrain,2.276,308.934,2.183,10583,-28.886
RollerBallRayBrain,2.259,313.682,2.280,10262,-28.753
RollerBallRayBrain,2.305,317.987,1.854,10898,-28.603
RollerBallRayBrain,2.271,322.745,2.285,10243,-28.201
RollerBallRayBrain,2.269,327.229,2.039,10371,-28.001
RollerBallRayBrain,2.269,332.013,2.316,10351,-27.831
RollerBallRayBrain,2.302,336.813,2.303,10818,-27.728
RollerBallRayBrain,2.279,341.753,2.455,10575,-27.517
RollerBallRayBrain,2.250,345.899,1.747,10362,-27.304
RollerBallRayBrain,2.272,350.483,2.119,10278,-27.080
RollerBallRayBrain,2.272,355.081,2.125,10457,-26.890
RollerBallRayBrain,2.287,359.952,2.388,10279,-26.627
RollerBallRayBrain,2.267,364.233,1.855,10263,-26.481
RollerBallRayBrain,2.286,369.242,2.497,10835,-26.202
RollerBallRayBrain,2.274,373.797,2.105,10493,-25.890
RollerBallRayBrain,2.267,378.224,1.985,10258,-25.570
RollerBallRayBrain,2.274,382.902,2.216,10246,-25.327
RollerBallRayBrain,2.279,387.721,2.336,10455,-25.085
RollerBallRayBrain,2.260,392.068,1.927,10252,-24.804
RollerBallRayBrain,2.297,397.195,2.594,10839,-24.535
RollerBallRayBrain,2.272,401.738,2.096,10460,-24.394
RollerBallRayBrain,2.499,406.872,2.424,11505,-24.123
RollerBallRayBrain,2.341,411.422,2.034,10411,-23.836
RollerBallRayBrain,2.339,416.274,2.311,10399,-23.610
RollerBallRayBrain,2.343,421.308,2.476,10400,-23.468
RollerBallRayBrain,2.374,425.707,1.876,10847,-23.306
RollerBallRayBrain,2.277,430.696,2.497,10731,-22.960
RollerBallRayBrain,2.301,435.540,2.339,10462,-22.713
RollerBallRayBrain,2.245,440.101,2.141,10332,-22.473
RollerBallRayBrain,2.240,444.884,2.349,10310,-22.252
RollerBallRayBrain,2.250,449.194,1.906,10832,-22.011
RollerBallRayBrain,2.232,454.440,2.779,10281,-21.697
RollerBallRayBrain,2.254,458.933,2.077,10390,-21.498
RollerBallRayBrain,2.263,463.329,1.961,10652,-21.338
RollerBallRayBrain,2.254,468.146,2.354,10305,-21.012
RollerBallRayBrain,2.253,472.669,2.108,10386,-20.766
RollerBallRayBrain,2.278,477.747,2.585,10578,-20.550
RollerBallRayBrain,2.280,482.098,1.902,10990,-20.434
RollerBallRayBrain,2.247,486.850,2.323,10342,-20.259
RollerBallRayBrain,2.249,491.226,1.960,10424,-20.013
RollerBallRayBrain,2.247,495.727,2.099,10315,-19.676
RollerBallRayBrain,2.253,501.921,3.627,10694,-19.363
RollerBallRayBrain,2.230,505.822,1.539,10281,-19.290
RollerBallRayBrain,2.241,509.910,1.721,10289,-19.107
RollerBallRayBrain,2.229,515.117,2.737,10401,-18.872
RollerBallRayBrain,2.232,519.567,2.048,10383,-18.717
RollerBallRayBrain,2.241,524.023,2.045,10378,-18.549
RollerBallRayBrain,2.247,528.801,2.347,10263,-18.309
RollerBallRayBrain,2.270,533.832,2.557,10884,-18.174
RollerBallRayBrain,2.235,538.200,1.958,10302,-18.057
RollerBallRayBrain,2.271,543.144,2.469,10326,-17.869
RollerBallRayBrain,2.252,547.481,1.916,10358,-17.688
RollerBallRayBrain,2.272,552.821,2.812,10626,-17.561
RollerBallRayBrain,2.262,557.116,1.881,10269,-17.476
RollerBallRayBrain,2.263,561.709,2.149,10789,-17.358
RollerBallRayBrain,2.286,566.636,2.448,10281,-17.195
RollerBallRayBrain,2.266,570.953,1.907,10383,-17.044
RollerBallRayBrain,2.222,576.197,2.790,10242,-16.876
RollerBallRayBrain,2.266,580.472,1.853,10877,-16.761
RollerBallRayBrain,2.228,585.370,2.464,10341,-16.585
RollerBallRayBrain,2.244,589.969,2.161,10250,-16.452
RollerBallRayBrain,2.250,594.316,1.936,10339,-16.274
