Brain name,Time to update policy,Time since start of training,Time for last experience collection,Number of experiences used for training,Mean return
RollerBallRayBrain,3.756,9.653,4.165,16491,-30.344
RollerBallRayBrain,3.739,17.321,3.603,16654,-29.960
RollerBallRayBrain,3.915,25.231,3.681,17982,-31.060
RollerBallRayBrain,3.880,33.080,3.660,17442,-31.348
RollerBallRayBrain,3.924,40.981,3.675,17542,-31.566
RollerBallRayBrain,3.937,48.858,3.629,17982,-31.853
RollerBallRayBrain,3.905,56.719,3.624,18019,-31.895
RollerBallRayBrain,3.912,64.569,3.636,17982,-32.069
RollerBallRayBrain,3.670,72.200,3.627,16912,-31.978
RollerBallRayBrain,3.901,80.087,3.669,18048,-32.000
RollerBallRayBrain,3.892,87.953,3.675,17452,-32.025
RollerBallRayBrain,3.682,95.682,3.731,16980,-31.870
RollerBallRayBrain,3.423,103.141,3.725,15540,-31.808
RollerBallRayBrain,2.323,107.272,1.671,10656,-31.873
RollerBallRayBrain,2.306,112.361,2.566,10656,-31.932
RollerBallRayBrain,3.178,119.016,3.196,14687,-31.927
RollerBallRayBrain,2.315,123.163,1.686,10656,-31.978
RollerBallRayBrain,2.303,128.281,2.593,10656,-32.026
RollerBallRayBrain,3.201,134.918,3.194,14652,-32.087
RollerBallRayBrain,2.288,139.081,1.737,10656,-32.128
RollerBallRayBrain,2.301,144.146,2.556,10656,-32.166
RollerBallRayBrain,3.185,150.803,3.186,14376,-32.185
RollerBallRayBrain,2.286,154.924,1.686,10708,-32.161
RollerBallRayBrain,2.264,159.956,2.558,10656,-32.194
RollerBallRayBrain,2.991,166.403,3.182,14042,-32.182
RollerBallRayBrain,2.294,170.531,1.697,10795,-32.111
RollerBallRayBrain,2.268,175.438,2.435,10656,-32.143
RollerBallRayBrain,2.257,181.146,3.184,10621,-32.114
RollerBallRayBrain,2.287,184.415,0.902,10656,-32.144
RollerBallRayBrain,2.320,189.982,2.970,11223,-32.114
RollerBallRayBrain,2.282,194.094,1.683,10656,-32.143
RollerBallRayBrain,2.275,199.039,2.473,10656,-32.170
RollerBallRayBrain,2.264,204.273,2.744,10656,-32.195
RollerBallRayBrain,2.265,208.007,1.356,10656,-32.220
RollerBallRayBrain,2.287,213.460,2.914,10690,-32.200
RollerBallRayBrain,2.289,217.568,1.673,10763,-32.187
RollerBallRayBrain,2.296,222.512,2.437,10656,-32.210
RollerBallRayBrain,2.266,227.694,2.686,10656,-32.232
RollerBallRayBrain,2.245,231.425,1.370,10550,-32.245
RollerBallRayBrain,2.479,237.083,2.901,11387,-32.231
RollerBallRayBrain,2.290,241.215,1.697,10656,-32.251
RollerBallRayBrain,2.279,246.161,2.457,10751,-32.236
RollerBallRayBrain,2.287,251.325,2.642,10656,-32.256
RollerBallRayBrain,2.283,255.113,1.384,10656,-32.275
RollerBallRayBrain,2.470,260.774,2.912,11322,-32.294
RollerBallRayBrain,2.302,264.892,1.684,10656,-32.311
RollerBallRayBrain,2.290,269.825,2.453,10784,-32.300
RollerBallRayBrain,2.266,274.951,2.622,10516,-32.273
RollerBallRayBrain,2.262,278.701,1.363,10693,-32.257
RollerBallRayBrain,2.489,284.346,2.895,11322,-32.275
RollerBallRayBrain,2.258,288.440,1.697,10656,-32.292
RollerBallRayBrain,2.278,293.346,2.411,10656,-32.308
RollerBallRayBrain,2.273,298.568,2.715,10680,-32.292
RollerBallRayBrain,2.259,302.263,1.315,10744,-32.280
RollerBallRayBrain,2.257,307.730,2.949,10246,-32.244
RollerBallRayBrain,2.266,311.472,1.357,10691,-32.230
RollerBallRayBrain,2.285,316.752,2.740,10688,-32.217
RollerBallRayBrain,2.251,321.350,2.179,10656,-32.232
RollerBallRayBrain,2.257,325.642,1.876,10804,-32.195
RollerBallRayBrain,2.259,330.973,2.831,10381,-32.198
RollerBallRayBrain,2.286,334.622,1.257,10505,-32.206
RollerBallRayBrain,2.236,339.735,2.637,10265,-32.202
RollerBallRayBrain,2.271,343.921,1.754,10733,-32.191
RollerBallRayBrain,2.263,348.753,2.365,10714,-32.181
RollerBallRayBrain,2.257,353.812,2.588,10689,-32.170
RollerBallRayBrain,2.257,357.508,1.329,10402,-32.173
RollerBallRayBrain,2.263,362.923,2.894,11192,-32.156
RollerBallRayBrain,2.257,367.459,2.100,10481,-32.137
RollerBallRayBrain,2.275,372.026,2.109,10353,-32.138
RollerBallRayBrain,2.295,376.764,2.244,10686,-32.128
RollerBallRayBrain,2.248,380.833,1.670,10469,-32.109
RollerBallRayBrain,2.276,386.187,2.827,10656,-32.123
RollerBallRayBrain,2.248,390.347,1.768,10426,-32.055
RollerBallRayBrain,2.262,395.401,2.590,10656,-32.069
RollerBallRayBrain,2.267,399.901,2.054,10869,-32.067
RollerBallRayBrain,2.261,404.188,1.867,10656,-32.081
RollerBallRayBrain,2.253,409.101,2.431,10270,-32.081
RollerBallRayBrain,2.265,413.315,1.803,10656,-32.094
RollerBallRayBrain,2.284,418.194,2.399,10474,-32.079
RollerBallRayBrain,2.293,423.199,2.500,10489,-32.063
RollerBallRayBrain,2.272,427.376,1.755,10780,-32.058
RollerBallRayBrain,2.269,432.439,2.568,10709,-32.051
RollerBallRayBrain,2.255,436.418,1.578,10440,-32.035
RollerBallRayBrain,2.265,441.472,2.572,10716,-31.986
RollerBallRayBrain,2.248,446.330,2.404,10701,-31.979
RollerBallRayBrain,2.268,450.494,1.740,10656,-31.992
RollerBallRayBrain,2.258,455.775,2.793,10656,-32.005
RollerBallRayBrain,2.241,459.338,1.221,10316,-31.966
RollerBallRayBrain,2.283,464.732,2.851,10656,-31.979
RollerBallRayBrain,2.242,469.299,2.153,10346,-31.982
RollerBallRayBrain,2.270,473.618,1.887,10634,-31.933
RollerBallRayBrain,2.252,478.395,2.332,10520,-31.903
RollerBallRayBrain,2.239,482.575,1.778,10253,-31.903
RollerBallRayBrain,2.268,487.657,2.597,10328,-31.867
RollerBallRayBrain,2.267,492.020,1.934,10835,-31.848
RollerBallRayBrain,2.243,496.862,2.392,10242,-31.830
RollerBallRayBrain,2.257,501.285,2.011,10363,-31.816
RollerBallRayBrain,2.270,505.849,2.116,10656,-31.829
RollerBallRayBrain,2.258,510.556,2.245,10386,-31.816
RollerBallRayBrain,2.263,514.869,1.880,10729,-31.813
RollerBallRayBrain,2.295,519.434,2.094,10247,-31.759
RollerBallRayBrain,2.267,524.587,2.647,10763,-31.740
RollerBallRayBrain,2.272,528.816,1.805,10656,-31.753
RollerBallRayBrain,2.264,533.919,2.615,10748,-31.751
RollerBallRayBrain,2.265,538.107,1.768,10276,-31.719
RollerBallRayBrain,2.276,542.891,2.305,10717,-31.716
RollerBallRayBrain,2.266,547.749,2.379,10561,-31.693
RollerBallRayBrain,2.263,552.145,1.966,10767,-31.658
RollerBallRayBrain,2.304,556.603,1.977,10571,-31.636
RollerBallRayBrain,2.282,561.536,2.427,10862,-31.638
RollerBallRayBrain,2.270,565.680,1.727,10593,-31.600
RollerBallRayBrain,2.264,571.247,3.043,10737,-31.583
RollerBallRayBrain,2.250,574.980,1.363,10489,-31.560
RollerBallRayBrain,2.489,580.228,2.548,11359,-31.558
RollerBallRayBrain,2.262,585.078,2.380,10392,-31.517
RollerBallRayBrain,2.259,589.736,2.218,10656,-31.531
