Brain name,Time to update policy,Time since start of training,Time for last experience collection,Number of experiences used for training,Mean return
RollerBallRayBrain,0.488,4.339,2.464,10530,nan
RollerBallRayBrain,0.473,7.064,2.080,10890,-31.521
RollerBallRayBrain,0.461,9.581,1.905,10540,-31.074
RollerBallRayBrain,0.478,12.260,2.021,10914,-32.045
RollerBallRayBrain,0.462,14.765,1.886,10578,-32.110
RollerBallRayBrain,0.462,17.455,2.035,10848,-31.861
RollerBallRayBrain,0.452,20.090,2.013,10874,-31.922
RollerBallRayBrain,0.436,22.594,1.904,10594,-31.970
RollerBallRayBrain,0.447,25.262,2.029,10825,-31.789
RollerBallRayBrain,0.432,27.775,1.911,10567,-31.724
RollerBallRayBrain,0.444,30.423,2.041,10871,-31.625
RollerBallRayBrain,0.439,33.086,2.058,10849,-31.832
RollerBallRayBrain,0.430,35.584,1.901,10600,-31.754
RollerBallRayBrain,0.441,38.260,2.055,10833,-31.912
RollerBallRayBrain,0.429,40.751,1.893,10594,-31.936
RollerBallRayBrain,0.448,43.435,2.048,10914,-32.066
RollerBallRayBrain,0.434,46.052,2.010,10914,-32.156
RollerBallRayBrain,0.437,48.620,1.964,10624,-32.051
RollerBallRayBrain,0.440,51.237,2.021,10882,-32.140
RollerBallRayBrain,0.436,53.761,1.934,10610,-32.159
RollerBallRayBrain,0.438,56.399,2.018,10913,-31.982
RollerBallRayBrain,0.437,59.075,2.045,10824,-31.981
RollerBallRayBrain,0.425,61.570,1.920,10674,-32.013
RollerBallRayBrain,0.435,64.250,2.081,10822,-32.010
RollerBallRayBrain,0.426,66.736,1.890,10610,-32.026
RollerBallRayBrain,0.423,69.419,2.063,10248,-32.096
RollerBallRayBrain,0.427,71.788,1.795,10349,-32.119
RollerBallRayBrain,0.424,74.262,1.897,10267,-32.150
RollerBallRayBrain,0.432,76.857,1.996,10671,-32.201
RollerBallRayBrain,0.433,79.371,1.938,10555,-32.180
RollerBallRayBrain,0.426,81.978,1.994,10297,-32.229
RollerBallRayBrain,0.429,84.384,1.841,10283,-32.256
RollerBallRayBrain,0.426,86.843,1.861,10299,-32.284
RollerBallRayBrain,0.433,89.472,2.029,10574,-32.283
RollerBallRayBrain,0.433,91.975,1.910,10599,-32.198
RollerBallRayBrain,0.422,94.455,1.905,10247,-32.181
RollerBallRayBrain,0.424,96.900,1.852,10252,-32.194
RollerBallRayBrain,0.424,99.485,1.988,10364,-32.092
RollerBallRayBrain,0.419,102.012,1.947,10292,-32.023
RollerBallRayBrain,0.429,104.453,1.866,10247,-31.976
RollerBallRayBrain,0.422,106.950,1.907,10295,-31.948
RollerBallRayBrain,0.422,109.432,1.904,10338,-31.886
RollerBallRayBrain,0.421,111.923,1.897,10246,-31.888
RollerBallRayBrain,0.426,114.394,1.882,10349,-31.906
RollerBallRayBrain,0.419,116.898,1.930,10318,-31.903
RollerBallRayBrain,0.426,119.456,1.944,10315,-31.855
RollerBallRayBrain,0.423,121.878,1.837,10299,-31.882
RollerBallRayBrain,0.422,124.395,1.940,10266,-31.911
RollerBallRayBrain,0.419,126.887,1.910,10283,-31.934
RollerBallRayBrain,0.428,129.402,1.918,10265,-31.967
RollerBallRayBrain,0.421,131.867,1.885,10299,-31.951
RollerBallRayBrain,0.424,134.396,1.944,10395,-31.983
RollerBallRayBrain,0.416,136.926,1.956,10258,-31.976
RollerBallRayBrain,0.422,139.374,1.863,10284,-31.942
RollerBallRayBrain,0.416,141.844,1.894,10266,-31.967
RollerBallRayBrain,0.423,144.321,1.901,10241,-31.863
RollerBallRayBrain,0.422,146.844,1.921,10305,-31.829
RollerBallRayBrain,0.429,149.341,1.897,10320,-31.820
RollerBallRayBrain,0.416,151.931,1.981,10276,-31.820
RollerBallRayBrain,0.424,154.430,1.914,10348,-31.839
RollerBallRayBrain,0.420,156.899,1.890,10241,-31.798
RollerBallRayBrain,0.424,159.396,1.904,10253,-31.766
RollerBallRayBrain,0.419,161.904,1.930,10278,-31.762
RollerBallRayBrain,0.422,164.339,1.862,10261,-31.745
RollerBallRayBrain,0.418,166.823,1.904,10287,-31.741
RollerBallRayBrain,0.427,169.345,1.950,10274,-31.736
RollerBallRayBrain,0.427,171.851,1.917,10302,-31.719
RollerBallRayBrain,0.422,174.303,1.870,10266,-31.742
RollerBallRayBrain,0.428,176.853,1.941,10299,-31.711
RollerBallRayBrain,0.421,179.520,2.060,10314,-31.738
RollerBallRayBrain,0.418,181.962,1.866,10299,-31.757
RollerBallRayBrain,0.426,184.441,1.879,10286,-31.738
RollerBallRayBrain,0.418,186.935,1.922,10254,-31.730
RollerBallRayBrain,0.425,189.440,1.916,10263,-31.717
RollerBallRayBrain,0.422,191.899,1.892,10279,-31.722
RollerBallRayBrain,0.427,194.431,1.947,10293,-31.704
RollerBallRayBrain,0.421,196.926,1.928,10249,-31.708
RollerBallRayBrain,0.422,199.354,1.845,10281,-31.668
RollerBallRayBrain,0.423,201.882,1.934,10319,-31.583
RollerBallRayBrain,0.424,204.362,1.885,10283,-31.600
RollerBallRayBrain,0.423,206.840,1.909,10265,-31.626
RollerBallRayBrain,0.420,209.498,2.056,10294,-31.622
RollerBallRayBrain,0.435,212.062,1.956,10330,-31.598
RollerBallRayBrain,0.417,214.583,1.918,10299,-31.616
RollerBallRayBrain,0.422,217.093,1.939,10242,-31.607
RollerBallRayBrain,0.419,219.560,1.900,10340,-31.612
RollerBallRayBrain,0.429,222.072,1.923,10324,-31.580
RollerBallRayBrain,0.418,224.613,1.959,10265,-31.546
RollerBallRayBrain,0.421,227.097,1.905,10287,-31.519
RollerBallRayBrain,0.417,229.579,1.901,10275,-31.535
RollerBallRayBrain,0.424,232.051,1.887,10294,-31.532
RollerBallRayBrain,0.422,234.609,1.978,10250,-31.550
RollerBallRayBrain,0.433,237.109,1.912,10266,-31.568
RollerBallRayBrain,0.417,239.553,1.874,10267,-31.582
RollerBallRayBrain,0.423,242.105,1.963,10365,-31.584
RollerBallRayBrain,0.416,244.608,1.923,10263,-31.593
RollerBallRayBrain,0.423,247.088,1.899,10286,-31.553
RollerBallRayBrain,0.422,249.560,1.898,10283,-31.568
RollerBallRayBrain,0.420,252.078,1.935,10266,-31.585
RollerBallRayBrain,0.420,254.574,1.906,10299,-31.597
RollerBallRayBrain,0.417,257.034,1.879,10255,-31.589
RollerBallRayBrain,0.418,259.533,1.921,10303,-31.540
RollerBallRayBrain,0.425,262.029,1.904,10307,-31.531
RollerBallRayBrain,0.420,264.501,1.899,10298,-31.550
RollerBallRayBrain,0.420,266.994,1.915,10329,-31.554
RollerBallRayBrain,0.421,269.490,1.920,10279,-31.556
RollerBallRayBrain,0.415,271.976,1.898,10246,-31.563
RollerBallRayBrain,0.421,274.446,1.884,10293,-31.556
RollerBallRayBrain,0.426,276.923,1.896,10268,-31.547
RollerBallRayBrain,0.428,279.431,1.917,10252,-31.547
RollerBallRayBrain,0.419,281.882,1.874,10274,-31.560
RollerBallRayBrain,0.424,284.404,1.930,10306,-31.549
RollerBallRayBrain,0.421,286.867,1.879,10295,-31.559
RollerBallRayBrain,0.423,289.381,1.932,10290,-31.567
RollerBallRayBrain,0.419,291.824,1.866,10266,-31.582
RollerBallRayBrain,0.423,294.290,1.894,10249,-31.571
RollerBallRayBrain,0.422,296.785,1.914,10337,-31.567
RollerBallRayBrain,0.421,299.290,1.925,10272,-31.538
RollerBallRayBrain,0.419,301.765,1.893,10282,-31.535
RollerBallRayBrain,0.421,304.231,1.894,10256,-31.515
RollerBallRayBrain,0.418,306.704,1.921,10260,-31.514
RollerBallRayBrain,0.426,309.207,1.910,10343,-31.512
RollerBallRayBrain,0.420,311.693,1.909,10250,-31.526
RollerBallRayBrain,0.421,314.165,1.893,10269,-31.518
RollerBallRayBrain,0.421,316.629,1.874,10283,-31.529
RollerBallRayBrain,0.427,319.154,1.931,10249,-31.546
RollerBallRayBrain,0.418,321.587,1.866,10258,-31.544
RollerBallRayBrain,0.422,324.104,1.930,10282,-31.559
RollerBallRayBrain,0.424,326.571,1.892,10321,-31.545
