Brain name,Time to update policy,Time since start of training,Time for last experience collection,Number of experiences used for training,Mean return
RollerBallRayBrain,0.484,4.390,2.521,10340,-8.750
RollerBallRayBrain,0.475,7.031,2.007,10953,-28.359
RollerBallRayBrain,0.457,9.528,1.895,10489,-28.425
RollerBallRayBrain,0.476,12.161,1.974,10979,-30.442
RollerBallRayBrain,0.459,14.669,1.885,10465,-30.015
RollerBallRayBrain,0.461,17.313,2.012,10751,-29.607
RollerBallRayBrain,0.453,19.934,2.010,10816,-30.128
RollerBallRayBrain,0.456,22.459,1.901,10558,-29.361
RollerBallRayBrain,0.460,25.154,2.043,10877,-29.829
RollerBallRayBrain,0.448,27.718,1.960,10683,-29.127
RollerBallRayBrain,0.446,30.355,2.019,10265,-29.268
RollerBallRayBrain,0.431,32.717,1.788,10320,-29.248
RollerBallRayBrain,0.431,35.224,1.916,10288,-29.361
RollerBallRayBrain,0.437,37.764,1.948,10687,-29.385
RollerBallRayBrain,0.433,40.258,1.920,10521,-29.472
RollerBallRayBrain,0.429,42.769,1.921,10251,-29.640
RollerBallRayBrain,0.433,45.203,1.842,10299,-29.641
RollerBallRayBrain,0.435,47.709,1.910,10381,-29.712
RollerBallRayBrain,0.432,50.217,1.938,10241,-29.701
RollerBallRayBrain,0.427,52.663,1.871,10277,-29.503
RollerBallRayBrain,0.431,55.092,1.842,10281,-29.433
RollerBallRayBrain,0.430,57.560,1.882,10301,-29.490
RollerBallRayBrain,0.423,60.015,1.893,10312,-29.491
RollerBallRayBrain,0.426,62.457,1.856,10329,-29.622
RollerBallRayBrain,0.418,64.932,1.906,10269,-29.685
RollerBallRayBrain,0.436,67.427,1.903,10289,-29.422
RollerBallRayBrain,0.428,69.884,1.865,10322,-29.366
RollerBallRayBrain,0.438,72.375,1.910,10244,-29.455
RollerBallRayBrain,0.431,74.854,1.889,10252,-29.365
RollerBallRayBrain,0.428,77.345,1.908,10275,-29.230
RollerBallRayBrain,0.424,79.772,1.840,10262,-29.138
RollerBallRayBrain,0.435,82.308,1.947,10339,-29.111
RollerBallRayBrain,0.428,84.772,1.871,10244,-29.160
RollerBallRayBrain,0.431,87.263,1.896,10358,-28.985
RollerBallRayBrain,0.430,89.790,1.930,10288,-28.955
RollerBallRayBrain,0.434,92.262,1.887,10348,-28.859
RollerBallRayBrain,0.428,94.740,1.882,10250,-28.776
RollerBallRayBrain,0.432,97.250,1.912,10362,-28.671
RollerBallRayBrain,0.429,99.762,1.921,10254,-28.494
RollerBallRayBrain,0.431,102.227,1.882,10273,-28.435
RollerBallRayBrain,0.424,104.691,1.874,10298,-28.278
RollerBallRayBrain,0.427,107.225,1.943,10251,-28.084
RollerBallRayBrain,0.426,109.708,1.894,10284,-27.977
RollerBallRayBrain,0.422,112.152,1.842,10283,-27.774
RollerBallRayBrain,0.422,114.667,1.916,10288,-27.678
RollerBallRayBrain,0.424,117.127,1.880,10243,-27.572
RollerBallRayBrain,0.422,119.610,1.898,10292,-27.403
RollerBallRayBrain,0.430,122.115,1.933,10291,-27.211
RollerBallRayBrain,0.424,124.597,1.902,10317,-27.165
RollerBallRayBrain,0.418,127.106,1.924,10246,-27.018
RollerBallRayBrain,0.419,129.540,1.866,10245,-26.951
RollerBallRayBrain,0.418,132.017,1.905,10246,-26.825
RollerBallRayBrain,0.432,134.503,1.893,10287,-26.749
RollerBallRayBrain,0.426,136.975,1.902,10242,-26.599
RollerBallRayBrain,0.425,139.509,1.952,10246,-26.502
RollerBallRayBrain,0.427,141.952,1.867,10278,-26.442
RollerBallRayBrain,0.429,144.469,1.915,10264,-26.289
RollerBallRayBrain,0.423,146.984,1.933,10252,-26.143
RollerBallRayBrain,0.429,149.456,1.882,10280,-25.985
RollerBallRayBrain,0.427,151.960,1.915,10282,-25.870
RollerBallRayBrain,0.426,154.465,1.927,10291,-25.698
RollerBallRayBrain,0.425,156.944,1.904,10254,-25.541
RollerBallRayBrain,0.431,159.479,1.937,10251,-25.369
RollerBallRayBrain,0.425,161.980,1.917,10252,-25.109
RollerBallRayBrain,0.429,164.486,1.899,10279,-24.889
RollerBallRayBrain,0.428,167.043,1.959,10302,-24.615
RollerBallRayBrain,0.428,169.591,1.950,10300,-24.342
RollerBallRayBrain,0.426,172.042,1.857,10253,-24.294
RollerBallRayBrain,0.428,174.584,1.943,10264,-24.165
RollerBallRayBrain,0.434,177.111,1.946,10288,-23.967
RollerBallRayBrain,0.433,179.630,1.931,10257,-23.780
RollerBallRayBrain,0.426,182.120,1.906,10274,-23.553
RollerBallRayBrain,0.425,184.633,1.924,10249,-23.410
RollerBallRayBrain,0.427,187.177,1.949,10277,-23.189
RollerBallRayBrain,0.421,189.738,1.991,10267,-22.895
RollerBallRayBrain,0.423,192.234,1.923,10249,-22.684
RollerBallRayBrain,0.421,194.747,1.938,10301,-22.505
RollerBallRayBrain,0.426,197.310,1.968,10300,-22.351
RollerBallRayBrain,0.423,199.816,1.926,10254,-22.191
RollerBallRayBrain,0.429,202.364,1.950,10284,-21.963
RollerBallRayBrain,0.420,204.851,1.908,10269,-21.879
RollerBallRayBrain,0.428,207.360,1.922,10252,-21.859
RollerBallRayBrain,0.419,209.925,1.985,10279,-21.699
RollerBallRayBrain,0.427,212.384,1.867,10252,-21.637
RollerBallRayBrain,0.427,214.926,1.971,10243,-21.575
RollerBallRayBrain,0.429,217.464,1.945,10329,-21.503
RollerBallRayBrain,0.432,219.989,1.915,10264,-21.317
RollerBallRayBrain,0.433,222.504,1.921,10289,-21.179
RollerBallRayBrain,0.426,225.070,1.972,10294,-21.039
RollerBallRayBrain,0.438,227.556,1.886,10279,-20.972
RollerBallRayBrain,0.426,230.085,1.933,10289,-20.915
RollerBallRayBrain,0.431,232.627,1.955,10255,-20.766
RollerBallRayBrain,0.427,235.152,1.954,10269,-20.647
RollerBallRayBrain,0.433,237.681,1.929,10284,-20.553
RollerBallRayBrain,0.429,240.221,1.953,10251,-20.382
RollerBallRayBrain,0.432,242.793,1.976,10243,-20.270
RollerBallRayBrain,0.425,245.272,1.910,10268,-20.226
RollerBallRayBrain,0.422,247.844,1.995,10263,-20.118
RollerBallRayBrain,0.425,250.335,1.910,10283,-20.022
RollerBallRayBrain,0.418,252.920,2.003,10249,-19.876
RollerBallRayBrain,0.428,255.411,1.910,10251,-19.827
RollerBallRayBrain,0.426,258.020,2.026,10252,-19.707
RollerBallRayBrain,0.432,260.495,1.895,10315,-19.594
RollerBallRayBrain,0.435,263.068,1.987,10279,-19.483
RollerBallRayBrain,0.432,265.667,2.010,10370,-19.326
RollerBallRayBrain,0.422,268.207,1.960,10278,-19.197
RollerBallRayBrain,0.434,270.748,1.955,10302,-19.096
RollerBallRayBrain,0.429,273.326,1.981,10259,-18.956
RollerBallRayBrain,0.429,275.930,2.015,10343,-18.855
RollerBallRayBrain,0.430,278.500,1.976,10244,-18.774
RollerBallRayBrain,0.428,280.994,1.910,10253,-18.641
RollerBallRayBrain,0.431,283.527,1.933,10304,-18.622
RollerBallRayBrain,0.430,286.101,1.985,10282,-18.518
RollerBallRayBrain,0.432,288.625,1.951,10264,-18.432
RollerBallRayBrain,0.428,291.219,2.011,10284,-18.316
RollerBallRayBrain,0.428,293.782,1.966,10305,-18.271
RollerBallRayBrain,0.434,296.223,1.855,10289,-18.288
RollerBallRayBrain,0.421,298.772,1.961,10256,-18.244
RollerBallRayBrain,0.427,301.368,2.004,10302,-18.108
RollerBallRayBrain,0.423,303.899,1.950,10249,-18.021
RollerBallRayBrain,0.422,306.390,1.906,10262,-17.963
RollerBallRayBrain,0.422,308.973,1.988,10280,-17.901
RollerBallRayBrain,0.421,311.489,1.927,10241,-17.828
RollerBallRayBrain,0.429,314.027,1.953,10261,-17.790
RollerBallRayBrain,0.428,316.591,1.983,10310,-17.716
RollerBallRayBrain,0.424,319.170,1.984,10270,-17.606
RollerBallRayBrain,0.431,321.688,1.957,10251,-17.571
RollerBallRayBrain,0.421,324.273,1.998,10245,-17.440
RollerBallRayBrain,0.428,326.820,1.964,10248,-17.320
RollerBallRayBrain,0.431,329.446,2.030,10283,-17.253
