Brain name,Time to update policy,Time since start of training,Time for last experience collection,Number of experiences used for training,Mean return
RollerBallRayBrain,0.489,4.340,2.500,10530,nan
RollerBallRayBrain,0.478,6.992,2.041,10865,-32.248
RollerBallRayBrain,0.463,9.476,1.889,10469,-31.443
RollerBallRayBrain,0.474,12.129,2.026,10832,-32.338
RollerBallRayBrain,0.460,14.627,1.878,10479,-31.816
RollerBallRayBrain,0.458,17.284,2.030,10921,-31.945
RollerBallRayBrain,0.456,19.922,2.019,10995,-32.253
RollerBallRayBrain,0.436,22.402,1.901,10383,-32.281
RollerBallRayBrain,0.449,25.040,2.018,11059,-32.294
RollerBallRayBrain,0.430,27.525,1.907,10432,-32.308
RollerBallRayBrain,0.445,30.183,2.052,10925,-32.412
RollerBallRayBrain,0.451,32.835,2.033,11019,-32.253
RollerBallRayBrain,0.430,35.314,1.925,10464,-32.274
RollerBallRayBrain,0.445,37.975,2.048,10995,-32.389
RollerBallRayBrain,0.431,40.463,1.889,10497,-32.398
RollerBallRayBrain,0.436,43.123,2.067,10923,-32.259
RollerBallRayBrain,0.449,45.771,2.050,11028,-32.346
RollerBallRayBrain,0.430,48.262,1.916,10480,-32.363
RollerBallRayBrain,0.442,50.899,2.032,10995,-32.440
RollerBallRayBrain,0.432,53.384,1.892,10539,-32.344
RollerBallRayBrain,0.438,56.058,2.070,10860,-32.325
RollerBallRayBrain,0.443,58.694,2.026,10963,-32.388
RollerBallRayBrain,0.435,61.188,1.917,10545,-32.400
RollerBallRayBrain,0.438,63.830,2.040,10910,-32.386
RollerBallRayBrain,0.432,66.334,1.926,10505,-32.365
RollerBallRayBrain,0.423,68.939,2.035,10268,-32.347
RollerBallRayBrain,0.428,71.270,1.756,10249,-32.388
RollerBallRayBrain,0.431,73.772,1.906,10538,-32.338
RollerBallRayBrain,0.432,76.404,2.048,10537,-32.331
RollerBallRayBrain,0.428,78.897,1.921,10480,-32.342
RollerBallRayBrain,0.423,81.430,1.964,10264,-32.388
RollerBallRayBrain,0.422,83.783,1.800,10301,-32.353
RollerBallRayBrain,0.443,86.335,1.958,10504,-32.323
RollerBallRayBrain,0.421,88.940,2.049,10244,-32.308
RollerBallRayBrain,0.421,91.343,1.837,10252,-32.321
RollerBallRayBrain,0.421,93.773,1.858,10280,-32.213
RollerBallRayBrain,0.426,96.232,1.888,10380,-32.140
RollerBallRayBrain,0.422,98.837,2.008,10268,-32.098
RollerBallRayBrain,0.424,101.243,1.849,10315,-32.127
RollerBallRayBrain,0.425,103.699,1.876,10366,-32.120
RollerBallRayBrain,0.433,106.266,1.988,10562,-32.147
RollerBallRayBrain,0.426,108.769,1.919,10391,-32.067
RollerBallRayBrain,0.425,111.277,1.938,10301,-32.057
RollerBallRayBrain,0.423,113.754,1.899,10267,-32.029
RollerBallRayBrain,0.430,116.217,1.890,10347,-32.030
RollerBallRayBrain,0.430,118.722,1.917,10273,-31.957
RollerBallRayBrain,0.430,121.231,1.928,10332,-31.928
RollerBallRayBrain,0.430,123.722,1.911,10282,-31.958
RollerBallRayBrain,0.430,126.164,1.859,10348,-31.980
RollerBallRayBrain,0.429,128.742,1.989,10270,-31.932
RollerBallRayBrain,0.434,131.172,1.857,10367,-31.922
RollerBallRayBrain,0.433,133.690,1.942,10303,-31.903
RollerBallRayBrain,0.426,136.199,1.952,10255,-31.810
RollerBallRayBrain,0.429,138.697,1.903,10255,-31.803
RollerBallRayBrain,0.434,141.162,1.897,10298,-31.794
RollerBallRayBrain,0.427,143.689,1.936,10289,-31.545
RollerBallRayBrain,0.433,146.203,1.894,10292,-31.561
RollerBallRayBrain,0.431,148.659,1.843,10267,-31.532
RollerBallRayBrain,0.431,151.124,1.875,10273,-31.563
RollerBallRayBrain,0.429,153.635,1.916,10259,-31.541
RollerBallRayBrain,0.433,156.104,1.873,10290,-31.540
RollerBallRayBrain,0.427,158.585,1.903,10245,-31.443
RollerBallRayBrain,0.433,161.065,1.905,10282,-31.415
RollerBallRayBrain,0.430,163.580,1.923,10343,-31.320
RollerBallRayBrain,0.426,166.077,1.914,10254,-31.281
RollerBallRayBrain,0.429,168.566,1.923,10282,-31.187
RollerBallRayBrain,0.429,170.980,1.830,10337,-31.164
RollerBallRayBrain,0.430,173.537,1.963,10292,-31.046
RollerBallRayBrain,0.433,176.020,1.901,10286,-31.023
RollerBallRayBrain,0.422,178.494,1.892,10297,-30.951
RollerBallRayBrain,0.433,180.995,1.915,10319,-30.823
RollerBallRayBrain,0.427,183.506,1.918,10297,-30.713
RollerBallRayBrain,0.426,186.000,1.908,10266,-30.623
RollerBallRayBrain,0.430,188.463,1.876,10280,-30.549
RollerBallRayBrain,0.431,190.958,1.906,10262,-30.427
RollerBallRayBrain,0.429,193.414,1.884,10266,-30.428
RollerBallRayBrain,0.427,195.863,1.886,10254,-30.396
RollerBallRayBrain,0.425,198.407,1.961,10416,-30.329
RollerBallRayBrain,0.430,200.909,1.941,10257,-30.262
RollerBallRayBrain,0.431,203.408,1.907,10286,-30.212
RollerBallRayBrain,0.436,206.169,2.139,10277,-30.050
RollerBallRayBrain,0.431,208.625,1.861,10252,-29.977
RollerBallRayBrain,0.432,211.096,1.873,10361,-29.909
RollerBallRayBrain,0.428,213.608,1.934,10281,-29.781
RollerBallRayBrain,0.433,216.115,1.921,10273,-29.646
RollerBallRayBrain,0.425,218.626,1.934,10303,-29.530
RollerBallRayBrain,0.430,221.123,1.930,10282,-29.410
RollerBallRayBrain,0.423,223.651,1.929,10253,-29.239
RollerBallRayBrain,0.427,226.145,1.914,10300,-29.109
RollerBallRayBrain,0.428,228.591,1.857,10255,-29.126
RollerBallRayBrain,0.428,231.134,1.940,10283,-29.052
RollerBallRayBrain,0.424,233.633,1.915,10265,-28.931
RollerBallRayBrain,0.427,236.131,1.917,10256,-28.732
RollerBallRayBrain,0.431,238.622,1.900,10263,-28.687
RollerBallRayBrain,0.431,241.112,1.924,10254,-28.634
RollerBallRayBrain,0.429,243.631,1.925,10244,-28.472
RollerBallRayBrain,0.433,246.138,1.920,10263,-28.323
RollerBallRayBrain,0.434,248.681,1.950,10275,-28.222
RollerBallRayBrain,0.425,251.172,1.906,10286,-28.116
RollerBallRayBrain,0.425,253.666,1.892,10333,-28.008
RollerBallRayBrain,0.431,256.247,1.986,10339,-27.843
RollerBallRayBrain,0.432,258.657,1.820,10272,-27.781
RollerBallRayBrain,0.425,261.171,1.946,10267,-27.749
RollerBallRayBrain,0.429,263.649,1.888,10261,-27.680
RollerBallRayBrain,0.424,266.203,1.977,10266,-27.477
RollerBallRayBrain,0.429,268.663,1.875,10252,-27.371
RollerBallRayBrain,0.425,271.199,1.958,10246,-27.286
RollerBallRayBrain,0.425,273.721,1.941,10244,-27.217
RollerBallRayBrain,0.427,276.196,1.894,10255,-27.124
RollerBallRayBrain,0.433,278.658,1.886,10257,-26.951
RollerBallRayBrain,0.426,281.237,1.984,10262,-26.793
RollerBallRayBrain,0.422,283.706,1.886,10267,-26.709
RollerBallRayBrain,0.427,286.286,1.991,10296,-26.575
RollerBallRayBrain,0.432,288.822,1.942,10295,-26.529
RollerBallRayBrain,0.432,291.382,1.955,10398,-26.417
RollerBallRayBrain,0.426,293.947,1.968,10302,-26.310
RollerBallRayBrain,0.425,296.478,1.938,10271,-26.145
RollerBallRayBrain,0.428,299.020,1.943,10270,-26.004
RollerBallRayBrain,0.426,301.547,1.933,10281,-25.969
RollerBallRayBrain,0.425,304.060,1.941,10273,-25.870
RollerBallRayBrain,0.426,306.579,1.925,10344,-25.804
RollerBallRayBrain,0.423,309.034,1.894,10265,-25.763
RollerBallRayBrain,0.424,311.550,1.915,10260,-25.716
RollerBallRayBrain,0.425,314.028,1.897,10281,-25.622
RollerBallRayBrain,0.424,316.617,2.004,10256,-25.498
RollerBallRayBrain,0.424,319.116,1.925,10305,-25.425
RollerBallRayBrain,0.424,321.661,1.985,10245,-25.269
RollerBallRayBrain,0.425,324.180,1.948,10301,-25.103
RollerBallRayBrain,0.425,326.756,1.988,10280,-25.003
