Brain name,Time to update policy,Time since start of training,Time for last experience collection,Number of experiences used for training,Mean return
RollerBallRayBrain,0.488,4.354,2.427,10485,-6.450
RollerBallRayBrain,0.470,6.997,2.011,10938,-30.677
RollerBallRayBrain,0.467,9.498,1.883,10433,-30.348
RollerBallRayBrain,0.476,12.154,2.019,10947,-31.221
RollerBallRayBrain,0.460,14.643,1.877,10432,-31.292
RollerBallRayBrain,0.462,17.287,2.025,10946,-31.906
RollerBallRayBrain,0.455,19.917,2.003,10979,-32.213
RollerBallRayBrain,0.441,22.396,1.888,10464,-32.251
RollerBallRayBrain,0.458,25.037,2.017,10995,-32.441
RollerBallRayBrain,0.443,27.507,1.880,10432,-32.454
RollerBallRayBrain,0.448,30.166,2.046,10981,-32.434
RollerBallRayBrain,0.446,32.794,2.027,10942,-32.375
RollerBallRayBrain,0.436,35.299,1.901,10469,-32.275
RollerBallRayBrain,0.446,37.927,2.021,11035,-32.279
RollerBallRayBrain,0.429,40.410,1.890,10423,-32.167
RollerBallRayBrain,0.447,43.058,2.025,11026,-32.244
RollerBallRayBrain,0.438,45.679,1.990,10801,-32.227
RollerBallRayBrain,0.428,48.181,1.917,10546,-32.151
RollerBallRayBrain,0.442,50.818,2.017,10963,-32.237
RollerBallRayBrain,0.432,53.305,1.911,10529,-32.251
RollerBallRayBrain,0.442,55.964,2.076,10982,-32.276
RollerBallRayBrain,0.434,58.590,2.029,10826,-32.244
RollerBallRayBrain,0.449,61.128,1.944,10512,-32.264
RollerBallRayBrain,0.420,63.718,2.016,10251,-32.282
RollerBallRayBrain,0.427,66.047,1.771,10269,-32.292
RollerBallRayBrain,0.426,68.522,1.903,10477,-32.216
RollerBallRayBrain,0.434,71.142,2.024,10655,-32.266
RollerBallRayBrain,0.428,73.645,1.902,10585,-32.224
RollerBallRayBrain,0.425,76.225,1.999,10291,-32.162
RollerBallRayBrain,0.428,78.647,1.847,10299,-32.012
RollerBallRayBrain,0.423,81.045,1.808,10265,-32.004
RollerBallRayBrain,0.433,83.543,1.913,10458,-31.990
RollerBallRayBrain,0.424,86.118,2.009,10297,-32.044
RollerBallRayBrain,0.423,88.540,1.849,10254,-32.063
RollerBallRayBrain,0.423,90.972,1.856,10263,-31.994
RollerBallRayBrain,0.426,93.560,1.993,10298,-32.035
RollerBallRayBrain,0.426,96.060,1.924,10312,-31.941
RollerBallRayBrain,0.426,98.438,1.812,10301,-31.930
RollerBallRayBrain,0.428,100.916,1.897,10254,-31.931
RollerBallRayBrain,0.422,103.458,1.975,10281,-31.927
RollerBallRayBrain,0.431,105.875,1.832,10249,-31.967
RollerBallRayBrain,0.427,108.362,1.908,10250,-31.996
RollerBallRayBrain,0.426,110.896,1.964,10315,-32.024
RollerBallRayBrain,0.427,113.373,1.889,10299,-32.049
RollerBallRayBrain,0.427,115.746,1.807,10295,-32.063
RollerBallRayBrain,0.425,118.210,1.891,10291,-32.053
RollerBallRayBrain,0.423,120.791,2.003,10263,-32.072
RollerBallRayBrain,0.426,123.219,1.852,10282,-32.099
RollerBallRayBrain,0.424,125.669,1.876,10250,-32.122
RollerBallRayBrain,0.426,128.202,1.947,10244,-32.060
RollerBallRayBrain,0.423,130.670,1.889,10291,-32.066
RollerBallRayBrain,0.426,133.055,1.813,10298,-32.068
RollerBallRayBrain,0.425,135.518,1.884,10322,-32.008
RollerBallRayBrain,0.424,138.068,1.967,10298,-32.035
RollerBallRayBrain,0.420,140.547,1.918,10369,-31.986
RollerBallRayBrain,0.422,143.000,1.879,10252,-31.969
RollerBallRayBrain,0.425,145.528,1.933,10434,-31.974
RollerBallRayBrain,0.432,148.041,1.930,10473,-31.931
RollerBallRayBrain,0.423,150.553,1.926,10367,-31.924
RollerBallRayBrain,0.424,153.050,1.927,10277,-31.889
RollerBallRayBrain,0.422,155.486,1.877,10303,-31.861
RollerBallRayBrain,0.443,158.032,1.926,10260,-31.850
RollerBallRayBrain,0.422,160.540,1.960,10290,-31.771
RollerBallRayBrain,0.420,162.983,1.867,10248,-31.773
RollerBallRayBrain,0.421,165.460,1.908,10284,-31.628
RollerBallRayBrain,0.427,167.958,1.921,10269,-31.600
RollerBallRayBrain,0.421,170.474,1.928,10281,-31.525
RollerBallRayBrain,0.422,172.914,1.865,10269,-31.504
RollerBallRayBrain,0.419,175.417,1.908,10248,-31.474
RollerBallRayBrain,0.426,177.896,1.918,10322,-31.488
RollerBallRayBrain,0.428,180.364,1.891,10256,-31.472
RollerBallRayBrain,0.425,182.901,1.965,10326,-31.454
RollerBallRayBrain,0.430,185.409,1.916,10302,-31.441
RollerBallRayBrain,0.423,187.848,1.875,10242,-31.456
RollerBallRayBrain,0.418,190.277,1.856,10241,-31.453
RollerBallRayBrain,0.425,192.794,1.929,10303,-31.442
RollerBallRayBrain,0.433,195.251,1.878,10426,-31.392
RollerBallRayBrain,0.421,197.781,1.939,10350,-31.341
RollerBallRayBrain,0.428,200.253,1.876,10270,-31.333
RollerBallRayBrain,0.428,202.727,1.883,10337,-31.317
RollerBallRayBrain,0.422,205.228,1.933,10319,-31.232
RollerBallRayBrain,0.422,207.733,1.917,10347,-31.217
RollerBallRayBrain,0.424,210.186,1.875,10260,-31.217
RollerBallRayBrain,0.421,212.671,1.933,10257,-31.182
RollerBallRayBrain,0.421,215.127,1.878,10274,-31.146
RollerBallRayBrain,0.421,217.591,1.888,10331,-31.146
RollerBallRayBrain,0.423,220.082,1.918,10300,-31.103
RollerBallRayBrain,0.423,222.561,1.880,10301,-31.070
RollerBallRayBrain,0.420,225.028,1.897,10263,-31.012
RollerBallRayBrain,0.425,227.457,1.860,10290,-30.989
RollerBallRayBrain,0.421,229.967,1.924,10315,-30.919
RollerBallRayBrain,0.418,232.460,1.923,10289,-30.900
RollerBallRayBrain,0.420,234.874,1.859,10287,-30.916
RollerBallRayBrain,0.421,237.338,1.876,10257,-30.889
RollerBallRayBrain,0.426,239.857,1.936,10398,-30.881
RollerBallRayBrain,0.419,242.363,1.936,10300,-30.887
RollerBallRayBrain,0.423,244.793,1.863,10275,-30.858
RollerBallRayBrain,0.423,247.262,1.889,10276,-30.869
RollerBallRayBrain,0.423,249.761,1.932,10285,-30.880
RollerBallRayBrain,0.422,252.192,1.865,10289,-30.872
RollerBallRayBrain,0.423,254.679,1.905,10302,-30.848
RollerBallRayBrain,0.423,257.138,1.878,10332,-30.812
RollerBallRayBrain,0.421,259.622,1.908,10303,-30.788
RollerBallRayBrain,0.423,262.082,1.883,10304,-30.790
RollerBallRayBrain,0.422,264.523,1.895,10286,-30.779
RollerBallRayBrain,0.425,266.991,1.880,10250,-30.752
RollerBallRayBrain,0.426,269.461,1.887,10364,-30.772
RollerBallRayBrain,0.424,271.954,1.916,10324,-30.746
RollerBallRayBrain,0.424,274.423,1.891,10261,-30.729
RollerBallRayBrain,0.419,276.833,1.837,10244,-30.661
RollerBallRayBrain,0.438,279.339,1.917,10292,-30.628
RollerBallRayBrain,0.423,281.826,1.913,10271,-30.596
RollerBallRayBrain,0.427,284.342,1.954,10340,-30.581
RollerBallRayBrain,0.422,286.730,1.814,10335,-30.570
RollerBallRayBrain,0.428,289.232,1.912,10371,-30.547
RollerBallRayBrain,0.420,291.729,1.918,10284,-30.516
RollerBallRayBrain,0.429,294.226,1.911,10267,-30.508
RollerBallRayBrain,0.420,296.660,1.882,10265,-30.432
RollerBallRayBrain,0.425,299.138,1.898,10277,-30.404
RollerBallRayBrain,0.439,301.649,1.921,10246,-30.397
RollerBallRayBrain,0.425,304.108,1.888,10369,-30.387
RollerBallRayBrain,0.423,306.588,1.893,10363,-30.387
RollerBallRayBrain,0.420,309.055,1.886,10249,-30.362
RollerBallRayBrain,0.422,311.518,1.893,10292,-30.340
RollerBallRayBrain,0.432,314.024,1.918,10282,-30.266
RollerBallRayBrain,0.423,316.549,1.944,10247,-30.240
RollerBallRayBrain,0.425,319.053,1.917,10264,-30.252
RollerBallRayBrain,0.426,321.543,1.927,10296,-30.217
RollerBallRayBrain,0.425,324.011,1.885,10278,-30.152
