Brain name,Time to update policy,Time since start of training,Time for last experience collection,Number of experiences used for training,Mean return
RollerBallRayBrain,0.512,4.563,2.617,10402,1.000
RollerBallRayBrain,0.481,7.302,2.072,10871,-30.007
RollerBallRayBrain,0.468,9.891,1.941,10446,-29.153
RollerBallRayBrain,0.470,12.561,2.036,10819,-29.243
RollerBallRayBrain,0.463,15.092,1.894,10388,-28.830
RollerBallRayBrain,0.460,17.761,2.029,10252,-28.782
RollerBallRayBrain,0.443,20.092,1.744,10274,-29.165
RollerBallRayBrain,0.436,22.608,1.918,10321,-28.288
RollerBallRayBrain,0.443,25.259,2.031,10727,-28.546
RollerBallRayBrain,0.438,27.771,1.919,10547,-28.688
RollerBallRayBrain,0.426,30.370,2.004,10250,-29.095
RollerBallRayBrain,0.434,32.780,1.833,10294,-29.195
RollerBallRayBrain,0.422,35.265,1.909,10241,-29.040
RollerBallRayBrain,0.433,37.827,1.952,10281,-29.273
RollerBallRayBrain,0.425,40.330,1.910,10260,-29.016
RollerBallRayBrain,0.432,42.767,1.853,10249,-29.317
RollerBallRayBrain,0.421,45.295,1.935,10327,-29.328
RollerBallRayBrain,0.430,47.862,1.974,10354,-29.517
RollerBallRayBrain,0.430,50.361,1.917,10342,-29.646
RollerBallRayBrain,0.422,52.798,1.868,10263,-29.632
RollerBallRayBrain,0.423,55.307,1.928,10250,-29.789
RollerBallRayBrain,0.429,57.797,1.920,10253,-29.888
RollerBallRayBrain,0.422,60.252,1.897,10285,-29.931
RollerBallRayBrain,0.427,62.771,1.921,10290,-29.969
RollerBallRayBrain,0.422,65.287,1.929,10254,-29.937
RollerBallRayBrain,0.431,67.753,1.850,10273,-30.008
RollerBallRayBrain,0.432,70.215,1.879,10329,-30.029
RollerBallRayBrain,0.431,72.723,1.929,10267,-30.113
RollerBallRayBrain,0.429,75.232,1.925,10289,-30.044
RollerBallRayBrain,0.431,77.709,1.882,10282,-30.154
RollerBallRayBrain,0.425,80.175,1.894,10253,-30.173
RollerBallRayBrain,0.444,82.728,1.953,10339,-30.231
RollerBallRayBrain,0.427,85.206,1.900,10304,-30.279
RollerBallRayBrain,0.431,87.680,1.889,10283,-30.247
RollerBallRayBrain,0.428,90.159,1.908,10283,-30.316
RollerBallRayBrain,0.430,92.699,1.964,10295,-30.346
RollerBallRayBrain,0.425,95.202,1.934,10250,-30.418
RollerBallRayBrain,0.431,97.667,1.864,10264,-30.440
RollerBallRayBrain,0.426,100.157,1.911,10266,-30.510
RollerBallRayBrain,0.426,102.675,1.927,10251,-30.552
RollerBallRayBrain,0.421,105.123,1.872,10266,-30.617
RollerBallRayBrain,0.434,107.632,1.917,10299,-30.671
RollerBallRayBrain,0.424,110.131,1.917,10249,-30.742
RollerBallRayBrain,0.426,112.602,1.886,10242,-30.733
RollerBallRayBrain,0.428,115.081,1.896,10266,-30.788
RollerBallRayBrain,0.443,117.617,1.941,10347,-30.845
RollerBallRayBrain,0.425,120.144,1.923,10342,-30.833
RollerBallRayBrain,0.432,122.636,1.900,10276,-30.851
RollerBallRayBrain,0.429,125.139,1.902,10306,-30.897
RollerBallRayBrain,0.436,127.643,1.920,10298,-30.950
RollerBallRayBrain,0.428,130.153,1.928,10295,-30.896
RollerBallRayBrain,0.430,132.664,1.910,10346,-30.864
RollerBallRayBrain,0.430,135.189,1.936,10250,-30.906
RollerBallRayBrain,0.433,137.622,1.833,10283,-30.942
RollerBallRayBrain,0.428,140.152,1.937,10254,-30.979
RollerBallRayBrain,0.433,142.643,1.925,10289,-30.951
RollerBallRayBrain,0.428,145.139,1.913,10360,-30.953
RollerBallRayBrain,0.438,147.641,1.894,10283,-30.986
RollerBallRayBrain,0.430,150.153,1.909,10246,-30.972
RollerBallRayBrain,0.440,152.672,1.924,10347,-30.975
RollerBallRayBrain,0.427,155.153,1.898,10254,-30.989
RollerBallRayBrain,0.428,157.643,1.910,10290,-30.998
RollerBallRayBrain,0.433,160.148,1.915,10264,-31.003
RollerBallRayBrain,0.442,162.717,1.951,10242,-31.039
RollerBallRayBrain,0.430,165.203,1.904,10267,-31.064
RollerBallRayBrain,0.423,167.714,1.916,10251,-31.045
RollerBallRayBrain,0.424,170.201,1.909,10250,-31.057
RollerBallRayBrain,0.422,172.670,1.889,10250,-31.088
RollerBallRayBrain,0.429,175.182,1.934,10305,-31.086
RollerBallRayBrain,0.429,177.652,1.886,10258,-31.094
RollerBallRayBrain,0.431,180.170,1.925,10363,-31.128
RollerBallRayBrain,0.437,182.701,1.919,10290,-31.140
RollerBallRayBrain,0.426,185.140,1.882,10268,-31.142
RollerBallRayBrain,0.431,187.641,1.906,10250,-31.169
RollerBallRayBrain,0.429,190.156,1.930,10299,-31.194
RollerBallRayBrain,0.433,192.638,1.888,10266,-31.221
RollerBallRayBrain,0.424,195.112,1.903,10246,-31.235
RollerBallRayBrain,0.435,197.627,1.923,10261,-31.190
RollerBallRayBrain,0.424,200.156,1.950,10295,-31.183
RollerBallRayBrain,0.435,202.647,1.916,10288,-31.175
RollerBallRayBrain,0.428,205.114,1.877,10271,-31.172
RollerBallRayBrain,0.432,207.610,1.917,10282,-31.199
RollerBallRayBrain,0.427,210.077,1.892,10246,-31.202
RollerBallRayBrain,0.430,212.564,1.902,10251,-31.193
RollerBallRayBrain,0.429,215.064,1.907,10253,-31.218
RollerBallRayBrain,0.432,217.528,1.883,10247,-31.204
RollerBallRayBrain,0.428,220.040,1.935,10255,-31.201
RollerBallRayBrain,0.441,222.523,1.874,10251,-31.217
RollerBallRayBrain,0.425,225.012,1.892,10354,-31.202
RollerBallRayBrain,0.429,227.493,1.878,10254,-31.202
RollerBallRayBrain,0.427,229.979,1.909,10306,-31.213
RollerBallRayBrain,0.433,232.509,1.925,10397,-31.216
RollerBallRayBrain,0.426,235.015,1.921,10313,-31.225
RollerBallRayBrain,0.421,237.488,1.900,10265,-31.252
RollerBallRayBrain,0.439,239.983,1.889,10300,-31.265
RollerBallRayBrain,0.431,242.505,1.927,10314,-31.290
RollerBallRayBrain,0.426,244.963,1.870,10247,-31.287
RollerBallRayBrain,0.427,247.459,1.907,10249,-31.311
RollerBallRayBrain,0.427,249.953,1.905,10315,-31.329
RollerBallRayBrain,0.434,252.474,1.939,10296,-31.313
RollerBallRayBrain,0.434,254.971,1.898,10276,-31.269
RollerBallRayBrain,0.431,257.499,1.922,10339,-31.262
RollerBallRayBrain,0.424,260.048,1.966,10289,-31.267
RollerBallRayBrain,0.437,262.487,1.839,10251,-31.280
RollerBallRayBrain,0.429,265.034,1.959,10338,-31.269
RollerBallRayBrain,0.423,267.501,1.894,10276,-31.270
RollerBallRayBrain,0.421,270.004,1.914,10264,-31.258
RollerBallRayBrain,0.436,272.526,1.927,10309,-31.266
RollerBallRayBrain,0.429,275.033,1.918,10251,-31.278
RollerBallRayBrain,0.425,277.561,1.940,10297,-31.293
RollerBallRayBrain,0.432,279.991,1.860,10267,-31.306
RollerBallRayBrain,0.427,282.511,1.933,10302,-31.309
RollerBallRayBrain,0.427,285.036,1.928,10283,-31.323
RollerBallRayBrain,0.423,287.486,1.870,10249,-31.329
RollerBallRayBrain,0.426,290.001,1.922,10341,-31.328
RollerBallRayBrain,0.423,292.496,1.909,10290,-31.323
RollerBallRayBrain,0.427,295.048,1.953,10265,-31.344
RollerBallRayBrain,0.420,297.459,1.845,10300,-31.354
RollerBallRayBrain,0.426,299.974,1.924,10249,-31.373
RollerBallRayBrain,0.425,302.442,1.901,10267,-31.385
RollerBallRayBrain,0.421,304.997,1.970,10273,-31.374
RollerBallRayBrain,0.425,307.410,1.833,10298,-31.391
RollerBallRayBrain,0.428,309.915,1.908,10241,-31.390
RollerBallRayBrain,0.422,312.473,1.980,10265,-31.409
RollerBallRayBrain,0.421,314.874,1.834,10248,-31.404
RollerBallRayBrain,0.430,317.388,1.935,10347,-31.420
RollerBallRayBrain,0.430,319.909,1.937,10283,-31.432
RollerBallRayBrain,0.422,322.375,1.885,10263,-31.424
RollerBallRayBrain,0.422,324.882,1.923,10299,-31.427
RollerBallRayBrain,0.423,327.346,1.868,10283,-31.438
