Brain name,Time to update policy,Time since start of training,Time for last experience collection,Number of experiences used for training,Mean return
RollerBallRayBrain,0.491,4.417,2.424,10475,-9.200
RollerBallRayBrain,0.475,7.085,2.040,10901,-31.364
RollerBallRayBrain,0.462,9.635,1.928,10386,-29.418
RollerBallRayBrain,0.473,12.308,2.037,10931,-30.933
RollerBallRayBrain,0.472,14.895,1.941,10541,-30.763
RollerBallRayBrain,0.458,17.543,2.017,10925,-31.213
RollerBallRayBrain,0.456,20.241,2.065,10953,-31.378
RollerBallRayBrain,0.437,22.741,1.906,10549,-31.079
RollerBallRayBrain,0.495,25.525,2.092,10827,-31.024
RollerBallRayBrain,0.440,28.039,1.895,10630,-30.914
RollerBallRayBrain,0.456,30.715,2.036,10868,-31.077
RollerBallRayBrain,0.437,33.390,2.068,10926,-30.940
RollerBallRayBrain,0.446,35.934,1.946,10512,-31.020
RollerBallRayBrain,0.442,38.612,2.066,10950,-31.148
RollerBallRayBrain,0.431,41.118,1.913,10534,-30.988
RollerBallRayBrain,0.440,43.764,2.029,10879,-30.889
RollerBallRayBrain,0.425,46.359,1.993,10303,-30.963
RollerBallRayBrain,0.430,48.810,1.869,10300,-31.042
RollerBallRayBrain,0.424,51.245,1.848,10249,-31.179
RollerBallRayBrain,0.439,53.742,1.902,10414,-31.239
RollerBallRayBrain,0.444,56.460,2.095,10882,-31.370
RollerBallRayBrain,0.508,59.200,2.063,10266,-31.456
RollerBallRayBrain,0.431,61.772,1.972,10258,-31.407
RollerBallRayBrain,0.478,64.248,1.850,10256,-31.334
RollerBallRayBrain,0.437,66.921,2.037,10359,-31.166
RollerBallRayBrain,0.561,69.977,2.292,10277,-31.207
RollerBallRayBrain,0.435,72.774,2.147,10292,-31.113
RollerBallRayBrain,0.427,75.290,1.924,10253,-31.145
RollerBallRayBrain,0.432,77.876,1.990,10269,-31.090
RollerBallRayBrain,0.442,80.494,1.987,10258,-31.110
RollerBallRayBrain,0.425,82.922,1.857,10268,-31.120
RollerBallRayBrain,0.422,85.439,1.922,10328,-31.139
RollerBallRayBrain,0.422,87.980,1.960,10243,-31.056
RollerBallRayBrain,0.425,90.452,1.897,10305,-30.965
RollerBallRayBrain,0.425,92.973,1.920,10249,-31.042
RollerBallRayBrain,0.420,95.544,1.982,10283,-31.091
RollerBallRayBrain,0.422,97.990,1.871,10282,-31.153
RollerBallRayBrain,0.432,100.439,1.860,10274,-31.028
RollerBallRayBrain,0.424,102.958,1.937,10258,-31.007
RollerBallRayBrain,0.423,105.460,1.932,10305,-31.027
RollerBallRayBrain,0.423,107.883,1.849,10263,-31.025
RollerBallRayBrain,0.435,110.395,1.914,10274,-31.031
RollerBallRayBrain,0.426,112.893,1.914,10271,-31.036
RollerBallRayBrain,0.425,115.355,1.876,10314,-31.095
RollerBallRayBrain,0.420,117.800,1.876,10290,-31.008
RollerBallRayBrain,0.437,120.341,1.940,10285,-31.043
RollerBallRayBrain,0.421,122.854,1.931,10283,-31.080
RollerBallRayBrain,0.421,125.303,1.870,10241,-31.017
RollerBallRayBrain,0.421,127.741,1.864,10266,-31.062
RollerBallRayBrain,0.422,130.304,1.984,10299,-31.100
RollerBallRayBrain,0.423,132.746,1.881,10246,-31.076
RollerBallRayBrain,0.420,135.208,1.893,10299,-31.113
RollerBallRayBrain,0.423,137.689,1.891,10249,-31.160
RollerBallRayBrain,0.422,140.191,1.933,10255,-31.138
RollerBallRayBrain,0.425,142.634,1.861,10361,-31.154
RollerBallRayBrain,0.421,145.095,1.888,10252,-31.187
RollerBallRayBrain,0.420,147.591,1.907,10257,-31.205
RollerBallRayBrain,0.420,150.047,1.882,10315,-31.162
RollerBallRayBrain,0.429,152.536,1.898,10299,-31.193
RollerBallRayBrain,0.430,155.048,1.922,10261,-31.144
RollerBallRayBrain,0.421,157.516,1.890,10283,-31.172
RollerBallRayBrain,0.422,159.969,1.875,10266,-31.206
RollerBallRayBrain,0.424,162.435,1.900,10266,-31.238
RollerBallRayBrain,0.422,164.910,1.883,10293,-31.214
RollerBallRayBrain,0.422,167.371,1.879,10249,-31.175
RollerBallRayBrain,0.421,169.855,1.901,10283,-31.201
RollerBallRayBrain,0.425,172.323,1.896,10296,-31.211
RollerBallRayBrain,0.424,174.797,1.890,10273,-31.198
RollerBallRayBrain,0.420,177.255,1.895,10299,-31.224
RollerBallRayBrain,0.424,179.759,1.921,10266,-31.253
RollerBallRayBrain,0.419,182.177,1.860,10253,-31.248
RollerBallRayBrain,0.422,184.661,1.912,10288,-31.240
RollerBallRayBrain,0.422,187.121,1.896,10281,-31.189
RollerBallRayBrain,0.424,189.592,1.890,10246,-31.198
RollerBallRayBrain,0.427,192.063,1.893,10262,-31.196
RollerBallRayBrain,0.424,194.546,1.907,10249,-31.172
RollerBallRayBrain,0.422,196.984,1.884,10255,-31.148
RollerBallRayBrain,0.423,199.441,1.888,10267,-31.166
RollerBallRayBrain,0.421,201.936,1.916,10276,-31.154
RollerBallRayBrain,0.425,204.423,1.911,10242,-31.155
RollerBallRayBrain,0.426,206.860,1.885,10286,-31.140
RollerBallRayBrain,0.427,209.370,1.924,10273,-31.133
RollerBallRayBrain,0.425,211.850,1.900,10356,-31.049
RollerBallRayBrain,0.427,214.300,1.876,10297,-31.061
RollerBallRayBrain,0.426,216.788,1.906,10267,-31.081
RollerBallRayBrain,0.436,219.315,1.929,10356,-31.094
RollerBallRayBrain,0.421,221.756,1.855,10261,-31.097
RollerBallRayBrain,0.425,224.223,1.874,10273,-31.107
RollerBallRayBrain,0.420,226.698,1.902,10247,-31.081
RollerBallRayBrain,0.423,229.167,1.887,10260,-31.078
RollerBallRayBrain,0.422,231.619,1.876,10282,-31.104
RollerBallRayBrain,0.427,234.121,1.922,10304,-31.085
RollerBallRayBrain,0.424,236.600,1.896,10258,-31.094
RollerBallRayBrain,0.425,239.082,1.914,10279,-31.078
RollerBallRayBrain,0.423,241.478,1.828,10261,-31.058
RollerBallRayBrain,0.423,243.970,1.914,10298,-31.084
RollerBallRayBrain,0.424,246.478,1.906,10274,-31.063
RollerBallRayBrain,0.424,248.926,1.865,10271,-31.073
RollerBallRayBrain,0.420,251.375,1.879,10283,-31.091
RollerBallRayBrain,0.421,253.877,1.900,10246,-31.081
RollerBallRayBrain,0.421,256.353,1.891,10242,-31.084
RollerBallRayBrain,0.424,258.802,1.880,10299,-31.072
RollerBallRayBrain,0.426,261.304,1.922,10297,-31.063
RollerBallRayBrain,0.425,263.774,1.895,10283,-31.049
RollerBallRayBrain,0.421,266.238,1.881,10273,-31.038
RollerBallRayBrain,0.420,268.738,1.930,10299,-31.056
RollerBallRayBrain,0.422,271.251,1.930,10300,-31.059
RollerBallRayBrain,0.419,273.640,1.829,10277,-31.015
RollerBallRayBrain,0.423,276.158,1.934,10299,-31.033
RollerBallRayBrain,0.422,278.662,1.913,10279,-31.022
RollerBallRayBrain,0.420,281.131,1.903,10245,-30.946
RollerBallRayBrain,0.423,283.528,1.812,10251,-30.960
RollerBallRayBrain,0.420,286.057,1.962,10305,-30.933
RollerBallRayBrain,0.422,288.512,1.877,10275,-30.933
RollerBallRayBrain,0.422,290.983,1.887,10261,-30.923
RollerBallRayBrain,0.421,293.452,1.881,10288,-30.930
RollerBallRayBrain,0.421,295.948,1.911,10266,-30.921
RollerBallRayBrain,0.420,298.375,1.857,10241,-30.890
RollerBallRayBrain,0.428,300.864,1.899,10430,-30.902
RollerBallRayBrain,0.422,303.398,1.953,10263,-30.887
RollerBallRayBrain,0.421,305.830,1.862,10265,-30.887
RollerBallRayBrain,0.421,308.289,1.882,10265,-30.849
RollerBallRayBrain,0.427,310.788,1.917,10301,-30.853
RollerBallRayBrain,0.427,313.313,1.944,10363,-30.874
RollerBallRayBrain,0.426,315.806,1.899,10282,-30.894
RollerBallRayBrain,0.423,318.172,1.797,10261,-30.890
RollerBallRayBrain,0.421,320.702,1.947,10252,-30.872
RollerBallRayBrain,0.426,323.169,1.891,10283,-30.860
RollerBallRayBrain,0.420,325.644,1.896,10266,-30.879
RollerBallRayBrain,0.428,328.088,1.866,10290,-30.864
