Brain name,Time to update policy,Time since start of training,Time for last experience collection,Number of experiences used for training,Mean return
RollerBallRayBrain,2.376,6.590,2.740,10416,-11.338
RollerBallRayBrain,2.334,11.406,2.283,10735,-28.918
RollerBallRayBrain,2.262,16.031,2.195,10514,-28.541
RollerBallRayBrain,2.274,20.785,2.301,10892,-29.352
RollerBallRayBrain,2.258,25.387,2.160,10549,-29.581
RollerBallRayBrain,2.277,30.137,2.285,10898,-30.531
RollerBallRayBrain,2.303,34.969,2.355,10801,-31.055
RollerBallRayBrain,2.314,39.644,2.187,10558,-30.993
RollerBallRayBrain,2.304,44.452,2.317,10298,-31.290
RollerBallRayBrain,2.357,49.052,2.070,10261,-31.325
RollerBallRayBrain,2.267,53.609,2.121,10282,-31.525
RollerBallRayBrain,2.246,58.328,2.281,10249,-31.580
RollerBallRayBrain,2.253,62.911,2.161,10305,-31.551
RollerBallRayBrain,2.265,67.378,2.040,10247,-31.555
RollerBallRayBrain,2.242,71.910,2.109,10462,-31.645
RollerBallRayBrain,2.306,76.696,2.289,10245,-31.645
RollerBallRayBrain,2.269,81.279,2.152,10300,-31.708
RollerBallRayBrain,2.253,85.705,2.027,10244,-31.669
RollerBallRayBrain,2.280,90.421,2.261,10611,-31.639
RollerBallRayBrain,2.331,95.202,2.259,10574,-31.648
RollerBallRayBrain,2.270,99.854,2.204,10305,-31.517
RollerBallRayBrain,2.265,104.443,2.151,10302,-31.400
RollerBallRayBrain,2.273,108.919,2.048,10266,-31.483
RollerBallRayBrain,2.219,113.505,2.193,10363,-31.326
RollerBallRayBrain,2.229,118.104,2.194,10262,-31.348
RollerBallRayBrain,2.302,122.709,2.119,10264,-31.348
RollerBallRayBrain,2.282,127.279,2.135,10254,-31.267
RollerBallRayBrain,2.257,131.896,2.168,10278,-31.209
RollerBallRayBrain,2.218,136.444,2.163,10284,-31.030
RollerBallRayBrain,2.306,141.085,2.145,10302,-30.894
RollerBallRayBrain,2.358,145.771,2.155,10285,-30.761
RollerBallRayBrain,2.327,150.543,2.262,10302,-30.717
RollerBallRayBrain,2.227,155.022,2.083,10292,-30.531
RollerBallRayBrain,2.242,159.585,2.147,10332,-30.429
RollerBallRayBrain,2.214,164.141,2.172,10367,-30.224
RollerBallRayBrain,2.217,168.672,2.131,10255,-30.181
RollerBallRayBrain,2.230,173.186,2.107,10255,-30.151
RollerBallRayBrain,2.206,177.702,2.145,10263,-30.097
RollerBallRayBrain,2.254,182.220,2.096,10284,-30.103
RollerBallRayBrain,2.246,186.814,2.182,10287,-30.010
RollerBallRayBrain,2.255,191.399,2.167,10285,-29.820
RollerBallRayBrain,2.215,195.971,2.177,10256,-29.533
RollerBallRayBrain,2.226,200.489,2.127,10241,-29.452
RollerBallRayBrain,2.239,205.026,2.120,10296,-29.391
RollerBallRayBrain,2.218,209.592,2.170,10280,-29.375
RollerBallRayBrain,2.233,214.124,2.129,10282,-29.294
RollerBallRayBrain,2.239,218.732,2.201,10273,-29.155
RollerBallRayBrain,2.203,223.219,2.112,10281,-29.041
RollerBallRayBrain,2.302,227.884,2.185,10251,-28.988
RollerBallRayBrain,2.231,232.450,2.174,10298,-28.937
RollerBallRayBrain,2.302,237.057,2.141,10297,-28.762
RollerBallRayBrain,2.285,241.720,2.195,10289,-28.743
RollerBallRayBrain,2.277,246.317,2.168,10364,-28.681
RollerBallRayBrain,2.223,250.893,2.180,10251,-28.660
RollerBallRayBrain,2.304,255.618,2.243,10300,-28.634
RollerBallRayBrain,2.279,260.296,2.214,10367,-28.399
RollerBallRayBrain,2.291,264.931,2.179,10258,-28.214
RollerBallRayBrain,2.294,269.643,2.228,10247,-27.975
RollerBallRayBrain,2.253,274.220,2.162,10325,-27.795
RollerBallRayBrain,2.236,278.786,2.157,10249,-27.743
RollerBallRayBrain,2.232,283.448,2.251,10351,-27.398
RollerBallRayBrain,2.276,288.004,2.100,10370,-27.281
RollerBallRayBrain,2.288,292.665,2.203,10366,-27.174
RollerBallRayBrain,2.220,297.211,2.165,10262,-27.082
RollerBallRayBrain,2.279,301.891,2.235,10298,-26.854
RollerBallRayBrain,2.301,306.537,2.191,10327,-26.389
RollerBallRayBrain,2.201,311.203,2.292,10265,-25.969
RollerBallRayBrain,2.222,315.735,2.131,10306,-25.881
RollerBallRayBrain,2.237,320.321,2.168,10249,-25.659
RollerBallRayBrain,2.246,324.901,2.166,10298,-25.462
RollerBallRayBrain,2.217,329.527,2.240,10265,-25.378
RollerBallRayBrain,2.206,334.138,2.238,10277,-25.032
RollerBallRayBrain,2.211,338.614,2.099,10257,-24.911
RollerBallRayBrain,2.191,343.202,2.230,10264,-24.737
RollerBallRayBrain,2.304,347.862,2.187,10311,-24.425
RollerBallRayBrain,2.331,352.591,2.228,10295,-24.246
RollerBallRayBrain,2.241,357.264,2.249,10348,-23.930
RollerBallRayBrain,2.283,361.918,2.197,10276,-23.738
RollerBallRayBrain,2.243,366.560,2.221,10261,-23.480
RollerBallRayBrain,2.252,371.227,2.255,10297,-23.066
RollerBallRayBrain,2.217,375.845,2.205,10290,-22.744
RollerBallRayBrain,2.223,380.480,2.241,10267,-22.499
RollerBallRayBrain,2.247,385.132,2.239,10298,-22.308
RollerBallRayBrain,2.221,389.682,2.157,10301,-22.108
RollerBallRayBrain,2.259,394.388,2.274,10281,-21.929
RollerBallRayBrain,2.239,399.041,2.232,10275,-21.681
RollerBallRayBrain,2.233,403.617,2.157,10279,-21.498
RollerBallRayBrain,2.299,408.371,2.273,10280,-21.295
RollerBallRayBrain,2.242,413.056,2.270,10297,-21.045
RollerBallRayBrain,2.232,417.683,2.223,10297,-20.931
RollerBallRayBrain,2.237,422.326,2.233,10272,-20.644
RollerBallRayBrain,2.294,427.021,2.222,10296,-20.487
RollerBallRayBrain,2.272,431.706,2.234,10416,-20.385
RollerBallRayBrain,2.238,436.370,2.230,10251,-20.206
RollerBallRayBrain,2.255,440.999,2.199,10285,-20.160
RollerBallRayBrain,2.261,445.686,2.241,10277,-19.991
RollerBallRayBrain,2.249,450.357,2.255,10336,-19.799
RollerBallRayBrain,2.240,454.996,2.245,10301,-19.701
RollerBallRayBrain,2.258,459.667,2.240,10273,-19.539
RollerBallRayBrain,2.249,464.368,2.282,10284,-19.317
RollerBallRayBrain,2.232,468.980,2.203,10316,-19.141
RollerBallRayBrain,2.247,473.719,2.323,10374,-18.934
RollerBallRayBrain,2.255,478.407,2.267,10286,-18.709
RollerBallRayBrain,2.267,483.100,2.260,10247,-18.529
RollerBallRayBrain,2.228,487.691,2.188,10267,-18.414
RollerBallRayBrain,2.269,492.364,2.235,10336,-18.321
RollerBallRayBrain,2.244,497.047,2.255,10250,-18.227
RollerBallRayBrain,2.226,501.678,2.232,10251,-18.126
RollerBallRayBrain,2.213,506.323,2.269,10241,-17.972
RollerBallRayBrain,2.217,510.944,2.229,10241,-17.844
RollerBallRayBrain,2.236,515.578,2.232,10256,-17.749
RollerBallRayBrain,2.247,520.276,2.287,10299,-17.587
RollerBallRayBrain,2.265,524.976,2.269,10289,-17.439
RollerBallRayBrain,2.269,529.673,2.264,10268,-17.308
RollerBallRayBrain,2.260,534.473,2.366,10271,-17.135
RollerBallRayBrain,2.241,539.159,2.273,10357,-17.030
RollerBallRayBrain,2.228,543.760,2.205,10246,-16.961
RollerBallRayBrain,2.273,548.516,2.306,10255,-16.844
RollerBallRayBrain,2.308,553.308,2.307,10309,-16.728
RollerBallRayBrain,2.337,558.106,2.259,10257,-16.661
RollerBallRayBrain,2.313,562.968,2.357,10260,-16.550
RollerBallRayBrain,2.245,567.695,2.300,10318,-16.479
RollerBallRayBrain,2.256,572.390,2.255,10279,-16.376
RollerBallRayBrain,2.242,577.047,2.245,10373,-16.266
RollerBallRayBrain,2.262,581.796,2.312,10260,-16.119
RollerBallRayBrain,2.281,586.501,2.243,10269,-16.038
RollerBallRayBrain,2.351,591.321,2.291,10288,-15.952
RollerBallRayBrain,2.284,596.078,2.300,10279,-15.880
RollerBallRayBrain,2.307,600.804,2.242,10306,-15.795
RollerBallRayBrain,2.265,605.561,2.311,10261,-15.716
