Brain name,Time to update policy,Time since start of training,Time for last experience collection,Number of experiences used for training,Mean return
RollerBallRayBrain,2.348,6.584,2.762,10505,-4.200
RollerBallRayBrain,2.329,11.410,2.308,10973,-31.355
RollerBallRayBrain,2.301,15.991,2.102,10501,-29.795
RollerBallRayBrain,2.339,20.768,2.260,10930,-31.332
RollerBallRayBrain,2.409,25.644,2.261,10562,-31.399
RollerBallRayBrain,2.365,30.654,2.437,10927,-31.804
RollerBallRayBrain,2.312,35.561,2.380,10835,-31.896
RollerBallRayBrain,2.277,40.148,2.137,10571,-31.757
RollerBallRayBrain,2.262,44.872,2.290,10947,-31.822
RollerBallRayBrain,2.236,49.428,2.137,10552,-31.684
RollerBallRayBrain,2.252,54.173,2.317,10765,-31.832
RollerBallRayBrain,2.250,58.872,2.277,10898,-32.006
RollerBallRayBrain,2.252,63.464,2.162,10626,-32.045
RollerBallRayBrain,2.259,68.161,2.259,10866,-32.061
RollerBallRayBrain,2.240,72.719,2.145,10545,-32.088
RollerBallRayBrain,2.238,77.431,2.289,10993,-32.088
RollerBallRayBrain,2.270,82.152,2.286,10905,-32.083
RollerBallRayBrain,2.255,86.751,2.172,10510,-31.980
RollerBallRayBrain,2.255,91.453,2.267,10268,-31.913
RollerBallRayBrain,2.212,95.980,2.137,10293,-31.846
RollerBallRayBrain,2.224,100.399,2.030,10247,-31.736
RollerBallRayBrain,2.226,105.064,2.267,10736,-31.768
RollerBallRayBrain,2.206,109.607,2.155,10349,-31.798
RollerBallRayBrain,2.213,114.225,2.231,10256,-31.747
RollerBallRayBrain,2.315,118.839,2.141,10297,-31.641
RollerBallRayBrain,2.241,123.364,2.118,10242,-31.587
RollerBallRayBrain,2.247,128.006,2.221,10268,-31.619
RollerBallRayBrain,2.243,132.679,2.239,10294,-31.606
RollerBallRayBrain,2.226,137.143,2.069,10402,-31.635
RollerBallRayBrain,2.247,141.742,2.189,10329,-31.521
RollerBallRayBrain,2.253,146.497,2.316,10300,-31.576
RollerBallRayBrain,2.237,150.982,2.102,10260,-31.576
RollerBallRayBrain,2.213,155.461,2.092,10283,-31.615
RollerBallRayBrain,2.280,160.078,2.162,10359,-31.515
RollerBallRayBrain,2.213,164.717,2.241,10282,-31.520
RollerBallRayBrain,2.240,169.176,2.058,10251,-31.422
RollerBallRayBrain,2.308,173.829,2.176,10293,-31.132
RollerBallRayBrain,2.241,178.390,2.146,10261,-31.054
RollerBallRayBrain,2.278,183.075,2.240,10283,-31.059
RollerBallRayBrain,2.217,187.587,2.138,10294,-31.037
RollerBallRayBrain,2.250,192.233,2.224,10259,-31.086
RollerBallRayBrain,2.260,196.826,2.172,10247,-31.120
RollerBallRayBrain,2.248,201.338,2.081,10267,-31.000
RollerBallRayBrain,2.300,206.026,2.226,10291,-30.901
RollerBallRayBrain,2.236,210.530,2.101,10267,-30.809
RollerBallRayBrain,2.236,215.147,2.213,10246,-30.767
RollerBallRayBrain,2.257,219.738,2.162,10319,-30.734
RollerBallRayBrain,2.285,224.411,2.212,10304,-30.708
RollerBallRayBrain,2.285,229.056,2.183,10267,-30.705
RollerBallRayBrain,2.242,233.631,2.170,10318,-30.714
RollerBallRayBrain,2.283,238.269,2.186,10310,-30.602
RollerBallRayBrain,2.326,242.978,2.209,10315,-30.581
RollerBallRayBrain,2.295,247.683,2.237,10287,-30.483
RollerBallRayBrain,2.252,252.297,2.179,10298,-30.396
RollerBallRayBrain,2.225,256.880,2.174,10314,-30.387
RollerBallRayBrain,2.206,261.432,2.172,10306,-30.338
RollerBallRayBrain,2.237,266.042,2.195,10292,-30.307
RollerBallRayBrain,2.241,270.589,2.148,10280,-30.259
RollerBallRayBrain,2.264,275.224,2.200,10253,-30.268
RollerBallRayBrain,2.246,279.825,2.179,10305,-30.283
RollerBallRayBrain,2.221,284.345,2.123,10269,-30.284
RollerBallRayBrain,2.231,288.906,2.176,10258,-30.254
RollerBallRayBrain,2.272,293.509,2.163,10271,-30.206
RollerBallRayBrain,2.236,298.102,2.193,10283,-30.187
RollerBallRayBrain,2.295,302.806,2.237,10269,-30.207
RollerBallRayBrain,2.224,307.346,2.156,10282,-30.167
RollerBallRayBrain,2.237,311.926,2.173,10294,-30.107
RollerBallRayBrain,2.273,316.559,2.190,10329,-30.087
RollerBallRayBrain,2.233,321.118,2.160,10244,-30.077
RollerBallRayBrain,2.243,325.731,2.182,10279,-30.066
RollerBallRayBrain,2.285,330.359,2.175,10359,-29.983
RollerBallRayBrain,2.242,334.913,2.141,10286,-29.913
RollerBallRayBrain,2.263,339.531,2.173,10306,-29.884
RollerBallRayBrain,2.249,344.192,2.243,10346,-29.795
RollerBallRayBrain,2.227,348.719,2.126,10352,-29.766
RollerBallRayBrain,2.276,353.364,2.191,10298,-29.723
RollerBallRayBrain,2.249,357.990,2.197,10292,-29.645
RollerBallRayBrain,2.283,362.601,2.162,10354,-29.636
RollerBallRayBrain,2.241,367.190,2.175,10302,-29.648
RollerBallRayBrain,2.196,371.698,2.152,10283,-29.632
RollerBallRayBrain,2.278,376.333,2.185,10299,-29.672
RollerBallRayBrain,2.256,380.953,2.192,10353,-29.566
RollerBallRayBrain,2.270,385.671,2.274,10279,-29.540
RollerBallRayBrain,2.277,390.238,2.122,10299,-29.454
RollerBallRayBrain,2.224,394.765,2.119,10298,-29.429
RollerBallRayBrain,2.232,399.349,2.185,10318,-29.442
RollerBallRayBrain,2.246,403.999,2.236,10303,-29.404
RollerBallRayBrain,2.227,408.570,2.169,10353,-29.354
RollerBallRayBrain,2.263,413.173,2.177,10269,-29.379
RollerBallRayBrain,2.310,417.905,2.239,10338,-29.371
RollerBallRayBrain,2.304,422.758,2.353,10269,-29.301
RollerBallRayBrain,2.241,427.248,2.081,10313,-29.286
RollerBallRayBrain,2.203,431.791,2.172,10279,-29.264
RollerBallRayBrain,2.234,436.373,2.174,10314,-29.259
RollerBallRayBrain,2.246,441.007,2.220,10337,-29.193
RollerBallRayBrain,2.267,445.586,2.141,10257,-29.204
RollerBallRayBrain,2.292,450.345,2.300,10285,-29.175
RollerBallRayBrain,2.280,455.020,2.218,10301,-29.139
RollerBallRayBrain,2.246,459.638,2.201,10274,-29.050
RollerBallRayBrain,2.263,464.237,2.166,10269,-29.012
RollerBallRayBrain,2.220,468.851,2.227,10246,-28.940
RollerBallRayBrain,2.275,473.504,2.208,10259,-28.864
RollerBallRayBrain,2.299,478.244,2.264,10294,-28.795
RollerBallRayBrain,2.265,482.790,2.115,10317,-28.813
RollerBallRayBrain,2.289,487.500,2.240,10277,-28.731
RollerBallRayBrain,2.250,492.098,2.181,10281,-28.739
RollerBallRayBrain,2.290,496.779,2.214,10356,-28.730
RollerBallRayBrain,2.271,501.423,2.186,10271,-28.693
RollerBallRayBrain,2.249,506.069,2.227,10297,-28.666
RollerBallRayBrain,2.245,510.643,2.167,10284,-28.613
RollerBallRayBrain,2.287,515.294,2.194,10319,-28.595
RollerBallRayBrain,2.238,519.898,2.188,10246,-28.556
RollerBallRayBrain,2.276,524.512,2.180,10292,-28.538
RollerBallRayBrain,2.255,529.172,2.225,10269,-28.498
RollerBallRayBrain,2.291,533.844,2.198,10287,-28.452
RollerBallRayBrain,2.301,538.556,2.240,10258,-28.408
RollerBallRayBrain,2.326,543.329,2.271,10254,-28.395
RollerBallRayBrain,2.280,547.912,2.130,10295,-28.331
RollerBallRayBrain,2.279,552.563,2.209,10254,-28.293
RollerBallRayBrain,2.264,557.183,2.194,10246,-28.306
RollerBallRayBrain,2.248,561.785,2.169,10249,-28.295
RollerBallRayBrain,2.298,566.465,2.208,10258,-28.222
RollerBallRayBrain,2.283,571.125,2.190,10309,-28.219
RollerBallRayBrain,2.316,575.826,2.209,10255,-28.197
RollerBallRayBrain,2.237,580.385,2.158,10257,-28.153
RollerBallRayBrain,2.266,585.053,2.240,10243,-28.119
RollerBallRayBrain,2.334,589.787,2.218,10253,-28.102
RollerBallRayBrain,2.279,594.498,2.232,10256,-28.021
RollerBallRayBrain,2.304,599.156,2.178,10262,-27.999
RollerBallRayBrain,2.258,603.822,2.210,10262,-27.970
