Brain name,Time to update policy,Time since start of training,Time for last experience collection,Number of experiences used for training,Mean return
RollerBallRayBrain,2.323,6.409,2.684,10530,nan
RollerBallRayBrain,2.282,11.183,2.324,10924,-33.350
RollerBallRayBrain,2.265,15.777,2.170,10530,-33.350
RollerBallRayBrain,2.260,20.490,2.289,10926,-32.904
RollerBallRayBrain,2.266,25.098,2.150,10467,-32.589
RollerBallRayBrain,2.351,29.958,2.305,10907,-32.462
RollerBallRayBrain,2.261,34.756,2.341,10995,-32.654
RollerBallRayBrain,2.287,39.340,2.145,10483,-32.475
RollerBallRayBrain,2.266,44.064,2.296,10994,-32.405
RollerBallRayBrain,2.291,48.651,2.115,10481,-32.411
RollerBallRayBrain,2.283,53.420,2.300,10865,-32.442
RollerBallRayBrain,2.268,58.159,2.282,10881,-32.089
RollerBallRayBrain,2.271,62.734,2.156,10529,-32.113
RollerBallRayBrain,2.261,67.487,2.308,10930,-32.246
RollerBallRayBrain,2.200,71.989,2.121,10497,-32.256
RollerBallRayBrain,2.243,76.708,2.275,10944,-32.258
RollerBallRayBrain,2.284,81.458,2.287,10963,-32.344
RollerBallRayBrain,2.234,86.087,2.229,10529,-32.358
RollerBallRayBrain,2.290,90.909,2.344,10995,-32.435
RollerBallRayBrain,2.238,95.456,2.134,10497,-32.441
RollerBallRayBrain,2.285,100.218,2.291,10971,-32.441
RollerBallRayBrain,2.232,104.913,2.287,10915,-32.414
RollerBallRayBrain,2.245,109.479,2.159,10480,-32.426
RollerBallRayBrain,2.272,114.222,2.308,10995,-32.482
RollerBallRayBrain,2.341,118.965,2.203,10497,-32.486
RollerBallRayBrain,2.265,123.726,2.304,10962,-32.539
RollerBallRayBrain,2.288,128.511,2.298,10947,-32.577
RollerBallRayBrain,2.241,133.079,2.160,10480,-32.585
RollerBallRayBrain,2.238,137.698,2.220,10283,-32.566
RollerBallRayBrain,2.222,142.167,2.078,10258,-32.507
RollerBallRayBrain,2.232,146.624,2.052,10422,-32.539
RollerBallRayBrain,2.274,151.342,2.271,10753,-32.566
RollerBallRayBrain,2.239,155.949,2.177,10403,-32.475
RollerBallRayBrain,2.263,160.642,2.232,10300,-32.459
RollerBallRayBrain,2.234,165.148,2.093,10275,-32.423
RollerBallRayBrain,2.249,169.617,2.051,10355,-32.404
RollerBallRayBrain,2.238,174.146,2.115,10351,-32.289
RollerBallRayBrain,2.228,178.781,2.216,10314,-32.278
RollerBallRayBrain,2.240,183.263,2.060,10273,-32.276
RollerBallRayBrain,2.230,187.730,2.069,10241,-32.251
RollerBallRayBrain,2.237,192.328,2.180,10249,-32.281
RollerBallRayBrain,2.268,196.919,2.158,10246,-32.097
RollerBallRayBrain,2.243,201.387,2.053,10312,-31.976
RollerBallRayBrain,2.225,205.933,2.143,10324,-31.931
RollerBallRayBrain,2.366,210.711,2.217,10350,-31.846
RollerBallRayBrain,2.246,215.242,2.105,10246,-31.853
RollerBallRayBrain,2.281,219.846,2.154,10319,-31.865
RollerBallRayBrain,2.243,224.447,2.193,10283,-31.889
RollerBallRayBrain,2.230,229.112,2.245,10250,-31.915
RollerBallRayBrain,2.260,233.658,2.125,10280,-31.869
RollerBallRayBrain,2.266,238.201,2.097,10271,-31.856
RollerBallRayBrain,2.227,242.850,2.239,10249,-31.844
RollerBallRayBrain,2.283,247.443,2.144,10316,-31.845
RollerBallRayBrain,2.254,252.020,2.136,10298,-31.875
RollerBallRayBrain,2.269,256.650,2.191,10241,-31.796
RollerBallRayBrain,2.245,261.260,2.181,10276,-31.794
RollerBallRayBrain,2.233,265.827,2.149,10272,-31.708
RollerBallRayBrain,2.259,270.346,2.093,10271,-31.715
RollerBallRayBrain,2.213,274.936,2.211,10293,-31.717
RollerBallRayBrain,2.217,279.491,2.166,10267,-31.687
RollerBallRayBrain,2.241,284.000,2.116,10246,-31.631
RollerBallRayBrain,2.211,288.512,2.128,10274,-31.583
RollerBallRayBrain,2.280,293.076,2.117,10253,-31.510
RollerBallRayBrain,2.251,297.634,2.144,10364,-31.429
RollerBallRayBrain,2.226,302.218,2.164,10319,-31.449
RollerBallRayBrain,2.309,306.813,2.113,10246,-31.332
RollerBallRayBrain,2.237,311.469,2.242,10282,-31.362
RollerBallRayBrain,2.291,316.063,2.131,10362,-31.270
RollerBallRayBrain,2.273,320.641,2.144,10242,-31.144
RollerBallRayBrain,2.265,325.279,2.197,10283,-31.142
RollerBallRayBrain,2.251,329.863,2.162,10252,-31.064
RollerBallRayBrain,2.226,334.417,2.141,10299,-30.976
RollerBallRayBrain,2.253,339.043,2.189,10276,-30.915
RollerBallRayBrain,2.239,343.642,2.183,10252,-30.752
RollerBallRayBrain,2.239,348.104,2.052,10289,-30.727
RollerBallRayBrain,2.242,352.789,2.267,10247,-30.657
RollerBallRayBrain,2.281,357.352,2.115,10241,-30.537
RollerBallRayBrain,2.281,361.955,2.146,10276,-30.380
RollerBallRayBrain,2.224,366.518,2.158,10266,-30.262
RollerBallRayBrain,2.233,371.127,2.198,10303,-30.088
RollerBallRayBrain,2.237,375.740,2.195,10302,-29.915
RollerBallRayBrain,2.234,380.259,2.103,10270,-29.676
RollerBallRayBrain,2.239,384.846,2.172,10276,-29.380
RollerBallRayBrain,2.250,389.511,2.235,10253,-29.213
RollerBallRayBrain,2.225,394.076,2.168,10305,-28.847
RollerBallRayBrain,2.241,398.737,2.239,10273,-28.509
RollerBallRayBrain,2.313,403.411,2.189,10286,-28.261
RollerBallRayBrain,2.284,408.024,2.155,10261,-27.976
RollerBallRayBrain,2.310,412.678,2.173,10297,-27.780
RollerBallRayBrain,2.311,417.422,2.270,10270,-27.519
RollerBallRayBrain,2.244,422.051,2.200,10300,-27.355
RollerBallRayBrain,2.267,426.651,2.174,10302,-27.178
RollerBallRayBrain,2.286,431.306,2.194,10285,-26.911
RollerBallRayBrain,2.277,435.990,2.234,10311,-26.704
RollerBallRayBrain,2.253,440.588,2.176,10320,-26.490
RollerBallRayBrain,2.301,445.278,2.209,10246,-26.233
RollerBallRayBrain,2.292,450.018,2.267,10348,-26.164
RollerBallRayBrain,2.301,454.745,2.242,10370,-25.944
RollerBallRayBrain,2.218,459.422,2.267,10343,-25.603
RollerBallRayBrain,2.251,464.092,2.230,10295,-25.312
RollerBallRayBrain,2.230,468.717,2.215,10266,-24.975
RollerBallRayBrain,2.209,473.238,2.132,10314,-24.778
RollerBallRayBrain,2.226,477.929,2.278,10266,-24.529
RollerBallRayBrain,2.230,482.571,2.222,10250,-24.191
RollerBallRayBrain,2.213,487.215,2.267,10310,-23.909
RollerBallRayBrain,2.264,491.834,2.175,10339,-23.641
RollerBallRayBrain,2.249,496.452,2.187,10287,-23.402
RollerBallRayBrain,2.270,501.177,2.287,10310,-23.139
RollerBallRayBrain,2.244,505.755,2.167,10248,-22.921
RollerBallRayBrain,2.274,510.541,2.311,10254,-22.650
RollerBallRayBrain,2.251,515.253,2.287,10304,-22.383
RollerBallRayBrain,2.248,519.897,2.219,10300,-22.149
RollerBallRayBrain,2.246,524.560,2.238,10244,-21.898
RollerBallRayBrain,2.239,529.197,2.235,10327,-21.668
RollerBallRayBrain,2.293,533.972,2.298,10331,-21.402
RollerBallRayBrain,2.412,539.033,2.440,10247,-21.165
RollerBallRayBrain,2.315,543.809,2.265,10264,-20.942
RollerBallRayBrain,2.323,548.571,2.273,10264,-20.642
RollerBallRayBrain,2.269,553.359,2.348,10296,-20.371
RollerBallRayBrain,2.293,558.177,2.326,10304,-20.106
RollerBallRayBrain,2.247,562.862,2.260,10272,-19.821
RollerBallRayBrain,2.302,567.626,2.269,10258,-19.575
RollerBallRayBrain,2.295,572.393,2.297,10369,-19.400
RollerBallRayBrain,2.303,577.147,2.268,10375,-19.153
RollerBallRayBrain,2.251,581.869,2.297,10354,-18.939
RollerBallRayBrain,2.288,586.633,2.276,10296,-18.710
RollerBallRayBrain,2.300,591.578,2.435,10300,-18.497
RollerBallRayBrain,2.223,596.256,2.280,10260,-18.334
RollerBallRayBrain,2.262,601.042,2.328,10285,-18.098
