Brain name,Time to update policy,Time since start of training,Time for last experience collection,Number of experiences used for training,Mean return
RollerBallRayBrain,2.328,6.469,2.715,10498,-16.850
RollerBallRayBrain,2.302,11.257,2.320,10845,-31.616
RollerBallRayBrain,2.258,15.828,2.132,10482,-31.343
RollerBallRayBrain,2.275,20.572,2.283,10871,-31.241
RollerBallRayBrain,2.253,25.121,2.118,10513,-31.344
RollerBallRayBrain,2.295,29.889,2.290,11006,-31.280
RollerBallRayBrain,2.278,34.655,2.293,11011,-31.745
RollerBallRayBrain,2.241,39.206,2.131,10432,-31.772
RollerBallRayBrain,2.266,43.938,2.288,10975,-31.826
RollerBallRayBrain,2.243,48.494,2.145,10542,-31.662
RollerBallRayBrain,2.279,53.224,2.262,10956,-31.713
RollerBallRayBrain,2.265,57.963,2.288,10978,-31.785
RollerBallRayBrain,2.249,62.518,2.162,10432,-31.800
RollerBallRayBrain,2.272,67.286,2.304,10872,-31.349
RollerBallRayBrain,2.244,71.842,2.127,10513,-31.374
RollerBallRayBrain,2.258,76.554,2.262,10979,-31.554
RollerBallRayBrain,2.286,81.341,2.324,11044,-31.703
RollerBallRayBrain,2.258,85.922,2.148,10409,-31.627
RollerBallRayBrain,2.306,90.744,2.334,11044,-31.756
RollerBallRayBrain,2.250,95.364,2.185,10510,-31.703
RollerBallRayBrain,2.270,100.133,2.318,10909,-31.687
RollerBallRayBrain,2.287,104.934,2.345,11013,-31.715
RollerBallRayBrain,2.240,109.559,2.212,10512,-31.745
RollerBallRayBrain,2.258,114.311,2.307,10852,-31.703
RollerBallRayBrain,2.258,118.913,2.168,10561,-31.726
RollerBallRayBrain,2.267,123.701,2.336,10868,-31.739
RollerBallRayBrain,2.227,128.321,2.236,10288,-31.802
RollerBallRayBrain,2.230,132.911,2.189,10350,-31.737
RollerBallRayBrain,2.220,137.400,2.109,10301,-31.657
RollerBallRayBrain,2.235,141.970,2.177,10291,-31.649
RollerBallRayBrain,2.216,146.590,2.224,10265,-31.714
RollerBallRayBrain,2.236,151.106,2.120,10265,-31.774
RollerBallRayBrain,2.234,155.632,2.112,10268,-31.797
RollerBallRayBrain,2.244,160.314,2.259,10300,-31.805
RollerBallRayBrain,2.227,164.848,2.136,10268,-31.826
RollerBallRayBrain,2.228,169.403,2.151,10297,-31.881
RollerBallRayBrain,2.258,173.918,2.102,10317,-31.897
RollerBallRayBrain,2.235,178.568,2.223,10255,-31.894
RollerBallRayBrain,2.256,183.122,2.131,10249,-31.936
RollerBallRayBrain,2.244,187.639,2.107,10253,-31.917
RollerBallRayBrain,2.250,192.303,2.232,10278,-31.877
RollerBallRayBrain,2.223,196.831,2.136,10252,-31.891
RollerBallRayBrain,2.217,201.322,2.111,10245,-31.862
RollerBallRayBrain,2.242,205.873,2.142,10252,-31.876
RollerBallRayBrain,2.264,210.510,2.202,10276,-31.845
RollerBallRayBrain,2.236,215.074,2.128,10266,-31.876
RollerBallRayBrain,2.223,219.596,2.128,10295,-31.822
RollerBallRayBrain,2.230,224.188,2.188,10321,-31.784
RollerBallRayBrain,2.220,228.696,2.122,10283,-31.768
RollerBallRayBrain,2.228,233.298,2.199,10357,-31.737
RollerBallRayBrain,2.225,237.769,2.076,10301,-31.749
RollerBallRayBrain,2.264,242.464,2.254,10293,-31.687
RollerBallRayBrain,2.243,246.995,2.115,10299,-31.713
RollerBallRayBrain,2.239,251.567,2.168,10255,-31.707
RollerBallRayBrain,2.228,256.084,2.120,10251,-31.674
RollerBallRayBrain,2.254,260.665,2.169,10251,-31.694
RollerBallRayBrain,2.250,265.267,2.181,10297,-31.732
RollerBallRayBrain,2.265,269.828,2.135,10303,-31.742
RollerBallRayBrain,2.296,274.545,2.262,10261,-31.717
RollerBallRayBrain,2.234,279.039,2.100,10296,-31.714
RollerBallRayBrain,2.202,283.581,2.169,10289,-31.681
RollerBallRayBrain,2.200,288.097,2.140,10298,-31.710
RollerBallRayBrain,2.196,292.618,2.164,10272,-31.638
RollerBallRayBrain,2.227,297.082,2.092,10263,-31.640
RollerBallRayBrain,2.225,301.665,2.206,10269,-31.543
RollerBallRayBrain,2.213,306.238,2.184,10278,-31.529
RollerBallRayBrain,2.231,310.746,2.107,10300,-31.535
RollerBallRayBrain,2.210,315.259,2.137,10285,-31.524
RollerBallRayBrain,2.216,319.803,2.149,10244,-31.506
RollerBallRayBrain,2.214,324.381,2.188,10255,-31.455
RollerBallRayBrain,2.252,328.916,2.104,10270,-31.387
RollerBallRayBrain,2.237,333.455,2.137,10277,-31.370
RollerBallRayBrain,2.223,338.052,2.196,10262,-31.352
RollerBallRayBrain,2.221,342.565,2.112,10253,-31.290
RollerBallRayBrain,2.233,347.114,2.146,10336,-31.266
RollerBallRayBrain,2.219,351.706,2.193,10262,-31.256
RollerBallRayBrain,2.211,356.152,2.080,10250,-31.248
RollerBallRayBrain,2.216,360.698,2.168,10300,-31.205
RollerBallRayBrain,2.205,365.259,2.167,10261,-31.138
RollerBallRayBrain,2.233,369.839,2.178,10267,-30.930
RollerBallRayBrain,2.210,374.356,2.144,10271,-30.908
RollerBallRayBrain,2.216,378.879,2.136,10276,-30.846
RollerBallRayBrain,2.212,383.427,2.171,10317,-30.818
RollerBallRayBrain,2.229,388.053,2.225,10302,-30.714
RollerBallRayBrain,2.234,392.602,2.144,10372,-30.682
RollerBallRayBrain,2.217,397.153,2.168,10286,-30.667
RollerBallRayBrain,2.353,401.935,2.251,10280,-30.607
RollerBallRayBrain,2.238,406.534,2.190,10257,-30.527
RollerBallRayBrain,2.229,411.128,2.200,10247,-30.399
RollerBallRayBrain,2.213,415.673,2.153,10301,-30.328
RollerBallRayBrain,2.229,420.278,2.209,10241,-30.281
RollerBallRayBrain,2.238,424.856,2.179,10278,-30.180
RollerBallRayBrain,2.225,429.403,2.156,10289,-30.111
RollerBallRayBrain,2.239,434.001,2.190,10319,-30.038
RollerBallRayBrain,2.273,438.658,2.214,10276,-29.876
RollerBallRayBrain,2.265,443.340,2.240,10253,-29.602
RollerBallRayBrain,2.268,448.024,2.252,10310,-29.394
RollerBallRayBrain,2.254,452.682,2.232,10283,-29.299
RollerBallRayBrain,2.274,457.355,2.217,10278,-29.165
RollerBallRayBrain,2.230,461.915,2.145,10264,-29.072
RollerBallRayBrain,2.246,466.585,2.245,10248,-28.833
RollerBallRayBrain,2.215,471.144,2.169,10258,-28.747
RollerBallRayBrain,2.260,475.737,2.158,10285,-28.722
RollerBallRayBrain,2.238,480.363,2.205,10249,-28.512
RollerBallRayBrain,2.270,485.006,2.210,10362,-28.410
RollerBallRayBrain,2.245,489.645,2.222,10265,-28.333
RollerBallRayBrain,2.224,494.214,2.176,10258,-28.234
RollerBallRayBrain,2.233,498.786,2.176,10292,-28.089
RollerBallRayBrain,2.204,503.377,2.209,10284,-27.939
RollerBallRayBrain,2.250,508.060,2.250,10279,-27.798
RollerBallRayBrain,2.254,512.618,2.142,10281,-27.769
RollerBallRayBrain,2.245,517.276,2.225,10259,-27.722
RollerBallRayBrain,2.268,521.924,2.221,10359,-27.709
RollerBallRayBrain,2.269,526.555,2.201,10305,-27.579
RollerBallRayBrain,2.200,531.152,2.215,10270,-27.341
RollerBallRayBrain,2.263,535.754,2.152,10267,-27.218
RollerBallRayBrain,2.258,540.388,2.202,10264,-27.092
RollerBallRayBrain,2.257,545.079,2.249,10385,-26.930
RollerBallRayBrain,2.250,549.703,2.208,10257,-26.781
RollerBallRayBrain,2.246,554.323,2.200,10283,-26.688
RollerBallRayBrain,2.224,559.002,2.297,10322,-26.483
RollerBallRayBrain,2.218,563.635,2.233,10241,-26.369
RollerBallRayBrain,2.274,568.303,2.217,10288,-26.245
RollerBallRayBrain,2.263,572.966,2.234,10256,-26.187
RollerBallRayBrain,2.253,577.587,2.205,10297,-26.087
RollerBallRayBrain,2.291,582.342,2.297,10267,-25.923
RollerBallRayBrain,2.241,586.994,2.230,10257,-25.754
RollerBallRayBrain,2.296,591.641,2.200,10258,-25.708
RollerBallRayBrain,2.250,596.274,2.205,10293,-25.590
