Brain name,Time to update policy,Time since start of training,Time for last experience collection,Number of experiences used for training,Mean return
RollerBallRayBrain,2.289,6.538,2.786,10407,-0.750
RollerBallRayBrain,2.295,11.331,2.311,10757,-30.405
RollerBallRayBrain,2.276,15.973,2.197,10587,-30.284
RollerBallRayBrain,2.276,20.753,2.312,10783,-31.270
RollerBallRayBrain,2.263,25.321,2.117,10562,-31.339
RollerBallRayBrain,2.292,30.117,2.304,10810,-30.978
RollerBallRayBrain,2.322,34.940,2.326,10972,-31.001
RollerBallRayBrain,2.229,39.481,2.135,10513,-31.060
RollerBallRayBrain,2.248,44.186,2.288,10834,-31.270
RollerBallRayBrain,2.242,48.732,2.134,10589,-31.243
RollerBallRayBrain,2.245,53.423,2.269,10950,-31.346
RollerBallRayBrain,2.269,58.154,2.275,10985,-31.492
RollerBallRayBrain,2.214,62.664,2.135,10449,-31.257
RollerBallRayBrain,2.269,67.410,2.291,10947,-31.376
RollerBallRayBrain,2.219,71.932,2.124,10600,-31.309
RollerBallRayBrain,2.207,76.581,2.276,10268,-30.975
RollerBallRayBrain,2.184,80.890,1.966,10244,-30.980
RollerBallRayBrain,2.231,85.441,2.132,10315,-30.894
RollerBallRayBrain,2.222,90.121,2.268,10591,-30.976
RollerBallRayBrain,2.270,94.717,2.138,10561,-31.020
RollerBallRayBrain,2.223,99.262,2.140,10248,-31.070
RollerBallRayBrain,2.220,103.695,2.049,10266,-31.169
RollerBallRayBrain,2.208,108.237,2.167,10515,-31.111
RollerBallRayBrain,2.191,112.866,2.247,10249,-31.215
RollerBallRayBrain,2.215,117.311,2.069,10279,-31.150
RollerBallRayBrain,2.197,121.735,2.051,10271,-31.121
RollerBallRayBrain,2.218,126.242,2.138,10258,-31.094
RollerBallRayBrain,2.228,130.833,2.198,10278,-31.012
RollerBallRayBrain,2.203,135.292,2.088,10272,-30.940
RollerBallRayBrain,2.198,139.806,2.144,10249,-30.855
RollerBallRayBrain,2.198,144.320,2.142,10242,-30.845
RollerBallRayBrain,2.199,148.804,2.112,10314,-30.816
RollerBallRayBrain,2.201,153.323,2.141,10249,-30.815
RollerBallRayBrain,2.214,157.815,2.106,10243,-30.771
RollerBallRayBrain,2.220,162.395,2.171,10302,-30.630
RollerBallRayBrain,2.234,166.883,2.083,10262,-30.417
RollerBallRayBrain,2.208,171.420,2.155,10245,-30.459
RollerBallRayBrain,2.223,175.911,2.103,10246,-30.336
RollerBallRayBrain,2.287,180.512,2.146,10300,-30.328
RollerBallRayBrain,2.221,185.056,2.174,10266,-30.399
RollerBallRayBrain,2.227,189.602,2.154,10317,-30.387
RollerBallRayBrain,2.188,194.090,2.131,10346,-30.339
RollerBallRayBrain,2.247,198.649,2.146,10356,-30.333
RollerBallRayBrain,2.224,203.229,2.193,10336,-30.337
RollerBallRayBrain,2.222,207.771,2.156,10271,-30.303
RollerBallRayBrain,2.224,212.309,2.142,10246,-30.169
RollerBallRayBrain,2.217,216.808,2.111,10251,-30.213
RollerBallRayBrain,2.251,221.423,2.200,10391,-30.091
RollerBallRayBrain,2.221,225.947,2.114,10279,-29.979
RollerBallRayBrain,2.209,230.469,2.125,10265,-29.907
RollerBallRayBrain,2.224,234.994,2.136,10326,-29.861
RollerBallRayBrain,2.225,239.467,2.072,10259,-29.839
RollerBallRayBrain,2.211,244.014,2.166,10299,-29.841
RollerBallRayBrain,2.231,248.586,2.170,10362,-29.821
RollerBallRayBrain,2.243,253.135,2.133,10297,-29.685
RollerBallRayBrain,2.232,257.663,2.124,10282,-29.643
RollerBallRayBrain,2.227,262.239,2.186,10277,-29.524
RollerBallRayBrain,2.242,266.755,2.128,10267,-29.448
RollerBallRayBrain,2.194,271.228,2.114,10252,-29.415
RollerBallRayBrain,2.264,275.824,2.163,10247,-29.312
RollerBallRayBrain,2.225,280.397,2.173,10267,-29.136
RollerBallRayBrain,2.217,284.916,2.134,10284,-29.102
RollerBallRayBrain,2.225,289.473,2.164,10277,-28.896
RollerBallRayBrain,2.258,294.027,2.130,10254,-28.736
RollerBallRayBrain,2.228,298.584,2.163,10281,-28.682
RollerBallRayBrain,2.250,303.187,2.192,10346,-28.450
RollerBallRayBrain,2.243,307.750,2.149,10304,-28.333
RollerBallRayBrain,2.202,312.294,2.172,10271,-28.241
RollerBallRayBrain,2.221,316.844,2.165,10251,-28.066
RollerBallRayBrain,2.218,321.356,2.120,10274,-28.057
RollerBallRayBrain,2.222,325.863,2.105,10273,-28.052
RollerBallRayBrain,2.220,330.409,2.164,10252,-27.826
RollerBallRayBrain,2.272,334.989,2.146,10258,-27.777
RollerBallRayBrain,2.240,339.553,2.168,10292,-27.615
RollerBallRayBrain,2.196,344.083,2.181,10271,-27.486
RollerBallRayBrain,2.215,348.655,2.181,10241,-27.356
RollerBallRayBrain,2.232,353.207,2.153,10283,-27.045
RollerBallRayBrain,2.251,357.799,2.172,10293,-26.800
RollerBallRayBrain,2.206,362.415,2.233,10255,-26.512
RollerBallRayBrain,2.218,366.926,2.127,10296,-26.194
RollerBallRayBrain,2.204,371.529,2.211,10265,-25.849
RollerBallRayBrain,2.210,376.112,2.215,10278,-25.606
RollerBallRayBrain,2.230,380.719,2.203,10258,-25.334
RollerBallRayBrain,2.227,385.340,2.234,10255,-24.963
RollerBallRayBrain,2.224,389.863,2.139,10275,-24.843
RollerBallRayBrain,2.217,394.442,2.192,10246,-24.684
RollerBallRayBrain,2.213,399.082,2.255,10319,-24.307
RollerBallRayBrain,2.214,403.662,2.194,10277,-24.010
RollerBallRayBrain,2.229,408.266,2.186,10244,-23.858
RollerBallRayBrain,2.227,412.861,2.188,10260,-23.613
RollerBallRayBrain,2.196,417.370,2.139,10249,-23.473
RollerBallRayBrain,2.248,422.019,2.230,10260,-23.213
RollerBallRayBrain,2.218,426.633,2.226,10289,-22.974
RollerBallRayBrain,2.229,431.202,2.171,10264,-22.779
RollerBallRayBrain,2.234,435.772,2.185,10269,-22.601
RollerBallRayBrain,2.192,440.363,2.233,10244,-22.356
RollerBallRayBrain,2.220,444.964,2.208,10370,-22.139
RollerBallRayBrain,2.213,449.567,2.201,10281,-22.008
RollerBallRayBrain,2.210,454.149,2.209,10270,-21.826
RollerBallRayBrain,2.238,458.830,2.265,10305,-21.586
RollerBallRayBrain,2.212,463.395,2.177,10343,-21.372
RollerBallRayBrain,2.209,468.050,2.274,10242,-21.141
RollerBallRayBrain,2.192,472.589,2.183,10273,-20.932
RollerBallRayBrain,2.200,477.190,2.232,10258,-20.792
RollerBallRayBrain,2.218,481.811,2.245,10271,-20.595
RollerBallRayBrain,2.242,486.463,2.232,10302,-20.358
RollerBallRayBrain,2.227,491.035,2.174,10281,-20.252
RollerBallRayBrain,2.217,495.659,2.250,10302,-20.080
RollerBallRayBrain,2.219,500.245,2.190,10278,-19.984
RollerBallRayBrain,2.230,504.884,2.232,10351,-19.802
RollerBallRayBrain,2.225,509.546,2.275,10301,-19.609
RollerBallRayBrain,2.301,514.275,2.257,10398,-19.446
RollerBallRayBrain,2.212,518.926,2.252,10272,-19.257
RollerBallRayBrain,2.228,523.553,2.221,10292,-19.131
RollerBallRayBrain,2.225,528.160,2.209,10271,-19.047
RollerBallRayBrain,2.209,532.734,2.181,10273,-18.952
RollerBallRayBrain,2.231,537.382,2.263,10302,-18.845
RollerBallRayBrain,2.235,542.030,2.234,10363,-18.693
RollerBallRayBrain,2.274,546.800,2.319,10431,-18.501
RollerBallRayBrain,2.225,551.455,2.243,10245,-18.351
RollerBallRayBrain,2.293,556.146,2.240,10290,-18.210
RollerBallRayBrain,2.242,560.880,2.339,10256,-17.921
RollerBallRayBrain,2.270,565.641,2.308,10302,-17.749
RollerBallRayBrain,2.202,570.242,2.243,10305,-17.606
RollerBallRayBrain,2.217,574.887,2.245,10279,-17.455
RollerBallRayBrain,2.205,579.473,2.199,10288,-17.333
RollerBallRayBrain,2.204,584.112,2.258,10317,-17.256
RollerBallRayBrain,2.210,588.779,2.284,10281,-17.103
RollerBallRayBrain,2.212,593.358,2.200,10305,-17.002
RollerBallRayBrain,2.200,597.908,2.190,10272,-16.960
