Brain name,Time to update policy,Time since start of training,Time for last experience collection,Number of experiences used for training,Mean return
RollerBallRayBrain,0.488,4.542,2.445,10366,-5.967
RollerBallRayBrain,0.483,7.294,2.076,10967,-29.203
RollerBallRayBrain,0.466,9.896,1.961,10371,-28.063
RollerBallRayBrain,0.475,12.638,2.080,10915,-28.860
RollerBallRayBrain,0.465,15.246,1.979,10496,-29.264
RollerBallRayBrain,0.468,18.008,2.098,10820,-29.196
RollerBallRayBrain,0.462,20.750,2.084,10989,-29.117
RollerBallRayBrain,0.452,23.474,2.056,10529,-29.247
RollerBallRayBrain,0.463,26.222,2.106,10898,-29.623
RollerBallRayBrain,0.433,28.823,1.988,10507,-29.410
RollerBallRayBrain,0.450,31.570,2.112,10946,-29.650
RollerBallRayBrain,0.445,34.298,2.084,10794,-29.893
RollerBallRayBrain,0.437,36.926,2.037,10698,-29.506
RollerBallRayBrain,0.435,39.606,2.059,10268,-29.273
RollerBallRayBrain,0.433,42.095,1.888,10302,-29.295
RollerBallRayBrain,0.442,44.664,1.971,10261,-29.454
RollerBallRayBrain,0.447,47.339,2.040,10570,-29.446
RollerBallRayBrain,0.434,49.950,2.015,10299,-29.429
RollerBallRayBrain,0.431,52.460,1.900,10358,-29.525
RollerBallRayBrain,0.431,55.071,2.001,10287,-29.485
RollerBallRayBrain,0.436,57.620,1.942,10413,-29.624
RollerBallRayBrain,0.433,60.222,1.985,10513,-29.626
RollerBallRayBrain,0.423,62.804,1.983,10249,-29.804
RollerBallRayBrain,0.432,65.356,1.936,10241,-29.899
RollerBallRayBrain,0.427,67.897,1.934,10304,-29.884
RollerBallRayBrain,0.423,70.474,1.976,10247,-29.900
RollerBallRayBrain,0.433,73.026,1.946,10289,-29.972
RollerBallRayBrain,0.427,75.565,1.941,10364,-30.035
RollerBallRayBrain,0.444,78.152,1.985,10272,-29.714
RollerBallRayBrain,0.424,80.745,2.003,10290,-29.690
RollerBallRayBrain,0.424,83.309,1.979,10252,-29.699
RollerBallRayBrain,0.418,85.827,1.931,10260,-29.499
RollerBallRayBrain,0.421,88.379,1.957,10300,-29.449
RollerBallRayBrain,0.427,90.984,1.986,10294,-29.373
RollerBallRayBrain,0.422,93.524,1.954,10247,-29.381
RollerBallRayBrain,0.430,96.042,1.920,10291,-29.343
RollerBallRayBrain,0.433,98.638,1.992,10262,-29.324
RollerBallRayBrain,0.419,101.199,1.971,10242,-29.253
RollerBallRayBrain,0.424,103.725,1.904,10253,-29.149
RollerBallRayBrain,0.423,106.310,2.034,10301,-29.009
RollerBallRayBrain,0.428,108.890,1.991,10245,-28.984
RollerBallRayBrain,0.427,111.458,1.986,10263,-28.972
RollerBallRayBrain,0.433,114.012,1.951,10327,-28.925
RollerBallRayBrain,0.427,116.625,2.019,10354,-28.987
RollerBallRayBrain,0.426,119.170,1.950,10339,-29.019
RollerBallRayBrain,0.434,121.732,1.954,10268,-29.008
RollerBallRayBrain,0.423,124.346,2.017,10277,-28.965
RollerBallRayBrain,0.421,126.888,1.962,10250,-28.854
RollerBallRayBrain,0.426,129.436,1.963,10247,-28.857
RollerBallRayBrain,0.431,132.020,1.983,10259,-28.748
RollerBallRayBrain,0.425,134.525,1.915,10251,-28.664
RollerBallRayBrain,0.429,137.101,1.992,10287,-28.729
RollerBallRayBrain,0.433,139.683,1.974,10269,-28.767
RollerBallRayBrain,0.423,142.221,1.941,10288,-28.780
RollerBallRayBrain,0.426,144.726,1.928,10267,-28.831
RollerBallRayBrain,0.435,147.316,1.987,10271,-28.788
RollerBallRayBrain,0.448,149.912,1.967,10352,-28.811
RollerBallRayBrain,0.437,152.468,1.969,10291,-28.641
RollerBallRayBrain,0.424,155.036,1.972,10246,-28.555
RollerBallRayBrain,0.427,157.565,1.939,10324,-28.565
RollerBallRayBrain,0.423,160.140,1.989,10275,-28.497
RollerBallRayBrain,0.422,162.703,1.979,10282,-28.571
RollerBallRayBrain,0.426,165.265,1.955,10282,-28.455
RollerBallRayBrain,0.423,167.781,1.940,10273,-28.409
RollerBallRayBrain,0.424,170.401,2.025,10272,-28.444
RollerBallRayBrain,0.421,172.956,1.983,10266,-28.388
RollerBallRayBrain,0.425,175.418,1.885,10287,-28.355
RollerBallRayBrain,0.434,177.993,1.961,10295,-28.388
RollerBallRayBrain,0.421,180.564,1.983,10299,-28.444
RollerBallRayBrain,0.428,183.193,2.012,10245,-28.396
RollerBallRayBrain,0.431,185.687,1.899,10315,-28.345
RollerBallRayBrain,0.430,188.310,2.031,10333,-28.342
RollerBallRayBrain,0.432,190.878,1.974,10300,-28.357
RollerBallRayBrain,0.425,193.439,1.964,10252,-28.327
RollerBallRayBrain,0.436,195.968,1.929,10302,-28.337
RollerBallRayBrain,0.422,198.549,2.001,10306,-28.267
RollerBallRayBrain,0.427,201.103,1.962,10259,-28.224
RollerBallRayBrain,0.426,203.720,2.037,10318,-28.134
RollerBallRayBrain,0.426,206.252,1.927,10303,-28.117
RollerBallRayBrain,0.423,208.837,1.991,10342,-28.046
RollerBallRayBrain,0.430,211.395,1.951,10396,-28.052
RollerBallRayBrain,0.432,214.000,1.986,10246,-28.042
RollerBallRayBrain,0.421,216.612,2.023,10285,-27.944
RollerBallRayBrain,0.422,219.078,1.861,10288,-27.937
RollerBallRayBrain,0.422,221.663,1.985,10301,-27.876
RollerBallRayBrain,0.422,224.271,2.012,10300,-27.809
RollerBallRayBrain,0.428,226.816,1.961,10269,-27.748
RollerBallRayBrain,0.422,229.370,1.942,10317,-27.690
RollerBallRayBrain,0.424,231.976,2.020,10367,-27.595
RollerBallRayBrain,0.420,234.529,1.971,10247,-27.477
RollerBallRayBrain,0.423,237.072,1.961,10351,-27.460
RollerBallRayBrain,0.423,239.638,1.969,10302,-27.410
RollerBallRayBrain,0.421,242.200,1.983,10249,-27.372
RollerBallRayBrain,0.417,244.782,1.987,10264,-27.275
RollerBallRayBrain,0.421,247.350,1.980,10252,-27.118
RollerBallRayBrain,0.422,249.967,2.032,10339,-27.014
RollerBallRayBrain,0.420,252.499,1.963,10272,-26.992
RollerBallRayBrain,0.435,255.062,1.968,10288,-26.947
RollerBallRayBrain,0.428,257.649,1.978,10293,-26.868
RollerBallRayBrain,0.428,260.244,1.984,10273,-26.856
RollerBallRayBrain,0.431,262.797,1.962,10288,-26.803
RollerBallRayBrain,0.424,265.427,2.022,10295,-26.722
RollerBallRayBrain,0.429,268.093,2.061,10248,-26.617
RollerBallRayBrain,0.429,270.680,1.964,10250,-26.594
RollerBallRayBrain,0.428,273.260,1.986,10250,-26.530
RollerBallRayBrain,0.427,275.785,1.919,10272,-26.507
RollerBallRayBrain,0.427,278.401,2.024,10271,-26.352
RollerBallRayBrain,0.428,280.997,2.004,10287,-26.272
RollerBallRayBrain,0.424,283.570,1.997,10299,-26.215
RollerBallRayBrain,0.424,286.132,1.983,10344,-26.219
RollerBallRayBrain,0.422,288.719,1.996,10289,-26.070
RollerBallRayBrain,0.425,291.341,2.016,10270,-25.896
RollerBallRayBrain,0.432,293.868,1.922,10272,-25.882
RollerBallRayBrain,0.428,296.451,1.982,10322,-25.808
RollerBallRayBrain,0.423,299.028,1.964,10257,-25.740
RollerBallRayBrain,0.421,301.613,1.976,10301,-25.705
RollerBallRayBrain,0.423,304.209,1.977,10265,-25.569
RollerBallRayBrain,0.420,306.822,2.014,10271,-25.480
RollerBallRayBrain,0.421,309.386,1.972,10267,-25.392
RollerBallRayBrain,0.432,311.938,1.951,10292,-25.326
RollerBallRayBrain,0.422,314.489,1.979,10242,-25.218
RollerBallRayBrain,0.422,317.054,1.965,10300,-25.174
RollerBallRayBrain,0.426,319.694,2.052,10252,-25.054
RollerBallRayBrain,0.420,322.238,1.957,10242,-25.005
RollerBallRayBrain,0.428,324.840,1.998,10284,-24.905
RollerBallRayBrain,0.433,327.422,1.981,10263,-24.854
RollerBallRayBrain,0.421,329.985,1.988,10252,-24.778
RollerBallRayBrain,0.423,332.535,1.953,10266,-24.755
RollerBallRayBrain,0.422,335.170,2.035,10268,-24.589
RollerBallRayBrain,0.423,337.787,2.018,10270,-24.515
