Brain name,Time to update policy,Time since start of training,Time for last experience collection,Number of experiences used for training,Mean return
RollerBallRayBrain,0.477,4.433,2.496,10362,-0.483
RollerBallRayBrain,0.464,7.166,2.089,10921,-30.058
RollerBallRayBrain,0.463,9.725,1.950,10530,-30.058
RollerBallRayBrain,0.463,12.437,2.076,10954,-31.080
RollerBallRayBrain,0.461,15.003,1.937,10530,-31.080
RollerBallRayBrain,0.461,17.729,2.086,10915,-31.452
RollerBallRayBrain,0.468,20.534,2.160,10664,-31.512
RollerBallRayBrain,0.467,23.285,2.105,10528,-31.379
RollerBallRayBrain,0.452,26.181,2.226,10930,-31.720
RollerBallRayBrain,0.444,28.759,1.966,10563,-31.656
RollerBallRayBrain,0.444,31.471,2.113,10852,-31.567
RollerBallRayBrain,0.447,34.367,2.241,10979,-31.780
RollerBallRayBrain,0.437,37.000,2.022,10519,-31.709
RollerBallRayBrain,0.463,39.899,2.213,10253,-31.745
RollerBallRayBrain,0.429,42.371,1.883,10253,-31.765
RollerBallRayBrain,0.421,44.896,1.930,10589,-31.911
RollerBallRayBrain,0.436,47.587,2.104,10468,-31.992
RollerBallRayBrain,0.437,50.144,1.949,10509,-31.928
RollerBallRayBrain,0.415,52.672,1.981,10264,-32.035
RollerBallRayBrain,0.421,55.164,1.896,10350,-32.056
RollerBallRayBrain,0.422,57.705,1.956,10378,-32.141
RollerBallRayBrain,0.493,60.382,2.000,10483,-32.137
RollerBallRayBrain,0.424,63.162,2.159,10628,-32.172
RollerBallRayBrain,0.425,65.908,2.159,10271,-32.188
RollerBallRayBrain,0.423,68.331,1.840,10285,-32.202
RollerBallRayBrain,0.423,71.094,2.159,10413,-31.997
RollerBallRayBrain,0.416,73.713,2.025,10269,-32.009
RollerBallRayBrain,0.417,76.327,2.031,10280,-32.081
RollerBallRayBrain,0.423,78.821,1.916,10250,-32.120
RollerBallRayBrain,0.493,81.526,2.028,10507,-32.058
RollerBallRayBrain,0.463,84.455,2.248,10272,-32.015
RollerBallRayBrain,0.511,87.370,2.192,10286,-31.990
RollerBallRayBrain,0.585,90.619,2.404,10297,-32.044
RollerBallRayBrain,0.601,93.536,2.119,10438,-32.009
RollerBallRayBrain,0.546,97.348,2.959,10300,-31.897
RollerBallRayBrain,0.477,100.546,2.441,10315,-31.933
RollerBallRayBrain,0.421,103.317,2.119,10360,-31.779
RollerBallRayBrain,0.432,105.955,2.016,10340,-31.754
RollerBallRayBrain,0.428,108.551,1.996,10364,-31.693
RollerBallRayBrain,0.462,111.265,2.056,10349,-31.666
RollerBallRayBrain,0.433,113.906,2.021,10295,-31.618
RollerBallRayBrain,0.438,116.527,2.009,10335,-31.588
RollerBallRayBrain,0.422,119.181,2.056,10267,-31.617
RollerBallRayBrain,0.419,121.795,2.013,10303,-31.579
RollerBallRayBrain,0.435,124.342,1.936,10292,-31.550
RollerBallRayBrain,0.440,127.066,2.086,10267,-31.579
RollerBallRayBrain,0.427,129.692,1.988,10278,-31.452
RollerBallRayBrain,0.436,132.286,1.969,10249,-31.469
RollerBallRayBrain,0.445,134.974,2.065,10301,-31.476
RollerBallRayBrain,0.435,137.697,2.090,10321,-31.448
RollerBallRayBrain,0.438,140.325,2.023,10303,-31.421
RollerBallRayBrain,0.418,142.940,2.019,10292,-31.377
RollerBallRayBrain,0.440,145.517,1.951,10278,-31.387
RollerBallRayBrain,0.442,148.222,2.068,10261,-31.338
RollerBallRayBrain,0.423,150.883,2.070,10267,-31.312
RollerBallRayBrain,0.417,153.370,1.895,10293,-31.270
RollerBallRayBrain,0.420,155.888,1.935,10243,-31.185
RollerBallRayBrain,0.418,158.374,1.907,10361,-31.087
RollerBallRayBrain,0.413,160.843,1.898,10278,-31.094
RollerBallRayBrain,0.414,163.353,1.945,10262,-31.064
RollerBallRayBrain,0.428,165.922,1.975,10347,-30.987
RollerBallRayBrain,0.424,168.478,1.930,10241,-30.910
RollerBallRayBrain,0.458,171.134,2.038,10254,-30.850
RollerBallRayBrain,0.432,173.779,2.043,10277,-30.837
RollerBallRayBrain,0.531,176.673,2.155,10285,-30.810
RollerBallRayBrain,0.552,179.329,1.938,10263,-30.757
RollerBallRayBrain,0.428,182.258,2.289,10280,-30.686
RollerBallRayBrain,0.428,184.902,2.054,10267,-30.669
RollerBallRayBrain,0.524,187.645,2.027,10251,-30.500
RollerBallRayBrain,0.459,190.537,2.227,10256,-30.451
RollerBallRayBrain,0.429,193.211,2.045,10287,-30.394
RollerBallRayBrain,0.448,195.732,1.925,10241,-30.399
RollerBallRayBrain,0.436,198.287,1.958,10281,-30.294
RollerBallRayBrain,0.417,200.829,1.968,10302,-30.220
RollerBallRayBrain,0.421,203.422,1.990,10282,-30.168
RollerBallRayBrain,0.429,205.980,1.970,10276,-30.098
RollerBallRayBrain,0.420,208.564,1.995,10283,-30.060
RollerBallRayBrain,0.428,211.108,1.965,10255,-29.954
RollerBallRayBrain,0.417,213.652,1.956,10250,-29.835
RollerBallRayBrain,0.442,216.241,1.995,10303,-29.758
RollerBallRayBrain,0.417,218.788,1.970,10300,-29.735
RollerBallRayBrain,0.429,221.303,1.939,10261,-29.716
RollerBallRayBrain,0.421,223.850,1.943,10318,-29.629
RollerBallRayBrain,0.424,226.435,1.973,10320,-29.614
RollerBallRayBrain,0.425,228.990,1.977,10312,-29.643
RollerBallRayBrain,0.417,231.455,1.890,10296,-29.532
RollerBallRayBrain,0.419,233.991,1.960,10320,-29.434
RollerBallRayBrain,0.417,236.622,2.033,10318,-29.315
RollerBallRayBrain,0.430,239.157,1.940,10266,-29.161
RollerBallRayBrain,0.456,241.935,2.120,10301,-29.111
RollerBallRayBrain,0.418,244.605,2.061,10301,-28.867
RollerBallRayBrain,0.431,247.150,1.938,10295,-28.777
RollerBallRayBrain,0.417,249.744,1.998,10288,-28.635
RollerBallRayBrain,0.418,252.230,1.893,10423,-28.521
RollerBallRayBrain,0.416,254.885,2.049,10382,-28.238
RollerBallRayBrain,0.427,257.512,2.025,10284,-28.150
RollerBallRayBrain,0.507,260.469,2.258,10285,-27.999
RollerBallRayBrain,0.491,263.437,2.244,10346,-27.831
RollerBallRayBrain,0.425,266.086,2.049,10263,-27.614
RollerBallRayBrain,0.434,268.793,2.065,10317,-27.520
RollerBallRayBrain,0.453,271.503,2.069,10305,-27.410
RollerBallRayBrain,0.423,274.265,2.130,10347,-27.285
RollerBallRayBrain,0.417,276.869,2.025,10247,-27.106
RollerBallRayBrain,0.425,279.478,2.017,10271,-26.876
RollerBallRayBrain,0.423,282.120,2.048,10330,-26.729
RollerBallRayBrain,0.461,284.712,1.972,10246,-26.567
RollerBallRayBrain,0.422,287.314,2.014,10250,-26.461
RollerBallRayBrain,0.432,289.932,2.011,10288,-26.325
RollerBallRayBrain,0.474,292.763,2.160,10264,-26.156
RollerBallRayBrain,0.457,295.414,2.019,10348,-25.943
RollerBallRayBrain,0.592,299.702,3.403,10350,-25.762
RollerBallRayBrain,0.567,302.821,2.327,10269,-25.577
RollerBallRayBrain,0.435,305.575,2.132,10298,-25.313
RollerBallRayBrain,0.439,308.376,2.159,10298,-25.120
RollerBallRayBrain,0.426,311.095,2.107,10266,-24.904
RollerBallRayBrain,0.434,313.820,2.117,10301,-24.705
RollerBallRayBrain,0.428,316.443,2.006,10290,-24.569
RollerBallRayBrain,0.434,319.171,2.105,10341,-24.401
RollerBallRayBrain,0.443,321.843,2.043,10334,-24.256
RollerBallRayBrain,0.443,324.548,2.081,10259,-24.103
RollerBallRayBrain,0.436,327.266,2.116,10263,-23.898
RollerBallRayBrain,0.440,330.014,2.108,10244,-23.708
RollerBallRayBrain,0.460,332.775,2.091,10247,-23.466
RollerBallRayBrain,0.451,335.586,2.145,10275,-23.248
RollerBallRayBrain,0.449,338.320,2.096,10251,-23.168
RollerBallRayBrain,0.447,341.043,2.102,10260,-22.997
RollerBallRayBrain,0.443,343.766,2.091,10275,-22.880
RollerBallRayBrain,0.477,346.625,2.191,10288,-22.739
RollerBallRayBrain,0.480,349.424,2.131,10296,-22.578
RollerBallRayBrain,0.461,352.193,2.113,10283,-22.432
