Brain name,Time to update policy,Time since start of training,Time for last experience collection,Number of experiences used for training,Mean return
RollerBallRayBrain,0.487,4.476,2.509,10412,-0.875
RollerBallRayBrain,0.480,7.254,2.102,10920,-30.248
RollerBallRayBrain,0.465,9.823,1.940,10508,-29.172
RollerBallRayBrain,0.472,12.581,2.096,10731,-30.206
RollerBallRayBrain,0.468,15.176,1.938,10513,-30.356
RollerBallRayBrain,0.461,17.936,2.093,10810,-30.055
RollerBallRayBrain,0.438,20.611,2.046,10245,-30.155
RollerBallRayBrain,0.443,23.176,1.921,10297,-30.030
RollerBallRayBrain,0.440,25.622,1.848,10405,-30.431
RollerBallRayBrain,0.430,28.232,2.008,10412,-30.316
RollerBallRayBrain,0.440,30.989,2.134,10777,-30.460
RollerBallRayBrain,0.431,33.633,2.028,10258,-30.573
RollerBallRayBrain,0.445,36.190,1.941,10289,-30.495
RollerBallRayBrain,0.423,38.667,1.879,10306,-30.448
RollerBallRayBrain,0.426,41.250,1.995,10332,-30.591
RollerBallRayBrain,0.430,44.012,2.135,10269,-30.644
RollerBallRayBrain,0.429,46.549,1.930,10273,-30.331
RollerBallRayBrain,0.427,49.053,1.891,10281,-30.543
RollerBallRayBrain,0.430,51.726,2.046,10298,-30.702
RollerBallRayBrain,0.433,54.277,1.954,10278,-30.802
RollerBallRayBrain,0.414,56.729,1.884,10284,-30.702
RollerBallRayBrain,0.418,59.237,1.915,10359,-30.734
RollerBallRayBrain,0.412,61.773,1.962,10284,-30.786
RollerBallRayBrain,0.411,64.238,1.883,10255,-30.754
RollerBallRayBrain,0.416,66.688,1.878,10260,-30.804
RollerBallRayBrain,0.417,69.198,1.933,10273,-30.767
RollerBallRayBrain,0.409,71.689,1.917,10296,-30.632
RollerBallRayBrain,0.415,74.093,1.847,10253,-30.653
RollerBallRayBrain,0.411,76.600,1.928,10354,-30.636
RollerBallRayBrain,0.411,79.097,1.921,10332,-30.577
RollerBallRayBrain,0.408,81.559,1.895,10244,-30.588
RollerBallRayBrain,0.413,84.002,1.863,10263,-30.473
RollerBallRayBrain,0.413,86.502,1.926,10287,-30.175
RollerBallRayBrain,0.413,88.960,1.882,10242,-30.117
RollerBallRayBrain,0.414,91.524,1.978,10269,-30.046
RollerBallRayBrain,0.447,93.984,1.874,10312,-29.966
RollerBallRayBrain,0.550,96.954,2.196,10250,-30.047
RollerBallRayBrain,0.492,99.979,2.304,10255,-30.076
RollerBallRayBrain,0.501,103.042,2.321,10274,-30.110
RollerBallRayBrain,0.496,105.829,2.109,10297,-30.078
RollerBallRayBrain,0.500,108.640,2.120,10317,-30.038
RollerBallRayBrain,0.432,111.343,2.078,10417,-29.985
RollerBallRayBrain,0.462,113.896,1.911,10274,-29.942
RollerBallRayBrain,0.429,116.460,1.971,10247,-29.894
RollerBallRayBrain,0.422,119.023,1.970,10316,-29.833
RollerBallRayBrain,0.415,121.582,1.980,10292,-29.826
RollerBallRayBrain,0.423,124.124,1.948,10348,-29.833
RollerBallRayBrain,0.427,126.697,1.968,10272,-29.740
RollerBallRayBrain,0.420,129.244,1.971,10246,-29.680
RollerBallRayBrain,0.422,131.766,1.925,10300,-29.593
RollerBallRayBrain,0.419,134.316,1.959,10303,-29.545
RollerBallRayBrain,0.425,136.899,1.992,10286,-29.371
RollerBallRayBrain,0.421,139.467,1.959,10263,-29.132
RollerBallRayBrain,0.419,142.018,1.946,10293,-28.977
RollerBallRayBrain,0.429,144.546,1.916,10329,-28.799
RollerBallRayBrain,0.426,147.157,2.011,10366,-28.588
RollerBallRayBrain,0.420,149.726,1.979,10273,-28.380
RollerBallRayBrain,0.426,152.331,2.010,10268,-28.202
RollerBallRayBrain,0.422,154.890,1.968,10244,-28.002
RollerBallRayBrain,0.422,157.444,1.976,10284,-27.921
RollerBallRayBrain,0.422,159.970,1.930,10252,-27.794
RollerBallRayBrain,0.431,162.585,2.005,10358,-27.593
RollerBallRayBrain,0.415,165.142,1.976,10241,-27.349
RollerBallRayBrain,0.433,167.735,1.973,10356,-27.257
RollerBallRayBrain,0.421,170.281,1.942,10270,-27.203
RollerBallRayBrain,0.421,172.899,2.017,10261,-27.008
RollerBallRayBrain,0.428,175.492,1.984,10248,-26.784
RollerBallRayBrain,0.426,178.064,1.973,10357,-26.500
RollerBallRayBrain,0.429,180.687,2.025,10315,-26.309
RollerBallRayBrain,0.419,183.260,1.991,10294,-26.092
RollerBallRayBrain,0.428,185.866,1.981,10300,-26.018
RollerBallRayBrain,0.428,188.399,1.949,10261,-25.874
RollerBallRayBrain,0.418,191.011,2.004,10291,-25.688
RollerBallRayBrain,0.428,193.572,1.969,10299,-25.504
RollerBallRayBrain,0.420,196.160,2.017,10284,-25.477
RollerBallRayBrain,0.426,198.758,2.009,10280,-25.223
RollerBallRayBrain,0.422,201.316,1.969,10257,-25.095
RollerBallRayBrain,0.414,203.876,1.974,10299,-24.960
RollerBallRayBrain,0.421,206.498,2.048,10253,-24.687
RollerBallRayBrain,0.423,209.097,2.019,10251,-24.455
RollerBallRayBrain,0.421,211.699,2.010,10304,-24.356
RollerBallRayBrain,0.425,214.290,2.012,10289,-24.183
RollerBallRayBrain,0.431,216.911,2.021,10366,-24.001
RollerBallRayBrain,0.423,219.494,1.993,10251,-23.856
RollerBallRayBrain,0.418,222.101,2.009,10305,-23.721
RollerBallRayBrain,0.425,224.728,2.042,10305,-23.607
RollerBallRayBrain,0.420,227.307,1.994,10284,-23.354
RollerBallRayBrain,0.425,229.903,1.989,10280,-23.093
RollerBallRayBrain,0.423,232.490,2.003,10258,-22.996
RollerBallRayBrain,0.426,235.080,1.980,10249,-22.937
RollerBallRayBrain,0.419,237.693,2.034,10257,-22.777
RollerBallRayBrain,0.424,240.294,2.016,10278,-22.728
RollerBallRayBrain,0.416,242.796,1.928,10281,-22.748
RollerBallRayBrain,0.422,245.419,2.013,10284,-22.612
RollerBallRayBrain,0.420,248.019,2.008,10295,-22.445
RollerBallRayBrain,0.420,250.637,2.024,10257,-22.337
RollerBallRayBrain,0.431,253.206,1.970,10241,-22.220
RollerBallRayBrain,0.422,255.792,2.004,10264,-22.102
RollerBallRayBrain,0.433,258.460,2.072,10241,-21.907
RollerBallRayBrain,0.424,261.069,1.999,10282,-21.849
RollerBallRayBrain,0.427,263.664,2.006,10305,-21.674
RollerBallRayBrain,0.420,266.240,1.985,10260,-21.585
RollerBallRayBrain,0.421,268.896,2.074,10338,-21.407
RollerBallRayBrain,0.430,271.547,2.019,10351,-21.323
RollerBallRayBrain,0.429,274.149,1.971,10275,-21.268
RollerBallRayBrain,0.420,276.700,1.980,10277,-21.191
RollerBallRayBrain,0.423,279.316,2.026,10268,-21.104
RollerBallRayBrain,0.428,281.943,2.025,10251,-21.005
RollerBallRayBrain,0.421,284.571,2.050,10285,-20.875
RollerBallRayBrain,0.441,287.277,2.071,10256,-20.739
RollerBallRayBrain,0.424,289.857,1.994,10302,-20.647
RollerBallRayBrain,0.428,292.475,2.019,10356,-20.529
RollerBallRayBrain,0.432,295.100,2.008,10266,-20.475
RollerBallRayBrain,0.419,297.743,2.053,10281,-20.414
RollerBallRayBrain,0.416,300.327,1.999,10325,-20.305
RollerBallRayBrain,0.418,302.927,2.025,10274,-20.253
RollerBallRayBrain,0.430,305.519,1.973,10307,-20.195
RollerBallRayBrain,0.424,308.105,1.993,10254,-20.179
RollerBallRayBrain,0.420,310.740,2.036,10310,-20.129
RollerBallRayBrain,0.426,313.354,2.021,10274,-20.008
RollerBallRayBrain,0.427,315.953,2.002,10297,-19.973
RollerBallRayBrain,0.428,318.553,2.022,10275,-19.884
RollerBallRayBrain,0.422,321.108,1.965,10273,-19.874
RollerBallRayBrain,0.427,323.729,2.012,10356,-19.838
RollerBallRayBrain,0.430,326.412,2.057,10376,-19.681
RollerBallRayBrain,0.424,329.013,1.999,10322,-19.628
RollerBallRayBrain,0.425,331.683,2.076,10292,-19.555
RollerBallRayBrain,0.420,334.268,2.013,10293,-19.511
RollerBallRayBrain,0.425,336.844,1.989,10355,-19.482
RollerBallRayBrain,0.425,339.433,1.983,10249,-19.471
