Brain name,Time to update policy,Time since start of training,Time for last experience collection,Number of experiences used for training,Mean return
RollerBallRayBrain,0.491,4.715,2.750,10466,-5.500
RollerBallRayBrain,0.487,7.550,2.141,11012,-31.872
RollerBallRayBrain,0.515,10.243,1.984,10407,-30.359
RollerBallRayBrain,0.504,13.234,2.263,10741,-29.389
RollerBallRayBrain,0.527,16.074,2.090,10630,-29.274
RollerBallRayBrain,0.491,19.032,2.247,10892,-29.208
RollerBallRayBrain,0.512,22.016,2.242,10821,-28.669
RollerBallRayBrain,0.479,24.823,2.125,10484,-28.284
RollerBallRayBrain,0.469,27.733,2.226,10247,-29.055
RollerBallRayBrain,0.467,30.431,2.024,10277,-28.480
RollerBallRayBrain,0.468,33.106,2.013,10241,-28.284
RollerBallRayBrain,0.465,35.992,2.191,10246,-28.449
RollerBallRayBrain,0.474,38.763,2.099,10241,-28.471
RollerBallRayBrain,0.517,41.505,1.994,10291,-28.607
RollerBallRayBrain,0.467,44.415,2.210,10266,-28.205
RollerBallRayBrain,0.434,47.185,2.094,10259,-27.887
RollerBallRayBrain,0.443,49.804,1.991,10267,-27.850
RollerBallRayBrain,0.443,52.445,2.004,10300,-27.718
RollerBallRayBrain,0.441,55.082,2.012,10265,-27.731
RollerBallRayBrain,0.443,57.743,2.018,10247,-27.779
RollerBallRayBrain,0.433,60.340,1.980,10243,-27.488
RollerBallRayBrain,0.445,62.992,1.998,10293,-27.364
RollerBallRayBrain,0.447,65.662,2.021,10337,-27.304
RollerBallRayBrain,0.436,68.349,2.052,10244,-27.293
RollerBallRayBrain,0.446,70.936,1.937,10248,-27.305
RollerBallRayBrain,0.444,73.611,2.040,10260,-27.121
RollerBallRayBrain,0.448,76.270,2.032,10301,-27.010
RollerBallRayBrain,0.461,79.002,2.054,10290,-26.966
RollerBallRayBrain,0.444,81.624,1.983,10243,-26.644
RollerBallRayBrain,0.450,84.350,2.057,10255,-26.322
RollerBallRayBrain,0.451,87.039,2.037,10292,-26.219
RollerBallRayBrain,0.439,89.683,2.026,10248,-26.161
RollerBallRayBrain,0.442,92.336,2.031,10246,-26.073
RollerBallRayBrain,0.447,95.061,2.067,10257,-25.792
RollerBallRayBrain,0.441,97.688,1.991,10241,-25.491
RollerBallRayBrain,0.446,100.349,2.019,10242,-25.249
RollerBallRayBrain,0.449,103.008,2.020,10259,-25.312
RollerBallRayBrain,0.439,105.696,2.064,10308,-25.223
RollerBallRayBrain,0.444,108.384,2.047,10345,-25.040
RollerBallRayBrain,0.438,111.082,2.067,10258,-24.912
RollerBallRayBrain,0.443,113.756,2.038,10268,-24.818
RollerBallRayBrain,0.450,116.466,2.075,10296,-24.446
RollerBallRayBrain,0.448,119.175,2.066,10310,-24.256
RollerBallRayBrain,0.436,121.804,2.023,10261,-23.933
RollerBallRayBrain,0.440,124.538,2.095,10270,-23.902
RollerBallRayBrain,0.442,127.214,2.052,10249,-23.798
RollerBallRayBrain,0.446,129.877,2.010,10327,-23.834
RollerBallRayBrain,0.445,132.599,2.067,10296,-23.744
RollerBallRayBrain,0.452,135.304,2.057,10316,-23.647
RollerBallRayBrain,0.436,137.936,1.994,10244,-23.603
RollerBallRayBrain,0.440,140.609,2.063,10290,-23.626
RollerBallRayBrain,0.455,143.338,2.052,10389,-23.493
RollerBallRayBrain,0.453,146.052,2.067,10249,-23.422
RollerBallRayBrain,0.447,148.735,2.053,10296,-23.357
RollerBallRayBrain,0.456,151.415,2.004,10314,-23.355
RollerBallRayBrain,0.454,154.112,2.039,10315,-23.422
RollerBallRayBrain,0.449,156.823,2.100,10293,-23.232
RollerBallRayBrain,0.445,159.533,2.063,10259,-23.199
RollerBallRayBrain,0.450,162.189,2.036,10295,-23.164
RollerBallRayBrain,0.452,164.889,2.041,10241,-23.139
RollerBallRayBrain,0.446,167.612,2.099,10251,-22.964
RollerBallRayBrain,0.451,170.288,2.044,10258,-22.929
RollerBallRayBrain,0.445,172.995,2.086,10278,-22.835
RollerBallRayBrain,0.443,175.689,2.044,10283,-22.815
RollerBallRayBrain,0.453,178.311,1.997,10332,-22.771
RollerBallRayBrain,0.519,181.201,2.163,10242,-22.713
RollerBallRayBrain,0.446,183.893,2.038,10246,-22.624
RollerBallRayBrain,0.442,186.637,2.099,10266,-22.468
RollerBallRayBrain,0.448,189.347,2.080,10358,-22.405
RollerBallRayBrain,0.439,191.996,2.004,10246,-22.436
RollerBallRayBrain,0.447,194.732,2.098,10289,-22.313
RollerBallRayBrain,0.440,197.459,2.114,10255,-22.191
RollerBallRayBrain,0.443,200.145,2.050,10259,-22.037
RollerBallRayBrain,0.434,202.802,2.021,10258,-21.893
RollerBallRayBrain,0.450,205.518,2.082,10291,-21.855
RollerBallRayBrain,0.443,208.238,2.038,10270,-21.870
RollerBallRayBrain,0.433,210.876,2.019,10259,-21.769
RollerBallRayBrain,0.444,213.555,2.034,10287,-21.689
RollerBallRayBrain,0.432,216.294,2.118,10261,-21.548
RollerBallRayBrain,0.434,218.942,2.024,10261,-21.560
RollerBallRayBrain,0.440,221.676,2.102,10320,-21.403
RollerBallRayBrain,0.446,224.408,2.111,10275,-21.195
RollerBallRayBrain,0.454,227.150,2.080,10293,-21.069
RollerBallRayBrain,0.444,229.830,2.035,10269,-21.041
RollerBallRayBrain,0.453,232.579,2.113,10262,-20.834
RollerBallRayBrain,0.440,235.307,2.107,10244,-20.675
RollerBallRayBrain,0.436,237.976,2.053,10258,-20.608
RollerBallRayBrain,0.436,240.705,2.104,10289,-20.492
RollerBallRayBrain,0.442,243.447,2.084,10246,-20.425
RollerBallRayBrain,0.445,246.093,2.018,10300,-20.406
RollerBallRayBrain,0.447,248.859,2.131,10290,-20.329
RollerBallRayBrain,0.442,251.553,2.036,10298,-20.231
RollerBallRayBrain,0.439,254.277,2.095,10283,-20.097
RollerBallRayBrain,0.448,256.972,2.028,10281,-20.060
RollerBallRayBrain,0.442,259.676,2.069,10281,-20.038
RollerBallRayBrain,0.451,262.389,2.076,10262,-19.990
RollerBallRayBrain,0.446,265.112,2.102,10278,-19.908
RollerBallRayBrain,0.439,267.797,2.055,10304,-19.810
RollerBallRayBrain,0.447,270.458,2.004,10265,-19.761
RollerBallRayBrain,0.435,273.265,2.152,10283,-19.618
RollerBallRayBrain,0.444,275.952,2.067,10297,-19.554
RollerBallRayBrain,0.442,278.654,2.062,10269,-19.488
RollerBallRayBrain,0.444,281.343,2.033,10262,-19.475
RollerBallRayBrain,0.446,284.024,2.067,10243,-19.340
RollerBallRayBrain,0.456,286.801,2.146,10304,-19.221
RollerBallRayBrain,0.445,289.563,2.138,10272,-19.086
RollerBallRayBrain,0.449,292.322,2.136,10329,-18.881
RollerBallRayBrain,0.443,295.041,2.088,10281,-18.785
RollerBallRayBrain,0.454,297.779,2.096,10274,-18.695
RollerBallRayBrain,0.448,300.505,2.091,10254,-18.541
RollerBallRayBrain,0.446,303.309,2.143,10295,-18.404
RollerBallRayBrain,0.449,306.124,2.180,10287,-18.255
RollerBallRayBrain,0.441,308.868,2.121,10253,-18.171
RollerBallRayBrain,0.445,311.608,2.111,10329,-18.047
RollerBallRayBrain,0.447,314.340,2.099,10270,-17.972
RollerBallRayBrain,0.457,317.116,2.131,10367,-17.901
RollerBallRayBrain,0.448,319.834,2.082,10304,-17.834
RollerBallRayBrain,0.449,322.512,2.046,10291,-17.779
RollerBallRayBrain,0.439,325.240,2.105,10248,-17.690
RollerBallRayBrain,0.445,328.009,2.145,10296,-17.570
RollerBallRayBrain,0.446,330.773,2.111,10271,-17.470
RollerBallRayBrain,0.440,333.563,2.160,10284,-17.348
RollerBallRayBrain,0.439,336.327,2.123,10264,-17.224
RollerBallRayBrain,0.458,339.127,2.134,10247,-17.106
RollerBallRayBrain,0.449,341.884,2.111,10296,-16.963
RollerBallRayBrain,0.449,344.635,2.122,10269,-16.874
RollerBallRayBrain,0.460,347.457,2.160,10261,-16.762
RollerBallRayBrain,0.442,350.286,2.192,10294,-16.583
RollerBallRayBrain,0.452,353.084,2.146,10276,-16.486
RollerBallRayBrain,0.446,355.836,2.120,10241,-16.374
