Brain name,Time to update policy,Time since start of training,Time for last experience collection,Number of experiences used for training,Mean return
RollerBallRayBrain,0.485,4.441,2.521,10530,nan
RollerBallRayBrain,0.475,7.156,2.081,10924,-33.350
RollerBallRayBrain,0.475,9.729,1.934,10505,-32.773
RollerBallRayBrain,0.477,12.457,2.075,10923,-32.505
RollerBallRayBrain,0.456,15.016,1.936,10546,-32.519
RollerBallRayBrain,0.455,17.738,2.073,10780,-32.571
RollerBallRayBrain,0.451,20.463,2.083,10941,-32.615
RollerBallRayBrain,0.443,23.032,1.956,10459,-32.484
RollerBallRayBrain,0.455,25.739,2.077,11028,-32.622
RollerBallRayBrain,0.430,28.304,1.959,10467,-32.259
RollerBallRayBrain,0.435,31.013,2.090,10866,-32.312
RollerBallRayBrain,0.447,33.768,2.129,10995,-32.440
RollerBallRayBrain,0.489,36.518,2.046,10529,-32.458
RollerBallRayBrain,0.441,39.221,2.067,10926,-32.400
RollerBallRayBrain,0.428,41.791,1.965,10569,-32.320
RollerBallRayBrain,0.430,44.500,2.095,10657,-32.346
RollerBallRayBrain,0.444,47.221,2.088,11035,-32.318
RollerBallRayBrain,0.432,49.796,1.965,10477,-32.156
RollerBallRayBrain,0.436,52.520,2.093,10772,-32.166
RollerBallRayBrain,0.431,55.091,1.945,10626,-32.188
RollerBallRayBrain,0.424,57.754,2.059,10270,-32.000
RollerBallRayBrain,0.423,60.178,1.846,10251,-31.974
RollerBallRayBrain,0.426,62.767,1.992,10343,-31.935
RollerBallRayBrain,0.429,65.418,2.033,10254,-31.880
RollerBallRayBrain,0.422,67.907,1.908,10252,-31.855
RollerBallRayBrain,0.429,70.463,1.937,10253,-31.737
RollerBallRayBrain,0.424,73.016,1.966,10297,-31.429
RollerBallRayBrain,0.419,75.584,1.990,10257,-31.401
RollerBallRayBrain,0.430,78.094,1.921,10245,-31.356
RollerBallRayBrain,0.424,80.703,2.008,10278,-31.374
RollerBallRayBrain,0.428,83.327,2.013,10267,-31.399
RollerBallRayBrain,0.425,85.784,1.872,10275,-31.280
RollerBallRayBrain,0.427,88.366,1.981,10241,-31.308
RollerBallRayBrain,0.421,90.928,1.964,10316,-31.348
RollerBallRayBrain,0.423,93.492,1.973,10298,-31.409
RollerBallRayBrain,0.431,96.004,1.903,10281,-31.326
RollerBallRayBrain,0.434,98.610,1.998,10290,-31.186
RollerBallRayBrain,0.437,101.263,2.047,10270,-31.126
RollerBallRayBrain,0.427,103.751,1.912,10251,-31.033
RollerBallRayBrain,0.427,106.319,1.980,10292,-31.011
RollerBallRayBrain,0.422,108.884,1.966,10322,-30.922
RollerBallRayBrain,0.423,111.489,2.021,10284,-30.870
RollerBallRayBrain,0.426,114.000,1.930,10364,-30.918
RollerBallRayBrain,0.420,116.570,1.986,10300,-30.914
RollerBallRayBrain,0.435,119.165,1.985,10498,-30.911
RollerBallRayBrain,0.422,121.738,1.968,10273,-30.804
RollerBallRayBrain,0.429,124.308,1.964,10292,-30.830
RollerBallRayBrain,0.422,126.811,1.915,10244,-30.787
RollerBallRayBrain,0.422,129.368,1.948,10384,-30.726
RollerBallRayBrain,0.434,131.923,1.974,10263,-30.618
RollerBallRayBrain,0.428,134.506,1.982,10307,-30.649
RollerBallRayBrain,0.427,137.065,1.948,10258,-30.533
RollerBallRayBrain,0.424,139.638,1.969,10254,-30.388
RollerBallRayBrain,0.433,142.151,1.921,10257,-30.334
RollerBallRayBrain,0.428,144.771,2.029,10299,-30.217
RollerBallRayBrain,0.432,147.306,1.941,10259,-30.225
RollerBallRayBrain,0.426,149.802,1.914,10273,-30.238
RollerBallRayBrain,0.428,152.378,1.976,10305,-30.178
RollerBallRayBrain,0.437,154.976,1.984,10295,-30.038
RollerBallRayBrain,0.423,157.524,1.952,10258,-29.896
RollerBallRayBrain,0.427,160.056,1.950,10267,-29.825
RollerBallRayBrain,0.436,162.634,1.950,10312,-29.711
RollerBallRayBrain,0.420,165.187,1.980,10243,-29.680
RollerBallRayBrain,0.419,167.743,1.973,10270,-29.670
RollerBallRayBrain,0.424,170.259,1.935,10301,-29.691
RollerBallRayBrain,0.422,172.852,2.017,10288,-29.642
RollerBallRayBrain,0.425,175.397,1.943,10339,-29.579
RollerBallRayBrain,0.421,177.979,1.996,10263,-29.454
RollerBallRayBrain,0.421,180.500,1.952,10252,-29.460
RollerBallRayBrain,0.424,183.055,1.965,10274,-29.327
RollerBallRayBrain,0.423,185.596,1.949,10257,-29.296
RollerBallRayBrain,0.431,188.176,1.983,10250,-29.201
RollerBallRayBrain,0.424,190.742,1.975,10286,-29.150
RollerBallRayBrain,0.430,193.284,1.956,10243,-29.088
RollerBallRayBrain,0.431,195.858,1.972,10375,-29.043
RollerBallRayBrain,0.430,198.447,1.984,10303,-29.029
RollerBallRayBrain,0.429,201.017,1.966,10262,-29.067
RollerBallRayBrain,0.429,203.550,1.945,10333,-29.084
RollerBallRayBrain,0.431,206.108,1.944,10345,-29.051
RollerBallRayBrain,0.443,208.893,2.128,10259,-28.953
RollerBallRayBrain,0.457,211.537,2.022,10241,-28.970
RollerBallRayBrain,0.431,214.368,2.203,10289,-28.902
RollerBallRayBrain,0.452,217.005,1.985,10286,-28.873
RollerBallRayBrain,0.461,219.938,2.240,10296,-28.818
RollerBallRayBrain,0.438,222.631,2.059,10264,-28.746
RollerBallRayBrain,0.447,225.241,1.998,10268,-28.742
RollerBallRayBrain,0.438,227.924,2.054,10276,-28.697
RollerBallRayBrain,0.481,230.888,2.256,10332,-28.627
RollerBallRayBrain,0.464,233.977,2.385,10252,-28.600
RollerBallRayBrain,0.497,236.799,2.136,10332,-28.511
RollerBallRayBrain,0.465,239.823,2.333,10259,-28.482
RollerBallRayBrain,0.492,242.681,2.152,10262,-28.434
RollerBallRayBrain,0.440,245.398,2.079,10261,-28.293
RollerBallRayBrain,0.461,248.080,2.043,10297,-28.224
RollerBallRayBrain,0.461,250.705,1.992,10302,-28.198
RollerBallRayBrain,0.455,253.445,2.086,10241,-28.138
RollerBallRayBrain,0.463,256.264,2.159,10261,-28.017
RollerBallRayBrain,0.442,258.947,2.041,10298,-27.950
RollerBallRayBrain,0.441,261.595,2.036,10299,-27.894
RollerBallRayBrain,0.438,264.285,2.083,10261,-27.861
RollerBallRayBrain,0.482,266.945,2.009,10303,-27.790
RollerBallRayBrain,0.594,269.897,2.158,10308,-27.762
RollerBallRayBrain,0.463,272.896,2.312,10261,-27.727
RollerBallRayBrain,0.451,275.694,2.136,10257,-27.643
RollerBallRayBrain,0.437,278.247,1.959,10289,-27.601
RollerBallRayBrain,0.431,280.904,2.047,10297,-27.496
RollerBallRayBrain,0.438,283.498,1.983,10277,-27.473
RollerBallRayBrain,0.457,286.210,2.074,10257,-27.425
RollerBallRayBrain,0.444,288.749,1.937,10359,-27.368
RollerBallRayBrain,0.435,291.394,2.042,10364,-27.354
RollerBallRayBrain,0.430,294.039,2.030,10247,-27.268
RollerBallRayBrain,0.430,296.675,2.042,10276,-27.251
RollerBallRayBrain,0.430,299.241,1.967,10281,-27.252
RollerBallRayBrain,0.428,301.844,1.993,10303,-27.182
RollerBallRayBrain,0.432,304.455,2.014,10290,-27.071
RollerBallRayBrain,0.433,307.042,1.994,10344,-27.028
RollerBallRayBrain,0.431,309.668,2.031,10243,-26.975
RollerBallRayBrain,0.429,312.236,1.976,10290,-26.917
RollerBallRayBrain,0.430,314.815,1.993,10275,-26.881
RollerBallRayBrain,0.433,317.439,2.003,10262,-26.844
RollerBallRayBrain,0.424,320.000,1.984,10248,-26.805
RollerBallRayBrain,0.429,322.573,1.980,10285,-26.773
RollerBallRayBrain,0.427,325.181,1.995,10253,-26.786
RollerBallRayBrain,0.432,327.804,2.020,10254,-26.724
RollerBallRayBrain,0.433,330.377,1.980,10278,-26.645
RollerBallRayBrain,0.431,332.994,1.996,10287,-26.570
RollerBallRayBrain,0.427,335.566,1.973,10281,-26.531
RollerBallRayBrain,0.431,338.171,1.997,10265,-26.503
RollerBallRayBrain,0.426,340.745,1.985,10274,-26.487
RollerBallRayBrain,0.431,343.324,1.980,10305,-26.467
