Brain name,Time to update policy,Time since start of training,Time for last experience collection,Number of experiences used for training,Mean return
RollerBallRayBrain,0.496,4.426,2.470,10484,-7.313
RollerBallRayBrain,0.470,7.075,2.012,10857,-27.684
RollerBallRayBrain,0.448,9.593,1.894,10519,-26.931
RollerBallRayBrain,0.458,12.219,1.995,10913,-29.131
RollerBallRayBrain,0.439,14.713,1.902,10495,-29.346
RollerBallRayBrain,0.437,17.340,2.032,10866,-29.539
RollerBallRayBrain,0.435,19.945,1.997,10931,-30.238
RollerBallRayBrain,0.419,22.431,1.904,10514,-30.101
RollerBallRayBrain,0.429,25.036,2.012,10865,-30.288
RollerBallRayBrain,0.416,27.520,1.910,10530,-30.256
RollerBallRayBrain,0.427,30.150,2.026,10844,-30.494
RollerBallRayBrain,0.412,32.749,2.028,10255,-30.632
RollerBallRayBrain,0.410,35.132,1.821,10288,-30.517
RollerBallRayBrain,0.415,37.509,1.819,10317,-30.557
RollerBallRayBrain,0.414,39.982,1.875,10398,-30.649
RollerBallRayBrain,0.417,42.602,2.021,10264,-30.667
RollerBallRayBrain,0.426,44.973,1.803,10250,-30.808
RollerBallRayBrain,0.441,47.520,1.924,10272,-30.659
RollerBallRayBrain,0.461,50.387,2.195,10315,-30.786
RollerBallRayBrain,0.445,53.148,2.109,10299,-30.894
RollerBallRayBrain,0.442,55.798,2.020,10268,-30.915
RollerBallRayBrain,0.422,58.396,2.003,10271,-30.939
RollerBallRayBrain,0.420,60.980,1.994,10266,-30.950
RollerBallRayBrain,0.424,63.421,1.871,10251,-31.016
RollerBallRayBrain,0.419,65.961,1.954,10272,-30.993
RollerBallRayBrain,0.424,68.495,1.932,10308,-30.988
RollerBallRayBrain,0.420,70.972,1.905,10270,-30.949
RollerBallRayBrain,0.423,73.397,1.832,10298,-31.041
RollerBallRayBrain,0.448,75.985,1.960,10272,-31.022
RollerBallRayBrain,0.431,78.665,2.067,10338,-30.987
RollerBallRayBrain,0.425,81.163,1.905,10348,-31.046
RollerBallRayBrain,0.480,83.768,1.960,10271,-31.006
RollerBallRayBrain,0.425,86.399,2.031,10613,-30.944
RollerBallRayBrain,0.414,88.881,1.908,10511,-30.991
RollerBallRayBrain,0.415,91.440,1.983,10244,-30.981
RollerBallRayBrain,0.422,93.871,1.847,10300,-31.020
RollerBallRayBrain,0.423,96.355,1.901,10259,-31.058
RollerBallRayBrain,0.412,98.834,1.914,10259,-31.097
RollerBallRayBrain,0.417,101.258,1.844,10281,-31.034
RollerBallRayBrain,0.418,103.663,1.853,10246,-30.940
RollerBallRayBrain,0.416,106.216,1.955,10284,-30.907
RollerBallRayBrain,0.422,108.738,1.926,10245,-30.940
RollerBallRayBrain,0.414,111.190,1.894,10283,-30.952
RollerBallRayBrain,0.422,113.665,1.875,10274,-30.940
RollerBallRayBrain,0.419,116.184,1.917,10298,-30.968
RollerBallRayBrain,0.419,118.670,1.901,10298,-30.937
RollerBallRayBrain,0.418,121.092,1.840,10351,-30.898
RollerBallRayBrain,0.423,123.532,1.859,10266,-30.947
RollerBallRayBrain,0.422,126.006,1.893,10266,-30.994
RollerBallRayBrain,0.433,128.497,1.898,10299,-31.033
RollerBallRayBrain,0.424,130.927,1.847,10302,-31.063
RollerBallRayBrain,0.436,133.466,1.929,10281,-31.056
RollerBallRayBrain,0.426,135.980,1.919,10299,-31.092
RollerBallRayBrain,0.421,138.444,1.894,10299,-31.127
RollerBallRayBrain,0.426,140.939,1.913,10337,-31.133
RollerBallRayBrain,0.450,143.500,1.946,10294,-31.101
RollerBallRayBrain,0.423,145.983,1.892,10246,-31.107
RollerBallRayBrain,0.423,148.428,1.868,10289,-31.114
RollerBallRayBrain,0.411,150.926,1.923,10288,-31.123
RollerBallRayBrain,0.431,153.423,1.892,10300,-31.099
RollerBallRayBrain,0.423,155.841,1.842,10244,-31.023
RollerBallRayBrain,0.426,158.274,1.847,10299,-31.055
RollerBallRayBrain,0.430,160.857,1.974,10428,-31.035
RollerBallRayBrain,0.436,163.391,1.919,10282,-31.072
RollerBallRayBrain,0.423,165.921,1.924,10291,-31.052
RollerBallRayBrain,0.431,168.453,1.930,10253,-31.014
RollerBallRayBrain,0.435,170.920,1.864,10252,-31.018
RollerBallRayBrain,0.424,173.453,1.919,10241,-30.982
RollerBallRayBrain,0.440,175.977,1.924,10264,-30.994
RollerBallRayBrain,0.424,178.536,1.938,10267,-30.972
RollerBallRayBrain,0.418,181.052,1.922,10292,-30.930
RollerBallRayBrain,0.412,183.500,1.882,10255,-30.946
RollerBallRayBrain,0.418,185.995,1.910,10246,-30.953
RollerBallRayBrain,0.424,188.564,1.968,10270,-30.959
RollerBallRayBrain,0.413,191.008,1.875,10247,-30.939
RollerBallRayBrain,0.412,193.550,1.970,10283,-30.963
RollerBallRayBrain,0.424,196.085,1.939,10258,-30.923
RollerBallRayBrain,0.412,198.630,1.942,10369,-30.918
RollerBallRayBrain,0.432,201.140,1.887,10266,-30.947
RollerBallRayBrain,0.417,203.696,1.973,10252,-30.926
RollerBallRayBrain,0.420,206.177,1.899,10241,-30.876
RollerBallRayBrain,0.445,209.001,2.189,10333,-30.871
RollerBallRayBrain,0.432,211.582,1.961,10247,-30.836
RollerBallRayBrain,0.451,214.233,2.010,10285,-30.842
RollerBallRayBrain,0.421,216.769,1.956,10269,-30.849
RollerBallRayBrain,0.423,219.272,1.920,10283,-30.872
RollerBallRayBrain,0.436,221.834,1.952,10265,-30.871
RollerBallRayBrain,0.437,224.336,1.897,10249,-30.859
RollerBallRayBrain,0.429,226.905,1.952,10247,-30.870
RollerBallRayBrain,0.443,229.466,1.975,10281,-30.819
RollerBallRayBrain,0.438,232.092,1.997,10253,-30.793
RollerBallRayBrain,0.441,234.655,1.944,10305,-30.783
RollerBallRayBrain,0.431,237.251,1.977,10295,-30.710
RollerBallRayBrain,0.434,239.829,1.970,10258,-30.698
RollerBallRayBrain,0.434,242.379,1.945,10272,-30.677
RollerBallRayBrain,0.520,245.163,2.093,10352,-30.638
RollerBallRayBrain,0.460,247.816,2.019,10292,-30.626
RollerBallRayBrain,0.434,250.620,2.145,10241,-30.638
RollerBallRayBrain,0.420,253.135,1.931,10279,-30.640
RollerBallRayBrain,0.438,255.815,2.064,10283,-30.622
RollerBallRayBrain,0.443,258.457,2.009,10271,-30.619
RollerBallRayBrain,0.460,261.050,1.951,10263,-30.622
RollerBallRayBrain,0.431,263.651,1.998,10270,-30.633
RollerBallRayBrain,0.464,266.212,1.905,10344,-30.618
RollerBallRayBrain,0.436,268.846,2.039,10274,-30.632
RollerBallRayBrain,0.435,271.459,1.995,10263,-30.621
RollerBallRayBrain,0.440,274.029,1.961,10281,-30.612
RollerBallRayBrain,0.430,276.643,2.012,10262,-30.602
RollerBallRayBrain,0.431,279.154,1.915,10265,-30.572
RollerBallRayBrain,0.446,281.746,1.980,10363,-30.599
RollerBallRayBrain,0.430,284.353,1.984,10291,-30.551
RollerBallRayBrain,0.431,286.863,1.904,10303,-30.546
RollerBallRayBrain,0.423,289.438,1.953,10247,-30.516
RollerBallRayBrain,0.424,291.982,1.964,10324,-30.502
RollerBallRayBrain,0.418,294.517,1.930,10266,-30.502
RollerBallRayBrain,0.428,297.054,1.920,10304,-30.518
RollerBallRayBrain,0.424,299.607,1.948,10260,-30.515
RollerBallRayBrain,0.420,302.157,1.939,10266,-30.471
RollerBallRayBrain,0.427,304.683,1.917,10321,-30.452
RollerBallRayBrain,0.437,307.304,1.995,10323,-30.399
RollerBallRayBrain,0.424,309.903,1.993,10328,-30.404
RollerBallRayBrain,0.423,312.419,1.916,10300,-30.413
RollerBallRayBrain,0.428,315.057,1.978,10420,-30.411
RollerBallRayBrain,0.427,317.642,2.000,10297,-30.402
RollerBallRayBrain,0.420,320.226,1.984,10254,-30.371
RollerBallRayBrain,0.425,322.685,1.876,10303,-30.316
RollerBallRayBrain,0.419,325.277,1.988,10284,-30.317
RollerBallRayBrain,0.429,327.851,1.976,10295,-30.322
RollerBallRayBrain,0.423,330.349,1.904,10256,-30.305
RollerBallRayBrain,0.423,332.893,1.958,10276,-30.291
