Brain name,Time to update policy,Time since start of training,Time for last experience collection,Number of experiences used for training,Mean return
RollerBallRayBrain,3.417,9.165,4.178,16354,-30.130
RollerBallRayBrain,3.398,16.459,3.578,15967,-29.771
RollerBallRayBrain,3.799,24.195,3.634,17656,-30.733
RollerBallRayBrain,3.599,31.757,3.648,16849,-30.831
RollerBallRayBrain,3.164,38.866,3.618,15316,-30.299
RollerBallRayBrain,2.251,44.989,3.561,10656,-30.617
RollerBallRayBrain,2.246,47.801,0.518,10656,-30.874
RollerBallRayBrain,2.909,54.179,3.190,13420,-30.989
RollerBallRayBrain,2.247,58.449,1.861,10656,-31.170
RollerBallRayBrain,2.272,62.993,2.090,10839,-31.074
RollerBallRayBrain,3.169,69.749,3.278,14652,-31.275
RollerBallRayBrain,2.270,74.041,1.858,10758,-31.171
RollerBallRayBrain,2.296,78.563,2.053,10656,-31.294
RollerBallRayBrain,2.939,85.053,3.278,13501,-31.350
RollerBallRayBrain,2.244,89.089,1.657,10720,-31.356
RollerBallRayBrain,2.258,93.772,2.219,10656,-31.450
RollerBallRayBrain,3.156,100.562,3.334,14798,-31.494
RollerBallRayBrain,2.259,104.604,1.643,10711,-31.491
RollerBallRayBrain,2.251,109.379,2.334,10656,-31.566
RollerBallRayBrain,3.164,116.097,3.264,14652,-31.659
RollerBallRayBrain,2.250,120.130,1.644,10748,-31.655
RollerBallRayBrain,2.264,125.021,2.403,10720,-31.648
RollerBallRayBrain,2.904,131.358,3.150,13320,-31.719
RollerBallRayBrain,2.254,134.839,1.129,10683,-31.706
RollerBallRayBrain,2.261,140.153,2.798,10789,-31.705
RollerBallRayBrain,2.268,145.581,2.911,10902,-31.715
RollerBallRayBrain,2.245,149.088,1.158,10656,-31.762
RollerBallRayBrain,2.492,154.656,2.816,11516,-31.768
RollerBallRayBrain,2.278,158.213,1.180,10656,-31.811
RollerBallRayBrain,2.243,163.495,2.771,10535,-31.840
RollerBallRayBrain,2.222,167.947,2.042,10322,-31.849
RollerBallRayBrain,2.272,172.143,1.765,10528,-31.822
RollerBallRayBrain,2.686,178.123,3.024,12518,-31.750
RollerBallRayBrain,2.256,182.295,1.767,10656,-31.788
RollerBallRayBrain,2.258,187.122,2.370,10656,-31.824
RollerBallRayBrain,2.263,192.097,2.485,10880,-31.779
RollerBallRayBrain,2.254,196.064,1.572,10750,-31.774
RollerBallRayBrain,2.469,201.470,2.697,11309,-31.716
RollerBallRayBrain,2.265,205.750,1.853,10870,-31.632
RollerBallRayBrain,2.243,210.482,2.287,10656,-31.667
RollerBallRayBrain,2.236,214.763,1.887,10546,-31.566
RollerBallRayBrain,2.273,219.514,2.258,10624,-31.515
RollerBallRayBrain,2.274,224.831,2.804,10767,-31.517
RollerBallRayBrain,2.236,228.562,1.359,10468,-31.461
RollerBallRayBrain,2.239,233.770,2.727,10606,-31.376
RollerBallRayBrain,2.246,237.312,1.191,10618,-31.260
RollerBallRayBrain,2.290,242.637,2.789,10781,-31.231
RollerBallRayBrain,2.248,246.873,1.817,10607,-31.156
RollerBallRayBrain,2.234,251.592,2.276,10323,-31.032
RollerBallRayBrain,2.272,256.713,2.630,10607,-30.931
RollerBallRayBrain,2.260,260.585,1.483,10442,-30.958
RollerBallRayBrain,2.243,265.411,2.392,10507,-30.855
RollerBallRayBrain,2.239,269.546,1.748,10446,-30.690
RollerBallRayBrain,2.226,274.379,2.395,10315,-30.494
RollerBallRayBrain,2.298,278.857,2.013,10816,-30.453
RollerBallRayBrain,2.319,283.998,2.584,11112,-30.458
RollerBallRayBrain,2.256,288.072,1.666,10567,-30.378
RollerBallRayBrain,2.258,293.084,2.524,10596,-30.332
RollerBallRayBrain,2.247,297.579,2.070,10611,-30.315
RollerBallRayBrain,2.250,302.105,2.084,10439,-30.290
RollerBallRayBrain,2.275,306.303,1.768,10820,-30.146
RollerBallRayBrain,2.226,311.176,2.437,10351,-30.096
RollerBallRayBrain,2.258,315.359,1.779,10621,-30.006
RollerBallRayBrain,2.270,320.667,2.789,11088,-29.887
RollerBallRayBrain,2.259,324.740,1.681,10395,-29.843
RollerBallRayBrain,2.261,329.555,2.341,10538,-29.734
RollerBallRayBrain,2.238,334.073,2.111,10474,-29.674
RollerBallRayBrain,2.250,338.433,1.929,10288,-29.560
RollerBallRayBrain,2.251,343.483,2.565,10522,-29.414
RollerBallRayBrain,2.281,347.648,1.740,10860,-29.422
RollerBallRayBrain,2.273,352.470,2.316,10819,-29.317
RollerBallRayBrain,2.243,357.330,2.401,10256,-29.325
RollerBallRayBrain,2.269,361.600,1.831,10875,-29.292
RollerBallRayBrain,2.251,366.262,2.219,10406,-29.221
RollerBallRayBrain,2.267,370.716,2.013,10493,-29.071
RollerBallRayBrain,2.233,375.568,2.401,10334,-29.043
RollerBallRayBrain,2.258,379.730,1.760,10567,-29.004
RollerBallRayBrain,2.250,384.843,2.628,10711,-28.871
RollerBallRayBrain,2.245,388.861,1.639,10310,-28.729
RollerBallRayBrain,2.240,393.854,2.528,10495,-28.446
RollerBallRayBrain,2.259,398.206,1.920,10850,-28.370
RollerBallRayBrain,2.251,402.806,2.147,10254,-28.204
RollerBallRayBrain,2.254,407.473,2.216,10526,-28.071
RollerBallRayBrain,2.270,411.995,2.061,10750,-27.913
RollerBallRayBrain,2.256,416.671,2.229,10673,-27.760
RollerBallRayBrain,2.265,421.032,1.914,10628,-27.674
RollerBallRayBrain,2.264,425.643,2.149,10620,-27.525
RollerBallRayBrain,2.248,430.439,2.332,10574,-27.301
RollerBallRayBrain,2.228,434.906,2.066,10462,-27.113
RollerBallRayBrain,2.244,439.677,2.319,10314,-26.957
RollerBallRayBrain,2.270,444.216,2.072,10650,-26.875
RollerBallRayBrain,2.236,448.740,2.108,10791,-26.814
RollerBallRayBrain,2.269,453.455,2.242,10599,-26.692
RollerBallRayBrain,2.260,458.146,2.219,10266,-26.621
RollerBallRayBrain,2.255,462.373,1.814,10258,-26.481
RollerBallRayBrain,2.255,467.379,2.518,10629,-26.340
RollerBallRayBrain,2.280,471.637,1.813,10590,-26.257
RollerBallRayBrain,2.243,476.098,2.045,10282,-26.115
RollerBallRayBrain,2.281,480.956,2.363,11003,-25.970
RollerBallRayBrain,2.330,485.434,1.965,10245,-25.811
RollerBallRayBrain,2.250,490.421,2.508,10326,-25.757
RollerBallRayBrain,2.246,494.880,2.035,10358,-25.667
RollerBallRayBrain,2.233,499.426,2.127,10646,-25.502
RollerBallRayBrain,2.235,503.756,1.916,10500,-25.340
RollerBallRayBrain,2.265,508.333,2.132,10347,-25.178
RollerBallRayBrain,2.261,512.922,2.149,10561,-24.959
RollerBallRayBrain,2.254,517.984,2.568,10692,-24.772
RollerBallRayBrain,2.288,522.224,1.799,10757,-24.689
RollerBallRayBrain,2.250,527.378,2.664,10554,-24.372
RollerBallRayBrain,2.274,531.898,2.064,10256,-24.266
RollerBallRayBrain,2.342,536.782,2.344,10613,-24.159
RollerBallRayBrain,2.248,541.255,2.045,10348,-24.060
RollerBallRayBrain,2.246,545.825,2.135,10388,-23.894
RollerBallRayBrain,2.244,549.939,1.736,10280,-23.732
RollerBallRayBrain,2.230,554.906,2.531,10305,-23.417
RollerBallRayBrain,2.242,559.266,1.948,10292,-23.249
RollerBallRayBrain,2.254,564.401,2.636,10737,-23.175
RollerBallRayBrain,2.291,568.618,1.775,10450,-23.018
RollerBallRayBrain,2.290,574.013,2.837,10781,-22.854
RollerBallRayBrain,2.284,578.203,1.774,10769,-22.822
RollerBallRayBrain,2.270,583.168,2.463,10331,-22.724
