Brain name,Time to update policy,Time since start of training,Time for last experience collection,Number of experiences used for training,Mean return
RollerBallRayBrain,3.954,9.834,4.252,17598,-32.550
RollerBallRayBrain,3.536,17.271,3.597,16058,-31.066
RollerBallRayBrain,3.824,25.029,3.609,16907,-31.523
RollerBallRayBrain,3.680,32.658,3.605,16650,-31.946
RollerBallRayBrain,3.739,40.375,3.660,16729,-31.478
RollerBallRayBrain,3.650,47.970,3.601,16457,-31.276
RollerBallRayBrain,3.886,55.826,3.662,17982,-31.568
RollerBallRayBrain,2.249,60.956,2.635,10412,-31.316
RollerBallRayBrain,2.289,64.914,1.537,10337,-31.227
RollerBallRayBrain,2.296,70.441,2.966,10470,-31.044
RollerBallRayBrain,2.472,74.705,1.639,10869,-30.977
RollerBallRayBrain,2.794,80.149,2.439,12915,-30.489
RollerBallRayBrain,2.305,85.392,2.690,10849,-30.349
RollerBallRayBrain,2.266,89.270,1.481,10536,-30.377
RollerBallRayBrain,2.753,95.410,3.106,12943,-30.490
RollerBallRayBrain,2.276,99.923,2.068,10309,-30.117
RollerBallRayBrain,2.268,104.315,1.956,10388,-30.043
RollerBallRayBrain,2.265,109.214,2.413,10635,-30.013
RollerBallRayBrain,2.256,113.660,2.012,10416,-29.956
RollerBallRayBrain,2.266,118.474,2.340,10279,-29.959
RollerBallRayBrain,2.223,122.798,1.932,10333,-29.831
RollerBallRayBrain,2.270,127.506,2.231,10874,-29.907
RollerBallRayBrain,2.270,132.066,2.104,10298,-29.852
RollerBallRayBrain,2.254,136.642,2.131,10621,-29.956
RollerBallRayBrain,2.248,141.482,2.387,10352,-29.969
RollerBallRayBrain,2.609,146.030,1.780,10538,-29.939
RollerBallRayBrain,2.395,151.001,2.355,10724,-29.987
RollerBallRayBrain,2.344,155.647,2.098,10245,-29.933
RollerBallRayBrain,2.458,160.429,2.118,10892,-29.831
RollerBallRayBrain,2.351,165.582,2.542,10636,-29.716
RollerBallRayBrain,2.297,170.026,1.967,10567,-29.701
RollerBallRayBrain,2.294,175.104,2.560,10402,-29.624
RollerBallRayBrain,2.415,179.366,1.699,10787,-29.627
RollerBallRayBrain,2.329,184.665,2.734,10578,-29.616
RollerBallRayBrain,2.300,188.766,1.661,10338,-29.632
RollerBallRayBrain,2.327,193.756,2.441,10359,-29.648
RollerBallRayBrain,2.321,198.513,2.240,10828,-29.655
RollerBallRayBrain,2.333,202.899,1.887,10765,-29.535
RollerBallRayBrain,2.301,207.569,2.170,10310,-29.470
RollerBallRayBrain,2.331,212.322,2.211,10713,-29.512
RollerBallRayBrain,2.303,216.914,2.105,10351,-29.453
RollerBallRayBrain,2.268,221.565,2.176,10570,-29.336
RollerBallRayBrain,2.250,226.243,2.228,10314,-29.352
RollerBallRayBrain,2.277,230.864,2.144,10366,-29.371
RollerBallRayBrain,2.293,235.020,1.711,10319,-29.245
RollerBallRayBrain,2.246,239.794,2.320,10274,-29.026
RollerBallRayBrain,2.282,244.340,2.080,10393,-28.890
RollerBallRayBrain,2.278,249.387,2.541,10736,-28.840
RollerBallRayBrain,2.272,253.677,1.868,10557,-28.722
RollerBallRayBrain,2.266,258.109,1.986,10743,-28.589
RollerBallRayBrain,2.253,262.847,2.275,10306,-28.324
RollerBallRayBrain,2.292,267.545,2.216,10679,-28.316
RollerBallRayBrain,2.260,272.210,2.224,10469,-28.241
RollerBallRayBrain,2.303,276.607,1.918,10878,-28.137
RollerBallRayBrain,2.261,281.831,2.732,10633,-27.839
RollerBallRayBrain,2.298,286.177,1.885,10426,-27.702
RollerBallRayBrain,2.269,290.909,2.260,10510,-27.647
RollerBallRayBrain,2.297,295.447,2.060,10648,-27.600
RollerBallRayBrain,2.259,300.377,2.438,10354,-27.567
RollerBallRayBrain,2.282,304.485,1.684,10411,-27.561
RollerBallRayBrain,2.271,309.374,2.399,10576,-27.491
RollerBallRayBrain,2.282,314.137,2.273,10598,-27.403
RollerBallRayBrain,2.267,318.749,2.150,10760,-27.413
RollerBallRayBrain,2.262,322.928,1.750,10661,-27.244
RollerBallRayBrain,2.251,327.991,2.581,10696,-27.190
RollerBallRayBrain,2.267,332.328,1.905,10651,-27.094
RollerBallRayBrain,2.238,337.184,2.407,10279,-27.007
RollerBallRayBrain,2.285,341.629,1.967,10818,-26.984
RollerBallRayBrain,2.235,346.512,2.423,10260,-26.901
RollerBallRayBrain,2.259,350.869,1.929,10500,-26.869
RollerBallRayBrain,2.275,355.680,2.320,10897,-26.851
RollerBallRayBrain,2.301,360.052,1.907,10753,-26.718
RollerBallRayBrain,2.296,365.209,2.625,10622,-26.657
RollerBallRayBrain,2.287,369.815,2.143,10871,-26.606
RollerBallRayBrain,2.250,374.059,1.835,10320,-26.538
RollerBallRayBrain,2.285,378.746,2.208,10654,-26.379
RollerBallRayBrain,2.286,383.190,1.966,10399,-26.318
RollerBallRayBrain,2.256,388.191,2.537,10561,-26.266
RollerBallRayBrain,2.256,392.425,1.817,10775,-26.204
RollerBallRayBrain,2.250,397.177,2.294,10246,-26.144
RollerBallRayBrain,2.259,402.029,2.379,10503,-26.046
RollerBallRayBrain,2.274,406.350,1.879,10473,-25.935
RollerBallRayBrain,2.358,411.600,2.658,10762,-25.896
RollerBallRayBrain,2.332,415.939,1.854,10647,-25.750
RollerBallRayBrain,2.347,420.897,2.409,10720,-25.640
RollerBallRayBrain,2.259,425.037,1.729,10466,-25.526
RollerBallRayBrain,2.267,429.995,2.477,10468,-25.472
RollerBallRayBrain,2.268,434.748,2.285,10584,-25.493
RollerBallRayBrain,2.248,439.100,1.938,10389,-25.481
RollerBallRayBrain,2.271,443.624,2.064,10770,-25.355
RollerBallRayBrain,2.264,448.190,2.111,10289,-25.274
RollerBallRayBrain,2.264,453.088,2.412,10331,-25.236
RollerBallRayBrain,2.308,457.500,1.944,10488,-25.203
RollerBallRayBrain,2.254,461.943,2.027,10438,-25.156
RollerBallRayBrain,2.289,466.499,2.086,10533,-25.074
RollerBallRayBrain,2.311,471.552,2.521,10451,-24.968
RollerBallRayBrain,2.274,476.449,2.409,10256,-24.885
RollerBallRayBrain,2.291,481.197,2.252,10801,-24.865
RollerBallRayBrain,2.264,485.249,1.646,10665,-24.854
RollerBallRayBrain,2.286,490.419,2.650,10806,-24.836
RollerBallRayBrain,2.255,494.705,1.861,10531,-24.753
RollerBallRayBrain,2.263,499.045,1.906,10420,-24.589
RollerBallRayBrain,2.240,504.048,2.546,10481,-24.510
RollerBallRayBrain,2.249,508.308,1.859,10261,-24.427
RollerBallRayBrain,2.314,513.253,2.414,10721,-24.412
RollerBallRayBrain,2.246,517.563,1.898,10261,-24.322
RollerBallRayBrain,2.274,522.209,2.175,10681,-24.211
RollerBallRayBrain,2.253,526.954,2.292,10369,-24.023
RollerBallRayBrain,2.274,531.826,2.393,10717,-23.981
RollerBallRayBrain,2.231,536.130,1.908,10317,-23.871
RollerBallRayBrain,2.245,541.092,2.502,10351,-23.754
RollerBallRayBrain,2.223,545.411,1.930,10300,-23.648
RollerBallRayBrain,2.298,549.990,2.098,10877,-23.549
RollerBallRayBrain,2.260,554.697,2.263,10596,-23.463
RollerBallRayBrain,2.291,559.640,2.433,10566,-23.399
RollerBallRayBrain,2.271,564.255,2.146,10293,-23.330
RollerBallRayBrain,2.257,568.610,1.926,10427,-23.248
RollerBallRayBrain,2.256,573.143,2.087,10720,-23.173
RollerBallRayBrain,2.255,578.040,2.417,10431,-23.103
RollerBallRayBrain,2.265,582.302,1.833,10379,-23.060
RollerBallRayBrain,2.270,587.408,2.606,10864,-22.915
RollerBallRayBrain,2.245,591.895,2.053,10250,-22.805
