Brain name,Time to update policy,Time since start of training,Time for last experience collection,Number of experiences used for training,Mean return
RollerBallRayBrain,3.864,9.575,4.183,17831,-32.981
RollerBallRayBrain,3.416,16.835,3.555,16062,-31.285
RollerBallRayBrain,3.839,24.535,3.553,17982,-31.957
RollerBallRayBrain,3.839,32.226,3.550,17982,-32.293
RollerBallRayBrain,3.676,39.789,3.590,17316,-32.488
RollerBallRayBrain,3.385,47.108,3.624,15483,-32.236
RollerBallRayBrain,3.879,54.946,3.625,17982,-32.390
RollerBallRayBrain,3.812,62.687,3.640,17459,-32.221
RollerBallRayBrain,3.868,70.538,3.663,17850,-32.311
RollerBallRayBrain,3.629,78.128,3.648,16806,-32.183
RollerBallRayBrain,3.878,85.972,3.667,17982,-32.285
RollerBallRayBrain,3.635,93.530,3.609,17361,-32.271
RollerBallRayBrain,3.869,101.346,3.645,18054,-32.265
RollerBallRayBrain,3.859,109.137,3.620,18050,-32.260
RollerBallRayBrain,3.837,116.901,3.609,17982,-32.329
RollerBallRayBrain,3.610,124.432,3.620,16824,-32.251
RollerBallRayBrain,2.280,129.552,2.633,10656,-32.289
RollerBallRayBrain,2.304,133.268,1.311,10656,-32.323
RollerBallRayBrain,3.165,140.106,3.390,14418,-32.205
RollerBallRayBrain,2.262,144.330,1.808,10318,-32.204
RollerBallRayBrain,2.254,148.805,2.052,10656,-32.237
RollerBallRayBrain,3.363,155.843,3.365,15414,-32.230
RollerBallRayBrain,2.252,160.269,1.998,10656,-32.261
RollerBallRayBrain,2.269,164.791,2.074,10656,-32.289
RollerBallRayBrain,2.963,171.184,3.172,14205,-32.287
RollerBallRayBrain,2.251,175.618,2.014,10713,-32.264
RollerBallRayBrain,2.256,179.987,1.950,10654,-32.289
RollerBallRayBrain,2.920,186.443,3.253,13986,-32.321
RollerBallRayBrain,2.247,190.641,1.798,10308,-32.267
RollerBallRayBrain,2.244,195.104,2.048,10656,-32.291
RollerBallRayBrain,2.261,200.519,2.873,10656,-32.314
RollerBallRayBrain,2.250,204.138,1.270,10656,-32.336
RollerBallRayBrain,2.268,209.453,2.778,11075,-32.340
RollerBallRayBrain,2.254,213.543,1.696,10297,-32.336
RollerBallRayBrain,2.230,218.099,2.145,10307,-32.332
RollerBallRayBrain,2.264,222.344,1.814,10573,-32.345
RollerBallRayBrain,2.286,227.187,2.351,10734,-32.327
RollerBallRayBrain,2.525,232.780,2.822,11988,-32.348
RollerBallRayBrain,2.295,236.910,1.687,10656,-32.367
RollerBallRayBrain,2.275,241.747,2.362,10656,-32.384
RollerBallRayBrain,2.272,246.038,1.871,10656,-32.401
RollerBallRayBrain,2.313,250.723,2.183,10656,-32.417
RollerBallRayBrain,2.294,255.991,2.747,11144,-32.386
RollerBallRayBrain,2.275,260.153,1.749,10656,-32.402
RollerBallRayBrain,2.274,264.833,2.216,10612,-32.378
RollerBallRayBrain,2.299,269.273,1.972,10656,-32.393
RollerBallRayBrain,2.283,274.010,2.252,10656,-32.409
RollerBallRayBrain,2.559,279.440,2.635,11571,-32.369
RollerBallRayBrain,2.297,283.661,1.778,10656,-32.383
RollerBallRayBrain,2.295,288.291,2.147,10656,-32.398
RollerBallRayBrain,2.264,292.776,2.040,10843,-32.389
RollerBallRayBrain,2.304,297.574,2.304,10656,-32.402
RollerBallRayBrain,2.274,302.580,2.523,11026,-32.370
RollerBallRayBrain,2.292,306.783,1.746,10709,-32.356
RollerBallRayBrain,2.268,311.440,2.190,10811,-32.346
RollerBallRayBrain,2.276,315.696,1.822,10337,-32.285
RollerBallRayBrain,2.264,320.387,2.225,10482,-32.261
RollerBallRayBrain,2.270,325.237,2.376,10691,-32.248
RollerBallRayBrain,2.251,329.811,2.130,10363,-32.192
RollerBallRayBrain,2.282,334.509,2.222,10656,-32.207
RollerBallRayBrain,2.284,338.771,1.809,10575,-32.218
RollerBallRayBrain,2.261,343.373,2.161,10656,-32.232
RollerBallRayBrain,2.332,348.374,2.460,10806,-32.198
RollerBallRayBrain,2.258,352.615,1.828,10751,-32.189
RollerBallRayBrain,2.232,357.314,2.259,10504,-32.117
RollerBallRayBrain,2.273,361.719,1.953,10840,-32.088
RollerBallRayBrain,2.289,366.550,2.326,10529,-32.046
RollerBallRayBrain,2.272,370.816,1.847,10757,-32.040
RollerBallRayBrain,2.243,375.667,2.396,10427,-32.021
RollerBallRayBrain,2.261,379.945,1.865,10266,-31.997
RollerBallRayBrain,2.260,384.804,2.380,10656,-32.012
RollerBallRayBrain,2.260,389.182,1.956,10390,-31.969
RollerBallRayBrain,2.269,393.732,2.086,10248,-31.969
RollerBallRayBrain,2.275,398.403,2.184,10656,-31.984
RollerBallRayBrain,2.288,402.909,2.048,10893,-31.961
RollerBallRayBrain,2.276,407.600,2.236,10453,-31.923
RollerBallRayBrain,2.252,411.989,1.967,10628,-31.936
RollerBallRayBrain,2.246,416.595,2.170,10249,-31.914
RollerBallRayBrain,2.265,421.067,2.047,11035,-31.854
RollerBallRayBrain,2.250,426.000,2.459,10658,-31.846
RollerBallRayBrain,2.297,430.318,1.858,10722,-31.821
RollerBallRayBrain,2.327,435.272,2.413,10900,-31.823
RollerBallRayBrain,2.229,439.458,1.791,10276,-31.804
RollerBallRayBrain,2.255,444.046,2.153,10819,-31.762
RollerBallRayBrain,2.254,448.775,2.280,10659,-31.757
RollerBallRayBrain,2.216,452.995,1.851,10273,-31.719
RollerBallRayBrain,2.230,457.755,2.334,10343,-31.665
RollerBallRayBrain,2.259,462.591,2.365,10656,-31.680
RollerBallRayBrain,2.246,466.585,1.601,10656,-31.696
RollerBallRayBrain,2.271,471.668,2.598,10766,-31.675
RollerBallRayBrain,2.233,475.542,1.519,10337,-31.660
RollerBallRayBrain,2.269,480.403,2.385,10646,-31.580
RollerBallRayBrain,2.245,484.704,1.892,10457,-31.570
RollerBallRayBrain,2.258,489.302,2.159,10452,-31.524
RollerBallRayBrain,2.238,494.067,2.333,10634,-31.501
RollerBallRayBrain,2.258,498.438,1.934,10877,-31.487
RollerBallRayBrain,2.252,502.938,2.064,10529,-31.444
RollerBallRayBrain,2.254,507.419,2.064,10422,-31.400
RollerBallRayBrain,2.286,512.276,2.360,10456,-31.393
RollerBallRayBrain,2.270,516.751,2.027,10244,-31.363
RollerBallRayBrain,2.267,521.229,2.035,10892,-31.316
RollerBallRayBrain,2.239,525.880,2.229,10811,-31.218
RollerBallRayBrain,2.268,530.490,2.155,10639,-31.150
RollerBallRayBrain,2.255,535.091,2.151,10867,-31.057
RollerBallRayBrain,2.254,539.471,1.958,10607,-30.960
RollerBallRayBrain,2.245,544.184,2.279,10566,-30.944
RollerBallRayBrain,2.254,548.793,2.175,10605,-30.882
RollerBallRayBrain,2.251,553.546,2.288,10905,-30.875
RollerBallRayBrain,2.237,558.057,2.093,10386,-30.824
RollerBallRayBrain,2.240,562.236,1.779,10498,-30.777
RollerBallRayBrain,2.236,566.987,2.314,10417,-30.699
RollerBallRayBrain,2.259,571.283,1.894,10386,-30.636
RollerBallRayBrain,2.230,575.647,1.966,10283,-30.528
RollerBallRayBrain,2.269,580.686,2.550,10752,-30.390
