Brain name,Time to update policy,Time since start of training,Time for last experience collection,Number of experiences used for training,Mean return
RollerBallRayBrain,3.862,9.645,4.242,17805,-32.933
RollerBallRayBrain,3.419,17.016,3.641,16116,-31.942
RollerBallRayBrain,3.441,24.382,3.599,16286,-31.301
RollerBallRayBrain,3.688,32.017,3.618,17237,-31.447
RollerBallRayBrain,3.883,39.880,3.662,18100,-31.621
RollerBallRayBrain,3.654,47.548,3.673,16761,-31.713
RollerBallRayBrain,4.249,55.736,3.630,18573,-31.749
RollerBallRayBrain,3.629,63.295,3.623,17079,-31.866
RollerBallRayBrain,3.846,71.105,3.637,18055,-31.897
RollerBallRayBrain,2.242,77.017,3.362,10365,-31.793
RollerBallRayBrain,2.250,80.239,0.905,10656,-31.880
RollerBallRayBrain,2.947,86.497,3.042,14010,-31.870
RollerBallRayBrain,2.259,91.673,2.682,10376,-31.269
RollerBallRayBrain,2.265,95.742,1.659,10656,-31.168
RollerBallRayBrain,2.237,100.964,2.748,10344,-31.127
RollerBallRayBrain,2.287,104.793,1.428,10439,-30.842
RollerBallRayBrain,2.259,109.813,2.553,10554,-30.762
RollerBallRayBrain,2.219,113.843,1.663,10257,-30.653
RollerBallRayBrain,2.257,118.938,2.614,10254,-30.702
RollerBallRayBrain,2.232,123.840,2.461,10381,-30.691
RollerBallRayBrain,2.271,127.737,1.504,10816,-30.730
RollerBallRayBrain,2.267,132.866,2.640,10684,-30.548
RollerBallRayBrain,2.257,136.930,1.664,10318,-30.537
RollerBallRayBrain,2.255,142.093,2.680,10875,-30.517
RollerBallRayBrain,2.236,146.136,1.668,10311,-30.388
RollerBallRayBrain,2.271,151.134,2.514,10748,-30.423
RollerBallRayBrain,2.271,155.559,2.003,10657,-30.392
RollerBallRayBrain,2.272,160.227,2.207,10672,-30.310
RollerBallRayBrain,2.266,164.880,2.209,10449,-30.265
RollerBallRayBrain,2.277,169.416,2.088,10653,-30.289
RollerBallRayBrain,2.273,174.191,2.303,10603,-30.066
RollerBallRayBrain,2.229,178.760,2.157,10315,-30.021
RollerBallRayBrain,2.268,183.499,2.297,10329,-30.027
RollerBallRayBrain,2.235,187.421,1.565,10320,-30.029
RollerBallRayBrain,2.290,192.506,2.577,10633,-29.968
RollerBallRayBrain,2.236,196.802,1.889,10298,-29.972
RollerBallRayBrain,2.250,201.200,1.968,10254,-29.887
RollerBallRayBrain,2.260,205.954,2.295,10902,-29.610
RollerBallRayBrain,2.251,210.652,2.241,10461,-29.478
RollerBallRayBrain,2.248,215.304,2.212,10366,-29.420
RollerBallRayBrain,2.261,219.862,2.129,10688,-29.311
RollerBallRayBrain,2.259,224.431,2.125,10425,-29.190
RollerBallRayBrain,2.270,228.829,1.982,10420,-29.179
RollerBallRayBrain,2.224,233.593,2.350,10352,-28.996
RollerBallRayBrain,2.291,238.259,2.182,10341,-28.854
RollerBallRayBrain,2.263,242.615,1.919,10767,-28.740
RollerBallRayBrain,2.248,247.418,2.356,10743,-28.570
RollerBallRayBrain,2.264,251.895,2.037,10738,-28.438
RollerBallRayBrain,2.262,256.754,2.383,10656,-28.278
RollerBallRayBrain,2.264,260.555,1.414,10425,-28.059
RollerBallRayBrain,2.267,265.831,2.770,10872,-27.869
RollerBallRayBrain,2.274,270.303,2.025,10323,-27.770
RollerBallRayBrain,2.237,275.164,2.404,10349,-27.547
RollerBallRayBrain,2.249,279.691,2.096,10251,-27.406
RollerBallRayBrain,2.260,283.902,1.788,10686,-27.217
RollerBallRayBrain,2.238,288.939,2.573,10283,-27.042
RollerBallRayBrain,2.233,293.719,2.357,10375,-26.878
RollerBallRayBrain,2.282,297.967,1.808,10887,-26.742
RollerBallRayBrain,2.267,302.784,2.343,10885,-26.548
RollerBallRayBrain,2.233,307.213,2.015,10473,-26.301
RollerBallRayBrain,2.240,311.906,2.257,10329,-26.101
RollerBallRayBrain,2.260,316.320,1.993,10287,-25.809
RollerBallRayBrain,2.252,320.948,2.193,10706,-25.643
RollerBallRayBrain,2.234,325.698,2.335,10315,-25.467
RollerBallRayBrain,2.261,330.122,1.983,10403,-25.266
RollerBallRayBrain,2.276,335.060,2.462,10739,-24.997
RollerBallRayBrain,2.243,339.211,1.763,10316,-24.744
RollerBallRayBrain,2.236,343.842,2.202,10287,-24.468
RollerBallRayBrain,2.267,348.639,2.336,10321,-24.317
RollerBallRayBrain,2.283,353.461,2.337,10806,-24.033
RollerBallRayBrain,2.236,358.102,2.213,10510,-23.859
RollerBallRayBrain,2.279,362.593,2.051,10832,-23.599
RollerBallRayBrain,2.243,367.322,2.289,10274,-23.304
RollerBallRayBrain,2.248,371.860,2.103,10314,-23.037
RollerBallRayBrain,2.221,376.824,2.538,10316,-22.823
RollerBallRayBrain,2.255,380.761,1.546,10784,-22.643
RollerBallRayBrain,2.236,385.923,2.696,10577,-22.182
RollerBallRayBrain,2.251,390.425,2.078,10663,-21.925
RollerBallRayBrain,2.252,394.725,1.892,10630,-21.691
RollerBallRayBrain,2.247,399.662,2.477,10491,-21.386
RollerBallRayBrain,2.251,404.515,2.405,10498,-21.085
RollerBallRayBrain,2.270,408.952,1.998,10335,-20.756
RollerBallRayBrain,2.251,413.856,2.450,10356,-20.424
RollerBallRayBrain,2.250,418.234,1.974,10402,-20.137
RollerBallRayBrain,2.240,423.012,2.336,10494,-19.847
RollerBallRayBrain,2.245,428.274,2.780,10285,-19.524
RollerBallRayBrain,2.246,432.268,1.630,10350,-19.360
RollerBallRayBrain,2.233,436.658,1.989,10271,-19.062
RollerBallRayBrain,2.244,441.887,2.753,10476,-18.799
RollerBallRayBrain,2.251,445.952,1.677,10416,-18.643
RollerBallRayBrain,2.260,451.003,2.580,10431,-18.318
RollerBallRayBrain,2.249,455.799,2.361,10333,-18.035
RollerBallRayBrain,2.332,460.550,2.238,10365,-17.760
RollerBallRayBrain,2.255,465.328,2.332,10685,-17.549
RollerBallRayBrain,2.230,470.248,2.495,10473,-17.269
RollerBallRayBrain,2.251,474.754,2.087,10762,-17.019
RollerBallRayBrain,2.216,479.293,2.148,10259,-16.749
RollerBallRayBrain,2.235,484.267,2.531,10268,-16.474
RollerBallRayBrain,2.256,488.817,2.128,10411,-16.238
RollerBallRayBrain,2.258,493.640,2.370,10856,-16.008
RollerBallRayBrain,2.285,498.644,2.524,10335,-15.761
RollerBallRayBrain,2.253,503.386,2.297,10410,-15.564
RollerBallRayBrain,2.238,508.256,2.456,10351,-15.342
RollerBallRayBrain,2.313,513.001,2.243,10292,-15.182
RollerBallRayBrain,2.258,518.015,2.545,10253,-14.985
RollerBallRayBrain,2.240,522.144,1.761,10353,-14.856
RollerBallRayBrain,2.304,527.077,2.423,10334,-14.620
RollerBallRayBrain,2.334,532.369,2.723,10619,-14.417
RollerBallRayBrain,2.244,536.662,1.911,10241,-14.261
RollerBallRayBrain,2.270,542.016,2.858,10750,-14.050
RollerBallRayBrain,2.246,546.616,2.188,10353,-13.894
RollerBallRayBrain,2.250,551.381,2.311,10325,-13.757
RollerBallRayBrain,2.228,555.809,2.045,10358,-13.629
RollerBallRayBrain,2.236,560.768,2.532,10251,-13.443
RollerBallRayBrain,2.241,565.409,2.217,10372,-13.280
RollerBallRayBrain,2.291,570.363,2.456,10859,-13.118
RollerBallRayBrain,2.226,574.973,2.210,10273,-12.963
RollerBallRayBrain,2.273,580.107,2.637,10820,-12.769
RollerBallRayBrain,2.246,584.683,2.168,10241,-12.618
RollerBallRayBrain,2.269,589.826,2.657,10265,-12.496
RollerBallRayBrain,2.242,594.177,1.951,10428,-12.397
