Brain name,Time to update policy,Time since start of training,Time for last experience collection,Number of experiences used for training,Mean return
RollerBallRayBrain,3.382,9.137,4.181,15794,-29.093
RollerBallRayBrain,3.165,16.271,3.667,15212,-29.672
RollerBallRayBrain,3.867,24.019,3.560,17982,-30.912
RollerBallRayBrain,3.850,31.808,3.629,17982,-31.520
RollerBallRayBrain,3.641,39.366,3.594,17316,-31.871
RollerBallRayBrain,3.611,46.834,3.532,16750,-31.713
RollerBallRayBrain,3.833,54.519,3.523,17982,-31.943
RollerBallRayBrain,3.866,62.312,3.604,17982,-32.115
RollerBallRayBrain,3.863,70.107,3.639,17982,-32.249
RollerBallRayBrain,3.670,77.724,3.647,17316,-32.351
RollerBallRayBrain,3.852,85.514,3.620,17982,-32.439
RollerBallRayBrain,3.854,93.321,3.643,17730,-32.364
RollerBallRayBrain,3.854,101.057,3.569,17982,-32.437
RollerBallRayBrain,3.826,108.782,3.599,17523,-32.257
RollerBallRayBrain,3.659,116.315,3.550,17379,-32.250
RollerBallRayBrain,2.243,120.633,1.905,10278,-32.242
RollerBallRayBrain,2.249,124.746,1.709,10431,-32.177
RollerBallRayBrain,3.179,131.770,3.516,14652,-32.231
RollerBallRayBrain,2.245,136.089,1.912,10733,-32.205
RollerBallRayBrain,2.276,140.232,1.736,10482,-32.221
RollerBallRayBrain,3.197,147.249,3.499,14351,-32.171
RollerBallRayBrain,2.423,151.502,1.665,10327,-32.172
RollerBallRayBrain,2.252,155.968,2.036,10790,-32.154
RollerBallRayBrain,2.269,161.501,2.996,10724,-32.134
RollerBallRayBrain,2.271,164.903,1.036,10656,-32.166
RollerBallRayBrain,2.308,170.518,3.028,11204,-32.131
RollerBallRayBrain,2.249,174.625,1.711,10654,-32.106
RollerBallRayBrain,2.315,179.016,1.899,10793,-32.095
RollerBallRayBrain,2.266,184.515,2.969,10761,-32.030
RollerBallRayBrain,2.278,188.133,1.239,10656,-32.061
RollerBallRayBrain,2.496,193.761,2.886,11282,-31.989
RollerBallRayBrain,2.280,197.907,1.731,10819,-31.984
RollerBallRayBrain,2.282,202.267,1.928,10321,-31.988
RollerBallRayBrain,2.238,207.090,2.391,10340,-31.994
RollerBallRayBrain,2.235,211.267,1.782,10243,-31.905
RollerBallRayBrain,2.264,216.142,2.397,10563,-31.712
RollerBallRayBrain,2.272,220.585,2.008,10710,-31.706
RollerBallRayBrain,2.259,225.109,2.076,10689,-31.699
RollerBallRayBrain,2.246,229.758,2.213,10770,-31.698
RollerBallRayBrain,2.259,234.402,2.201,10768,-31.696
RollerBallRayBrain,2.235,238.987,2.171,10656,-31.726
RollerBallRayBrain,2.248,243.418,2.003,10743,-31.685
RollerBallRayBrain,2.336,248.212,2.246,10666,-31.640
RollerBallRayBrain,2.276,252.881,2.203,10772,-31.603
RollerBallRayBrain,2.245,257.460,2.140,10656,-31.633
RollerBallRayBrain,2.252,261.498,1.651,10322,-31.606
RollerBallRayBrain,2.262,266.574,2.577,10800,-31.608
RollerBallRayBrain,2.266,271.155,2.128,10656,-31.636
RollerBallRayBrain,2.259,275.697,2.112,10751,-31.602
RollerBallRayBrain,2.266,280.406,2.249,10797,-31.602
RollerBallRayBrain,2.260,284.434,1.620,10656,-31.629
RollerBallRayBrain,2.265,289.079,2.200,10742,-31.533
RollerBallRayBrain,2.260,294.045,2.460,10487,-31.489
RollerBallRayBrain,2.260,298.667,2.170,10637,-31.455
RollerBallRayBrain,2.257,303.186,2.085,10495,-31.414
RollerBallRayBrain,2.307,307.534,1.876,10539,-31.348
RollerBallRayBrain,2.372,312.260,2.155,10399,-31.305
RollerBallRayBrain,2.459,316.828,1.922,10544,-31.299
RollerBallRayBrain,2.403,322.120,2.645,10827,-31.195
RollerBallRayBrain,2.372,327.147,2.460,10754,-31.146
RollerBallRayBrain,2.287,331.493,1.884,10588,-31.090
RollerBallRayBrain,2.254,336.314,2.360,10697,-30.990
RollerBallRayBrain,2.250,340.428,1.730,10565,-30.887
RollerBallRayBrain,2.261,345.481,2.553,10577,-30.812
RollerBallRayBrain,2.257,349.964,2.038,10844,-30.801
RollerBallRayBrain,2.225,354.092,1.751,10272,-30.645
RollerBallRayBrain,2.223,358.799,2.281,10293,-30.591
RollerBallRayBrain,2.234,363.166,1.960,10582,-30.547
RollerBallRayBrain,2.228,367.941,2.339,10487,-30.480
RollerBallRayBrain,2.282,372.448,2.044,10758,-30.380
RollerBallRayBrain,2.271,376.797,1.895,10378,-30.335
RollerBallRayBrain,2.292,381.797,2.505,10801,-30.263
RollerBallRayBrain,2.234,385.631,1.463,10409,-30.199
RollerBallRayBrain,2.262,390.803,2.683,10376,-30.030
RollerBallRayBrain,2.383,395.285,1.927,10715,-29.839
RollerBallRayBrain,2.278,400.067,2.291,10271,-29.799
RollerBallRayBrain,2.244,404.397,1.918,10272,-29.781
RollerBallRayBrain,2.250,409.283,2.416,10592,-29.714
RollerBallRayBrain,2.251,413.325,1.652,10595,-29.592
RollerBallRayBrain,2.261,418.473,2.654,10841,-29.329
RollerBallRayBrain,2.228,422.751,1.885,10261,-29.187
RollerBallRayBrain,2.288,427.286,2.061,11001,-29.036
RollerBallRayBrain,2.234,431.941,2.231,10280,-28.867
RollerBallRayBrain,2.248,436.634,2.232,10283,-28.651
RollerBallRayBrain,2.260,440.926,1.851,10634,-28.488
RollerBallRayBrain,2.229,445.417,2.083,10365,-28.306
RollerBallRayBrain,2.260,450.423,2.534,10797,-28.045
RollerBallRayBrain,2.270,454.548,1.706,10351,-27.907
RollerBallRayBrain,2.253,459.589,2.558,10716,-27.722
RollerBallRayBrain,2.266,464.060,2.024,10859,-27.590
RollerBallRayBrain,2.260,468.749,2.225,10682,-27.429
RollerBallRayBrain,2.250,473.006,1.844,10312,-27.234
RollerBallRayBrain,2.244,477.696,2.254,10284,-26.932
RollerBallRayBrain,2.245,482.383,2.243,10399,-26.781
RollerBallRayBrain,2.264,486.706,1.893,10810,-26.619
RollerBallRayBrain,2.251,491.391,2.243,10331,-26.422
RollerBallRayBrain,2.239,496.045,2.221,10496,-26.210
RollerBallRayBrain,2.259,500.740,2.253,10747,-26.011
RollerBallRayBrain,2.246,504.850,1.701,10531,-25.875
RollerBallRayBrain,2.266,509.798,2.466,10360,-25.606
RollerBallRayBrain,2.271,514.215,1.977,10454,-25.466
RollerBallRayBrain,2.238,518.620,2.000,10374,-25.248
RollerBallRayBrain,2.255,523.834,2.729,10504,-25.141
RollerBallRayBrain,2.290,528.082,1.800,10488,-25.014
RollerBallRayBrain,2.291,532.453,1.902,10676,-24.788
RollerBallRayBrain,2.290,537.454,2.493,10546,-24.586
RollerBallRayBrain,2.251,541.601,1.751,10341,-24.427
RollerBallRayBrain,2.256,546.835,2.735,10569,-24.139
RollerBallRayBrain,2.246,551.238,2.003,10317,-23.983
RollerBallRayBrain,2.248,555.384,1.742,10330,-23.859
RollerBallRayBrain,2.232,560.274,2.448,10341,-23.618
RollerBallRayBrain,2.261,564.820,2.101,10849,-23.431
RollerBallRayBrain,2.250,569.718,2.434,10309,-23.134
RollerBallRayBrain,2.245,574.100,1.976,10255,-22.984
RollerBallRayBrain,2.265,578.670,2.119,10344,-22.781
RollerBallRayBrain,2.258,583.426,2.290,10578,-22.696
