Brain name,Time to update policy,Time since start of training,Time for last experience collection,Number of experiences used for training,Mean return
RollerBallRayBrain,0.900,6.542,4.079,18009,-33.350
RollerBallRayBrain,0.830,11.165,3.457,17484,-32.844
RollerBallRayBrain,0.808,15.773,3.444,17090,-32.407
RollerBallRayBrain,0.881,20.467,3.462,17795,-32.534
RollerBallRayBrain,0.746,24.991,3.448,16836,-32.496
RollerBallRayBrain,0.757,29.506,3.378,16573,-32.173
RollerBallRayBrain,0.748,34.017,3.434,16101,-31.983
RollerBallRayBrain,0.458,38.122,3.286,10735,-31.618
RollerBallRayBrain,0.468,39.664,0.982,10770,-31.467
RollerBallRayBrain,0.603,43.276,2.715,13629,-31.415
RollerBallRayBrain,0.454,46.818,2.758,10509,-31.251
RollerBallRayBrain,0.457,48.648,1.242,10486,-31.334
RollerBallRayBrain,0.597,52.459,2.906,14092,-31.381
RollerBallRayBrain,0.441,55.479,2.319,10486,-31.346
RollerBallRayBrain,0.463,57.727,1.607,10738,-31.351
RollerBallRayBrain,0.464,61.132,2.666,10483,-31.413
RollerBallRayBrain,0.455,63.100,1.368,10318,-31.358
RollerBallRayBrain,0.569,66.365,2.438,11413,-31.371
RollerBallRayBrain,0.463,69.104,2.050,10553,-31.192
RollerBallRayBrain,0.446,71.733,1.969,10384,-31.235
RollerBallRayBrain,0.484,74.602,2.174,10363,-31.125
RollerBallRayBrain,0.459,77.163,1.899,10838,-31.011
RollerBallRayBrain,0.464,80.152,2.286,10955,-30.980
RollerBallRayBrain,0.462,82.571,1.769,10417,-30.828
RollerBallRayBrain,0.453,85.504,2.238,10569,-30.833
RollerBallRayBrain,0.448,88.425,2.236,10410,-30.820
RollerBallRayBrain,0.473,90.583,1.520,10656,-30.893
RollerBallRayBrain,0.469,93.442,2.152,10492,-30.599
RollerBallRayBrain,0.454,96.401,2.262,10707,-30.458
RollerBallRayBrain,0.451,99.241,2.167,10241,-30.496
RollerBallRayBrain,0.459,101.857,1.943,10894,-30.433
RollerBallRayBrain,0.473,104.586,2.029,10579,-30.448
RollerBallRayBrain,0.461,107.214,1.954,10685,-30.422
RollerBallRayBrain,0.452,110.072,2.178,10307,-30.319
RollerBallRayBrain,0.469,113.129,2.336,10734,-30.208
RollerBallRayBrain,0.451,115.167,1.441,10348,-30.079
RollerBallRayBrain,0.449,118.253,2.398,10246,-29.949
RollerBallRayBrain,0.461,120.856,1.924,10694,-29.857
RollerBallRayBrain,0.459,123.775,2.231,10431,-29.793
RollerBallRayBrain,0.461,125.972,1.584,10356,-29.647
RollerBallRayBrain,0.474,129.047,2.356,10363,-29.620
RollerBallRayBrain,0.468,131.735,2.035,10593,-29.610
RollerBallRayBrain,0.471,134.240,1.840,10619,-29.602
RollerBallRayBrain,0.460,137.838,2.832,10399,-29.477
RollerBallRayBrain,0.465,139.865,1.401,10859,-29.489
RollerBallRayBrain,0.454,142.914,2.334,10528,-29.514
RollerBallRayBrain,0.457,145.165,1.623,10249,-29.423
RollerBallRayBrain,0.462,148.123,2.242,10848,-29.204
RollerBallRayBrain,0.532,150.804,1.948,10409,-29.099
RollerBallRayBrain,0.450,153.878,2.357,10411,-28.969
RollerBallRayBrain,0.456,156.659,2.126,10390,-28.784
RollerBallRayBrain,0.451,159.495,2.158,10509,-28.729
RollerBallRayBrain,0.483,161.864,1.707,10371,-28.526
RollerBallRayBrain,0.472,164.841,2.254,11014,-28.364
RollerBallRayBrain,0.467,167.630,2.116,10508,-28.239
RollerBallRayBrain,0.453,170.299,2.005,10514,-27.913
RollerBallRayBrain,0.458,173.302,2.308,10804,-27.817
RollerBallRayBrain,0.454,175.883,1.923,10391,-27.779
RollerBallRayBrain,0.460,178.246,1.745,10493,-27.581
RollerBallRayBrain,0.447,181.275,2.329,10331,-27.406
RollerBallRayBrain,0.465,184.089,2.127,10733,-27.277
RollerBallRayBrain,0.462,186.805,2.047,10363,-27.138
RollerBallRayBrain,0.471,189.008,1.577,10304,-26.915
RollerBallRayBrain,0.452,192.128,2.389,10255,-26.473
RollerBallRayBrain,0.468,194.977,2.149,10670,-26.290
RollerBallRayBrain,0.462,197.918,2.252,10426,-26.007
RollerBallRayBrain,0.454,200.664,2.076,10282,-25.884
RollerBallRayBrain,0.456,202.961,1.660,10360,-25.842
RollerBallRayBrain,0.456,205.790,2.134,10622,-25.486
RollerBallRayBrain,0.455,208.810,2.305,10526,-25.231
RollerBallRayBrain,0.448,211.347,1.867,10272,-24.961
RollerBallRayBrain,0.466,214.196,2.168,10727,-24.605
RollerBallRayBrain,0.458,217.072,2.188,10919,-24.215
RollerBallRayBrain,0.456,219.998,2.240,10448,-23.831
RollerBallRayBrain,0.452,223.036,2.347,10329,-23.562
RollerBallRayBrain,0.467,225.619,1.922,10666,-23.343
RollerBallRayBrain,0.459,228.384,2.093,10298,-23.109
RollerBallRayBrain,0.449,231.191,2.141,10304,-22.846
RollerBallRayBrain,0.474,234.308,2.397,10736,-22.545
RollerBallRayBrain,0.444,236.731,1.800,10396,-22.391
RollerBallRayBrain,0.467,239.487,2.078,10857,-22.162
RollerBallRayBrain,0.447,242.299,2.163,10245,-21.871
RollerBallRayBrain,0.467,245.335,2.334,10672,-21.583
RollerBallRayBrain,0.448,247.764,1.804,10290,-21.363
RollerBallRayBrain,0.467,251.104,2.592,10842,-21.113
RollerBallRayBrain,0.468,253.736,1.966,10742,-20.941
RollerBallRayBrain,0.448,256.821,2.382,10291,-20.717
RollerBallRayBrain,0.461,259.301,1.822,10329,-20.559
RollerBallRayBrain,0.464,262.032,2.060,10283,-20.350
RollerBallRayBrain,0.455,265.060,2.323,10285,-20.106
RollerBallRayBrain,0.448,267.991,2.226,10246,-19.863
RollerBallRayBrain,0.479,270.813,2.124,10725,-19.623
RollerBallRayBrain,0.459,273.517,2.030,10375,-19.459
RollerBallRayBrain,0.461,276.501,2.281,10438,-19.224
RollerBallRayBrain,0.462,279.718,2.499,10338,-18.974
RollerBallRayBrain,0.453,282.085,1.737,10437,-18.816
RollerBallRayBrain,0.448,284.791,2.045,10285,-18.548
RollerBallRayBrain,0.458,287.895,2.410,10536,-18.358
RollerBallRayBrain,0.464,290.871,2.288,10267,-18.157
RollerBallRayBrain,0.454,293.400,1.884,10330,-18.030
RollerBallRayBrain,0.472,296.166,2.069,10422,-17.857
RollerBallRayBrain,0.459,299.128,2.283,10250,-17.663
RollerBallRayBrain,0.456,301.969,2.167,10276,-17.495
RollerBallRayBrain,0.454,304.670,2.042,10382,-17.317
RollerBallRayBrain,0.456,307.516,2.177,10766,-17.068
RollerBallRayBrain,0.451,310.579,2.370,10471,-16.835
RollerBallRayBrain,0.456,313.566,2.302,10794,-16.670
RollerBallRayBrain,0.463,316.692,2.435,10624,-16.534
RollerBallRayBrain,0.465,319.493,2.124,10242,-16.472
RollerBallRayBrain,0.464,321.893,1.760,10713,-16.365
RollerBallRayBrain,0.473,324.974,2.357,10669,-16.220
RollerBallRayBrain,0.444,328.020,2.365,10406,-16.044
RollerBallRayBrain,0.472,330.495,1.816,10883,-15.935
RollerBallRayBrain,0.470,334.001,2.771,10461,-15.758
RollerBallRayBrain,0.446,336.120,1.514,10249,-15.671
RollerBallRayBrain,0.456,339.356,2.522,10276,-15.488
RollerBallRayBrain,0.451,342.017,2.001,10396,-15.343
RollerBallRayBrain,0.453,345.108,2.407,10581,-15.184
RollerBallRayBrain,0.450,347.503,1.777,10245,-15.082
RollerBallRayBrain,0.451,350.749,2.530,10444,-14.916
RollerBallRayBrain,0.455,353.613,2.177,10844,-14.810
RollerBallRayBrain,0.437,356.740,2.463,10250,-14.710
