Brain name,Time to update policy,Time since start of training,Time for last experience collection,Number of experiences used for training,Mean return
RollerBallRayBrain,0.741,6.401,3.876,15609,-28.711
RollerBallRayBrain,0.805,10.993,3.434,17165,-29.623
RollerBallRayBrain,0.809,15.617,3.472,17296,-30.011
RollerBallRayBrain,0.805,20.258,3.471,17316,-30.795
RollerBallRayBrain,0.759,24.786,3.436,16459,-30.470
RollerBallRayBrain,0.770,29.341,3.425,16549,-30.673
RollerBallRayBrain,0.460,32.439,2.393,10716,-30.747
RollerBallRayBrain,0.459,34.651,1.582,10656,-30.956
RollerBallRayBrain,0.652,38.496,2.897,14566,-31.168
RollerBallRayBrain,0.468,41.687,2.471,10887,-31.225
RollerBallRayBrain,0.474,44.061,1.717,10656,-31.357
RollerBallRayBrain,0.655,47.821,2.818,14371,-31.222
RollerBallRayBrain,0.460,50.801,2.254,10326,-31.055
RollerBallRayBrain,0.469,53.270,1.809,10656,-31.172
RollerBallRayBrain,0.630,57.162,2.937,14313,-31.161
RollerBallRayBrain,0.454,60.027,2.174,10387,-30.939
RollerBallRayBrain,0.458,62.718,2.007,10656,-31.042
RollerBallRayBrain,0.462,65.816,2.362,10776,-31.068
RollerBallRayBrain,0.473,67.981,1.535,10656,-31.158
RollerBallRayBrain,0.509,71.212,2.450,11322,-31.245
RollerBallRayBrain,0.468,74.036,2.136,10251,-31.197
RollerBallRayBrain,0.457,76.697,1.986,10328,-31.162
RollerBallRayBrain,0.471,79.354,1.970,10734,-31.172
RollerBallRayBrain,0.463,81.821,1.815,10315,-31.138
RollerBallRayBrain,0.497,85.396,2.766,11012,-31.115
RollerBallRayBrain,0.466,88.108,2.037,10656,-31.182
RollerBallRayBrain,0.473,90.663,1.875,10872,-31.145
RollerBallRayBrain,0.465,93.544,2.183,10705,-31.154
RollerBallRayBrain,0.468,95.943,1.748,10656,-31.214
RollerBallRayBrain,0.527,99.451,2.694,11816,-31.152
RollerBallRayBrain,0.460,102.303,2.149,10776,-31.165
RollerBallRayBrain,0.481,104.840,1.865,10862,-31.185
RollerBallRayBrain,0.463,107.682,2.135,10241,-31.155
RollerBallRayBrain,0.460,109.931,1.616,10299,-31.081
RollerBallRayBrain,0.471,113.458,2.749,10872,-30.958
RollerBallRayBrain,0.470,115.530,1.453,10656,-31.012
RollerBallRayBrain,0.470,118.696,2.448,10371,-30.997
RollerBallRayBrain,0.511,121.613,2.160,11480,-31.017
RollerBallRayBrain,0.477,124.029,1.740,10648,-30.895
RollerBallRayBrain,0.456,127.433,2.666,10383,-30.842
RollerBallRayBrain,0.472,129.297,1.265,10656,-30.892
RollerBallRayBrain,0.444,132.544,2.555,10314,-30.875
RollerBallRayBrain,0.502,135.517,2.221,11533,-30.743
RollerBallRayBrain,0.459,137.831,1.686,10263,-30.689
RollerBallRayBrain,0.472,140.988,2.413,10345,-30.567
RollerBallRayBrain,0.471,143.370,1.736,10694,-30.510
RollerBallRayBrain,0.456,146.163,2.106,10414,-30.437
RollerBallRayBrain,0.477,149.019,2.149,10705,-30.315
RollerBallRayBrain,0.462,151.911,2.194,10796,-30.272
RollerBallRayBrain,0.477,154.279,1.728,11005,-30.174
RollerBallRayBrain,0.455,157.344,2.339,10630,-30.123
RollerBallRayBrain,0.459,160.372,2.316,10686,-30.110
RollerBallRayBrain,0.466,162.661,1.643,10430,-30.086
RollerBallRayBrain,0.467,165.507,2.147,10512,-29.945
RollerBallRayBrain,0.457,168.013,1.857,10600,-29.813
RollerBallRayBrain,0.460,171.004,2.287,10421,-29.621
RollerBallRayBrain,0.473,173.901,2.193,10749,-29.538
RollerBallRayBrain,0.465,176.082,1.558,10860,-29.436
RollerBallRayBrain,0.477,179.460,2.630,10885,-29.285
RollerBallRayBrain,0.446,182.175,2.050,10466,-29.224
RollerBallRayBrain,0.466,184.410,1.596,10752,-29.101
RollerBallRayBrain,0.457,187.622,2.507,10553,-28.872
RollerBallRayBrain,0.462,190.448,2.140,10848,-28.889
RollerBallRayBrain,0.462,192.798,1.719,11098,-28.818
RollerBallRayBrain,0.450,196.159,2.648,10590,-28.728
RollerBallRayBrain,0.475,198.539,1.731,10429,-28.704
RollerBallRayBrain,0.444,201.247,2.044,10454,-28.570
RollerBallRayBrain,0.443,203.495,1.657,10365,-28.305
RollerBallRayBrain,0.452,206.609,2.429,10318,-28.091
RollerBallRayBrain,0.463,209.230,1.947,10873,-27.991
RollerBallRayBrain,0.464,211.850,1.944,10478,-27.798
RollerBallRayBrain,0.451,214.575,2.071,10585,-27.654
RollerBallRayBrain,0.451,217.910,2.637,10480,-27.552
RollerBallRayBrain,0.455,219.712,1.240,10415,-27.490
RollerBallRayBrain,0.450,222.966,2.538,10471,-27.279
RollerBallRayBrain,0.443,225.048,1.479,10336,-27.201
RollerBallRayBrain,0.458,228.324,2.557,10690,-27.047
RollerBallRayBrain,0.556,230.712,1.682,10507,-26.945
RollerBallRayBrain,0.463,233.581,2.170,10447,-26.774
RollerBallRayBrain,0.461,236.332,2.070,10826,-26.639
RollerBallRayBrain,0.461,239.448,2.405,10435,-26.529
RollerBallRayBrain,0.468,241.847,1.762,10656,-26.430
RollerBallRayBrain,0.444,244.793,2.263,10393,-26.277
RollerBallRayBrain,0.443,247.173,1.745,10605,-26.183
RollerBallRayBrain,0.448,250.071,2.201,10524,-25.907
RollerBallRayBrain,0.453,252.623,1.924,10802,-25.738
RollerBallRayBrain,0.441,255.607,2.294,10287,-25.605
RollerBallRayBrain,0.446,257.762,1.551,10287,-25.473
RollerBallRayBrain,0.460,260.897,2.418,10875,-25.347
RollerBallRayBrain,0.445,262.931,1.423,10279,-25.145
RollerBallRayBrain,0.453,266.485,2.799,10255,-24.882
RollerBallRayBrain,0.452,269.065,1.926,10397,-24.660
RollerBallRayBrain,0.447,271.590,1.878,10431,-24.409
RollerBallRayBrain,0.454,274.732,2.436,10605,-24.220
RollerBallRayBrain,0.446,276.974,1.646,10299,-24.099
RollerBallRayBrain,0.450,280.196,2.514,10691,-23.946
RollerBallRayBrain,0.458,282.621,1.785,10435,-23.826
RollerBallRayBrain,0.452,285.724,2.427,10831,-23.674
RollerBallRayBrain,0.456,287.655,1.349,10747,-23.569
RollerBallRayBrain,0.453,291.440,3.025,10685,-23.432
RollerBallRayBrain,0.447,293.185,1.186,10326,-23.354
RollerBallRayBrain,0.465,296.983,3.016,10901,-23.056
RollerBallRayBrain,0.469,299.052,1.468,10782,-22.995
RollerBallRayBrain,0.453,301.922,2.202,10542,-22.832
RollerBallRayBrain,0.463,304.553,1.970,10723,-22.708
RollerBallRayBrain,0.456,307.619,2.337,10783,-22.522
RollerBallRayBrain,0.451,310.289,2.021,10763,-22.361
RollerBallRayBrain,0.491,313.456,2.422,10720,-22.185
RollerBallRayBrain,0.463,316.060,1.934,10852,-22.078
RollerBallRayBrain,0.463,318.524,1.805,10734,-21.947
RollerBallRayBrain,0.458,321.576,2.350,10722,-21.785
RollerBallRayBrain,0.458,324.979,2.656,10393,-21.614
RollerBallRayBrain,0.468,327.449,1.825,10871,-21.522
RollerBallRayBrain,0.447,330.070,1.959,10338,-21.360
RollerBallRayBrain,0.462,332.991,2.237,10802,-21.187
RollerBallRayBrain,0.451,335.765,2.099,10303,-21.033
RollerBallRayBrain,0.458,338.592,2.156,10403,-20.916
RollerBallRayBrain,0.450,341.181,1.934,10274,-20.799
RollerBallRayBrain,0.475,343.894,2.023,10844,-20.723
RollerBallRayBrain,0.454,346.881,2.304,10296,-20.521
RollerBallRayBrain,0.469,349.780,2.206,10845,-20.375
