Brain name,Time to update policy,Time since start of training,Time for last experience collection,Number of experiences used for training,Mean return
RollerBallRayBrain,0.811,6.536,4.051,16409,-30.270
RollerBallRayBrain,0.843,11.218,3.486,17435,-31.259
RollerBallRayBrain,0.972,16.089,3.530,17982,-31.940
RollerBallRayBrain,0.864,20.852,3.521,17621,-32.103
RollerBallRayBrain,0.865,25.629,3.561,17512,-31.916
RollerBallRayBrain,0.835,30.422,3.569,17548,-32.006
RollerBallRayBrain,0.825,35.125,3.527,17982,-32.190
RollerBallRayBrain,0.832,39.790,3.499,17982,-32.328
RollerBallRayBrain,0.831,44.509,3.487,17982,-32.435
RollerBallRayBrain,0.765,49.093,3.459,16700,-32.151
RollerBallRayBrain,0.781,53.704,3.462,17316,-32.251
RollerBallRayBrain,0.790,58.358,3.477,17419,-32.248
RollerBallRayBrain,0.800,63.019,3.496,17462,-32.158
RollerBallRayBrain,0.796,67.677,3.476,17982,-32.239
RollerBallRayBrain,0.705,72.244,3.494,16147,-32.158
RollerBallRayBrain,0.492,76.340,3.241,10656,-32.201
RollerBallRayBrain,0.480,77.156,0.314,10656,-32.241
RollerBallRayBrain,0.617,81.607,3.452,13986,-32.290
RollerBallRayBrain,0.489,84.573,2.244,10775,-32.196
RollerBallRayBrain,0.458,86.697,1.524,10656,-32.232
RollerBallRayBrain,0.610,90.879,3.216,13555,-32.167
RollerBallRayBrain,0.467,92.582,1.124,10656,-32.201
RollerBallRayBrain,0.472,95.724,2.418,10682,-32.175
RollerBallRayBrain,0.673,100.227,3.451,14879,-32.180
RollerBallRayBrain,0.469,102.876,1.982,10656,-32.211
RollerBallRayBrain,0.474,105.068,1.573,10656,-32.240
RollerBallRayBrain,0.676,109.526,3.407,14847,-32.239
RollerBallRayBrain,0.488,112.219,1.990,10757,-32.170
RollerBallRayBrain,0.482,114.418,1.559,10656,-32.197
RollerBallRayBrain,0.615,118.838,3.431,14082,-32.190
RollerBallRayBrain,0.470,121.277,1.786,10818,-32.179
RollerBallRayBrain,0.475,123.666,1.723,10452,-32.188
RollerBallRayBrain,0.463,127.403,2.939,10432,-32.105
RollerBallRayBrain,0.463,129.105,1.126,10757,-32.049
RollerBallRayBrain,0.520,132.845,2.915,11499,-32.045
RollerBallRayBrain,0.467,135.281,1.773,10656,-32.071
RollerBallRayBrain,0.454,137.881,1.945,10369,-32.075
RollerBallRayBrain,0.471,140.660,2.101,10372,-32.038
RollerBallRayBrain,0.467,143.385,2.054,10728,-32.026
RollerBallRayBrain,0.470,146.772,2.624,10760,-32.015
RollerBallRayBrain,0.469,149.017,1.609,10734,-32.005
RollerBallRayBrain,0.479,151.678,1.991,10668,-31.953
RollerBallRayBrain,0.484,154.841,2.415,10867,-31.952
RollerBallRayBrain,0.469,157.399,1.872,10473,-31.965
RollerBallRayBrain,0.456,160.244,2.134,10344,-31.933
RollerBallRayBrain,0.464,162.753,1.853,10644,-31.885
RollerBallRayBrain,0.464,165.656,2.190,10816,-31.883
RollerBallRayBrain,0.469,168.390,2.063,10694,-31.875
RollerBallRayBrain,0.458,171.067,2.017,10473,-31.887
RollerBallRayBrain,0.457,174.093,2.327,10448,-31.866
RollerBallRayBrain,0.481,176.783,2.005,10633,-31.854
RollerBallRayBrain,0.528,179.442,1.917,10656,-31.876
RollerBallRayBrain,0.464,182.191,2.060,10510,-31.859
RollerBallRayBrain,0.502,184.900,1.997,10806,-31.856
RollerBallRayBrain,0.495,187.719,2.097,10684,-31.847
RollerBallRayBrain,0.463,190.785,2.341,10656,-31.868
RollerBallRayBrain,0.458,193.228,1.799,10411,-31.818
RollerBallRayBrain,0.478,196.335,2.378,11151,-31.803
RollerBallRayBrain,0.458,198.841,1.860,10435,-31.785
RollerBallRayBrain,0.472,201.630,2.103,10751,-31.782
RollerBallRayBrain,0.483,204.140,1.844,10656,-31.802
RollerBallRayBrain,0.476,207.319,2.441,10656,-31.821
RollerBallRayBrain,0.512,210.559,2.469,11473,-31.795
RollerBallRayBrain,0.498,213.174,1.914,10823,-31.768
RollerBallRayBrain,0.471,215.826,1.961,10607,-31.733
RollerBallRayBrain,0.481,218.769,2.256,10870,-31.710
RollerBallRayBrain,0.479,221.792,2.289,10890,-31.688
RollerBallRayBrain,0.482,224.676,2.154,10675,-31.683
RollerBallRayBrain,0.493,227.397,2.006,10744,-31.608
RollerBallRayBrain,0.511,230.184,2.041,10699,-31.603
RollerBallRayBrain,0.486,233.059,2.160,10285,-31.538
RollerBallRayBrain,0.487,236.259,2.458,10708,-31.536
RollerBallRayBrain,0.469,238.446,1.555,10298,-31.518
RollerBallRayBrain,0.458,241.838,2.627,10656,-31.538
RollerBallRayBrain,0.468,244.400,1.887,10398,-31.525
RollerBallRayBrain,0.458,246.801,1.756,10431,-31.514
RollerBallRayBrain,0.465,249.990,2.476,10354,-31.457
RollerBallRayBrain,0.459,252.095,1.498,10348,-31.422
RollerBallRayBrain,0.452,255.286,2.491,10304,-31.387
RollerBallRayBrain,0.466,257.528,1.629,10447,-31.378
RollerBallRayBrain,0.461,260.723,2.472,10649,-31.355
RollerBallRayBrain,0.457,263.454,2.061,10480,-31.306
RollerBallRayBrain,0.485,265.957,1.818,10651,-31.325
RollerBallRayBrain,0.452,268.840,2.191,10282,-31.273
RollerBallRayBrain,0.477,271.333,1.832,10730,-31.275
RollerBallRayBrain,0.471,274.527,2.451,10242,-31.242
RollerBallRayBrain,0.483,276.856,1.680,10293,-31.173
RollerBallRayBrain,0.474,279.703,2.137,10632,-31.115
RollerBallRayBrain,0.457,282.745,2.337,10867,-31.104
RollerBallRayBrain,0.469,285.307,1.900,10814,-31.091
RollerBallRayBrain,0.461,288.199,2.184,10495,-31.069
RollerBallRayBrain,0.467,290.661,1.806,10805,-31.019
RollerBallRayBrain,0.477,293.613,2.240,10724,-31.024
RollerBallRayBrain,0.475,296.311,2.009,10281,-30.997
RollerBallRayBrain,0.518,299.290,2.226,10705,-30.965
RollerBallRayBrain,0.469,301.749,1.798,10518,-30.929
RollerBallRayBrain,0.465,304.573,2.117,10246,-30.920
RollerBallRayBrain,0.467,307.318,2.053,10443,-30.882
RollerBallRayBrain,0.456,310.292,2.270,10302,-30.858
RollerBallRayBrain,0.467,313.165,2.167,10904,-30.868
RollerBallRayBrain,0.470,315.707,1.858,10517,-30.851
RollerBallRayBrain,0.471,318.563,2.174,10840,-30.843
RollerBallRayBrain,0.465,321.142,1.914,10291,-30.788
RollerBallRayBrain,0.462,324.147,2.310,10573,-30.789
RollerBallRayBrain,0.452,326.844,2.011,10271,-30.799
RollerBallRayBrain,0.457,329.401,1.914,10352,-30.779
RollerBallRayBrain,0.461,332.133,2.055,10551,-30.749
RollerBallRayBrain,0.453,334.641,1.858,10369,-30.745
RollerBallRayBrain,0.505,337.324,1.973,11322,-30.766
RollerBallRayBrain,0.451,340.399,2.375,10344,-30.746
RollerBallRayBrain,0.460,342.692,1.678,10496,-30.715
RollerBallRayBrain,0.447,345.542,2.186,10410,-30.667
RollerBallRayBrain,0.465,348.493,2.232,10856,-30.661
RollerBallRayBrain,0.458,351.062,1.910,10845,-30.627
