Brain name,Time to update policy,Time since start of training,Time for last experience collection,Number of experiences used for training,Mean return
RollerBallRayBrain,0.626,5.095,3.028,13878,nan
RollerBallRayBrain,0.477,7.717,1.965,10300,-29.742
RollerBallRayBrain,0.469,10.366,2.020,10883,-30.681
RollerBallRayBrain,0.612,13.623,2.455,13888,-30.220
RollerBallRayBrain,0.458,16.314,2.059,10681,-30.764
RollerBallRayBrain,0.457,18.935,2.012,11182,-30.366
RollerBallRayBrain,0.433,21.959,2.367,10308,-29.529
RollerBallRayBrain,0.423,24.357,1.819,10264,-29.884
RollerBallRayBrain,0.424,26.606,1.683,10411,-29.693
RollerBallRayBrain,0.428,29.074,1.880,10577,-29.069
RollerBallRayBrain,0.418,31.604,1.924,10268,-29.195
RollerBallRayBrain,0.424,34.130,1.924,10252,-28.865
RollerBallRayBrain,0.419,36.531,1.841,10469,-28.704
RollerBallRayBrain,0.418,38.791,1.693,10331,-28.740
RollerBallRayBrain,0.421,41.391,1.996,10434,-28.376
RollerBallRayBrain,0.424,43.908,1.921,10719,-28.310
RollerBallRayBrain,0.422,46.482,1.970,10299,-28.011
RollerBallRayBrain,0.425,48.957,1.884,10485,-27.811
RollerBallRayBrain,0.500,51.660,2.021,10264,-27.520
RollerBallRayBrain,0.426,54.354,2.063,10462,-27.432
RollerBallRayBrain,0.431,56.680,1.749,10253,-27.446
RollerBallRayBrain,0.443,59.377,2.066,10364,-27.113
RollerBallRayBrain,0.427,61.808,1.828,10328,-26.913
RollerBallRayBrain,0.429,64.344,1.933,10340,-26.766
RollerBallRayBrain,0.423,66.925,1.968,10243,-26.690
RollerBallRayBrain,0.435,69.597,2.047,10493,-26.543
RollerBallRayBrain,0.419,72.207,1.988,10358,-26.271
RollerBallRayBrain,0.419,74.592,1.808,10384,-25.823
RollerBallRayBrain,0.419,77.031,1.884,10316,-25.437
RollerBallRayBrain,0.423,79.532,1.921,10433,-25.076
RollerBallRayBrain,0.414,82.008,1.869,10254,-24.656
RollerBallRayBrain,0.429,84.676,2.062,10462,-24.251
RollerBallRayBrain,0.421,86.939,1.681,10245,-23.950
RollerBallRayBrain,0.420,89.642,2.114,10478,-23.499
RollerBallRayBrain,0.424,92.071,1.853,10377,-23.184
RollerBallRayBrain,0.416,94.587,1.942,10374,-22.934
RollerBallRayBrain,0.416,97.067,1.905,10242,-22.728
RollerBallRayBrain,0.423,99.599,1.935,10418,-22.480
RollerBallRayBrain,0.415,102.000,1.828,10252,-22.158
RollerBallRayBrain,0.426,104.669,2.060,10389,-21.770
RollerBallRayBrain,0.417,106.969,1.734,10277,-21.530
RollerBallRayBrain,0.420,109.591,2.025,10483,-21.301
RollerBallRayBrain,0.417,111.966,1.798,10320,-20.889
RollerBallRayBrain,0.418,114.494,1.938,10324,-20.414
RollerBallRayBrain,0.423,116.983,1.917,10396,-20.123
RollerBallRayBrain,0.417,119.625,2.054,10284,-19.704
RollerBallRayBrain,0.423,122.142,1.931,10468,-19.385
RollerBallRayBrain,0.417,124.645,1.913,10307,-19.090
RollerBallRayBrain,0.420,127.209,1.975,10448,-18.795
RollerBallRayBrain,0.419,129.823,2.003,10326,-18.524
RollerBallRayBrain,0.429,132.397,1.990,10442,-18.239
RollerBallRayBrain,0.488,135.213,2.130,10373,-18.009
RollerBallRayBrain,0.429,138.047,2.192,10333,-17.818
RollerBallRayBrain,0.546,141.061,2.260,10307,-17.605
RollerBallRayBrain,0.527,144.297,2.461,10315,-17.383
RollerBallRayBrain,0.438,147.213,2.266,10283,-17.186
RollerBallRayBrain,0.453,149.935,2.063,10392,-16.948
RollerBallRayBrain,0.436,152.769,2.183,10280,-16.752
RollerBallRayBrain,0.426,155.290,1.933,10258,-16.594
RollerBallRayBrain,0.453,157.942,2.015,10255,-16.271
RollerBallRayBrain,0.433,160.664,2.111,10258,-16.108
RollerBallRayBrain,0.425,163.381,2.090,10290,-15.887
RollerBallRayBrain,0.446,166.044,2.020,10364,-15.758
RollerBallRayBrain,0.425,168.829,2.171,10475,-15.471
RollerBallRayBrain,0.444,171.561,2.104,10487,-15.279
RollerBallRayBrain,0.422,174.171,2.015,10380,-15.171
RollerBallRayBrain,0.479,177.158,2.281,10317,-14.995
RollerBallRayBrain,0.440,179.837,2.061,10272,-14.837
RollerBallRayBrain,0.433,182.759,2.272,10344,-14.719
RollerBallRayBrain,0.422,185.354,1.990,10309,-14.532
RollerBallRayBrain,0.418,187.934,2.010,10363,-14.372
RollerBallRayBrain,0.439,190.859,2.270,10292,-14.180
RollerBallRayBrain,0.431,193.364,1.929,10374,-14.054
RollerBallRayBrain,0.427,196.169,2.173,10248,-13.876
RollerBallRayBrain,0.453,199.053,2.225,10377,-13.656
RollerBallRayBrain,0.434,201.747,2.066,10294,-13.444
RollerBallRayBrain,0.425,204.513,2.143,10359,-13.258
RollerBallRayBrain,0.430,207.154,2.029,10247,-13.166
RollerBallRayBrain,0.423,209.973,2.181,10260,-13.043
RollerBallRayBrain,0.414,212.559,2.031,10321,-12.887
RollerBallRayBrain,0.421,215.255,2.091,10266,-12.711
RollerBallRayBrain,0.440,217.913,2.033,10473,-12.609
RollerBallRayBrain,0.426,220.536,2.040,10253,-12.475
RollerBallRayBrain,0.419,223.274,2.142,10254,-12.322
RollerBallRayBrain,0.430,225.876,1.996,10290,-12.216
RollerBallRayBrain,0.429,228.757,2.255,10535,-12.068
RollerBallRayBrain,0.420,231.433,2.072,10284,-11.952
RollerBallRayBrain,0.417,234.085,2.058,10294,-11.834
RollerBallRayBrain,0.415,236.881,2.170,10247,-11.688
RollerBallRayBrain,0.424,239.623,2.133,10315,-11.591
RollerBallRayBrain,0.428,242.183,1.954,10366,-11.526
RollerBallRayBrain,0.428,244.706,1.924,10262,-11.461
RollerBallRayBrain,0.436,247.598,2.249,10415,-11.374
RollerBallRayBrain,0.417,250.447,2.231,10291,-11.314
RollerBallRayBrain,0.420,252.937,1.907,10462,-11.260
RollerBallRayBrain,0.412,255.651,2.111,10277,-11.220
RollerBallRayBrain,0.430,258.063,1.834,10277,-11.185
RollerBallRayBrain,0.429,260.872,2.194,10319,-11.099
RollerBallRayBrain,0.429,263.485,1.987,10308,-11.099
RollerBallRayBrain,0.424,266.132,2.036,10294,-11.040
RollerBallRayBrain,0.433,269.104,2.311,10486,-10.966
RollerBallRayBrain,0.431,271.685,1.979,10299,-10.902
RollerBallRayBrain,0.419,274.423,2.113,10244,-10.797
RollerBallRayBrain,0.436,277.085,2.038,10530,-10.699
RollerBallRayBrain,0.420,279.925,2.229,10326,-10.601
RollerBallRayBrain,0.420,282.477,1.969,10322,-10.555
RollerBallRayBrain,0.422,285.197,2.100,10367,-10.515
RollerBallRayBrain,0.424,287.916,2.134,10289,-10.459
RollerBallRayBrain,0.441,290.629,2.045,10311,-10.413
RollerBallRayBrain,0.446,293.403,2.126,10263,-10.346
RollerBallRayBrain,0.427,296.396,2.332,10439,-10.285
RollerBallRayBrain,0.419,298.986,2.016,10312,-10.212
RollerBallRayBrain,0.431,301.754,2.127,10356,-10.156
RollerBallRayBrain,0.425,304.471,2.086,10352,-10.105
RollerBallRayBrain,0.467,307.341,2.180,10256,-10.030
RollerBallRayBrain,0.441,310.259,2.260,10358,-9.973
RollerBallRayBrain,0.437,313.169,2.258,10269,-9.939
RollerBallRayBrain,0.429,316.030,2.237,10322,-9.867
RollerBallRayBrain,0.428,318.556,1.928,10428,-9.802
RollerBallRayBrain,0.431,321.367,2.177,10492,-9.767
RollerBallRayBrain,0.424,324.011,2.047,10301,-9.739
RollerBallRayBrain,0.432,326.673,2.060,10340,-9.673
RollerBallRayBrain,0.427,329.524,2.221,10329,-9.611
RollerBallRayBrain,0.426,332.252,2.120,10315,-9.571
RollerBallRayBrain,0.438,335.045,2.148,10333,-9.537
RollerBallRayBrain,0.429,337.739,2.096,10265,-9.520
RollerBallRayBrain,0.434,340.452,2.098,10331,-9.480
RollerBallRayBrain,0.435,343.194,2.121,10327,-9.438
