Brain name,Time to update policy,Time since start of training,Time for last experience collection,Number of experiences used for training,Mean return
RollerBallRayBrain,0.844,6.490,3.944,17550,-32.461
RollerBallRayBrain,0.832,11.074,3.441,17982,-32.881
RollerBallRayBrain,0.815,15.664,3.438,17443,-32.675
RollerBallRayBrain,0.788,20.237,3.430,17361,-32.534
RollerBallRayBrain,0.761,24.749,3.423,17174,-32.622
RollerBallRayBrain,0.751,29.293,3.418,16650,-32.728
RollerBallRayBrain,0.803,33.867,3.454,17982,-32.811
RollerBallRayBrain,0.753,38.374,3.430,17034,-32.641
RollerBallRayBrain,0.738,42.883,3.429,16717,-32.583
RollerBallRayBrain,0.799,47.465,3.414,17982,-32.656
RollerBallRayBrain,0.795,52.005,3.425,17863,-32.691
RollerBallRayBrain,0.738,56.539,3.429,17345,-32.640
RollerBallRayBrain,0.779,61.096,3.417,17712,-32.649
RollerBallRayBrain,0.766,65.643,3.425,17553,-32.546
RollerBallRayBrain,0.791,70.233,3.417,17823,-32.574
RollerBallRayBrain,0.447,73.742,2.784,10525,-32.581
RollerBallRayBrain,0.449,75.102,0.839,10656,-32.608
RollerBallRayBrain,0.637,79.328,3.218,15030,-32.462
RollerBallRayBrain,0.450,82.846,2.774,10702,-32.425
RollerBallRayBrain,0.450,84.207,0.821,10656,-32.453
RollerBallRayBrain,0.646,88.456,3.265,15209,-32.414
RollerBallRayBrain,0.463,92.398,3.161,10867,-32.397
RollerBallRayBrain,0.453,93.700,0.785,10656,-32.423
RollerBallRayBrain,0.635,97.550,2.900,14652,-32.457
RollerBallRayBrain,0.448,101.454,3.129,10713,-32.428
RollerBallRayBrain,0.445,102.779,0.806,10656,-32.451
RollerBallRayBrain,0.595,106.589,2.906,13986,-32.480
RollerBallRayBrain,0.459,110.482,3.119,10853,-32.462
RollerBallRayBrain,0.457,111.822,0.797,10656,-32.482
RollerBallRayBrain,0.597,115.621,2.914,14078,-32.465
RollerBallRayBrain,0.444,119.013,2.665,10648,-32.338
RollerBallRayBrain,0.449,120.704,1.119,10627,-32.356
RollerBallRayBrain,0.629,124.704,3.048,14647,-32.382
RollerBallRayBrain,0.442,127.952,2.552,10682,-32.269
RollerBallRayBrain,0.451,129.929,1.388,10656,-32.291
RollerBallRayBrain,0.586,133.739,2.923,13591,-32.207
RollerBallRayBrain,0.458,136.982,2.537,10884,-32.202
RollerBallRayBrain,0.451,138.966,1.407,10755,-32.189
RollerBallRayBrain,0.450,142.146,2.464,10601,-32.006
RollerBallRayBrain,0.447,144.092,1.372,10523,-31.983
RollerBallRayBrain,0.502,147.439,2.593,11723,-31.918
RollerBallRayBrain,0.445,150.090,1.984,10427,-31.929
RollerBallRayBrain,0.456,152.672,1.918,10580,-31.875
RollerBallRayBrain,0.452,155.830,2.447,10656,-31.899
RollerBallRayBrain,0.448,157.745,1.348,10441,-31.841
RollerBallRayBrain,0.443,160.823,2.385,10387,-31.713
RollerBallRayBrain,0.444,163.627,2.128,10436,-31.626
RollerBallRayBrain,0.447,166.113,1.844,10556,-31.549
RollerBallRayBrain,0.442,168.785,2.025,10341,-31.463
RollerBallRayBrain,0.438,171.290,1.880,10287,-31.378
RollerBallRayBrain,0.443,173.863,1.929,10468,-31.182
RollerBallRayBrain,0.467,176.824,2.253,10465,-31.083
RollerBallRayBrain,0.446,178.905,1.487,10319,-31.099
RollerBallRayBrain,0.453,182.223,2.578,10672,-31.073
RollerBallRayBrain,0.451,184.596,1.736,10685,-30.962
RollerBallRayBrain,0.451,187.474,2.210,10704,-30.910
RollerBallRayBrain,0.447,190.083,1.966,10755,-30.810
RollerBallRayBrain,0.451,192.536,1.808,10539,-30.731
RollerBallRayBrain,0.455,195.492,2.241,10678,-30.582
RollerBallRayBrain,0.462,198.343,2.165,10905,-30.524
RollerBallRayBrain,0.461,200.843,1.847,10879,-30.443
RollerBallRayBrain,0.461,203.623,2.119,10894,-30.314
RollerBallRayBrain,0.477,206.753,2.399,10810,-30.260
RollerBallRayBrain,0.447,209.281,1.886,10530,-30.149
RollerBallRayBrain,0.452,211.896,1.972,10504,-30.134
RollerBallRayBrain,0.442,214.700,2.135,10273,-30.041
RollerBallRayBrain,0.442,217.338,1.970,10374,-30.000
RollerBallRayBrain,0.447,220.052,2.050,10684,-29.926
RollerBallRayBrain,0.453,222.668,1.963,10783,-29.881
RollerBallRayBrain,0.456,225.132,1.823,10768,-29.901
RollerBallRayBrain,0.449,228.315,2.484,10412,-29.802
RollerBallRayBrain,0.461,230.458,1.517,10752,-29.737
RollerBallRayBrain,0.443,233.345,2.202,10425,-29.643
RollerBallRayBrain,0.451,236.150,2.112,10849,-29.505
RollerBallRayBrain,0.445,238.859,2.071,10659,-29.426
RollerBallRayBrain,0.472,241.154,1.638,10608,-29.287
RollerBallRayBrain,0.439,244.662,2.791,10412,-29.185
RollerBallRayBrain,0.457,246.597,1.333,10640,-29.167
RollerBallRayBrain,0.444,249.698,2.400,10307,-29.047
RollerBallRayBrain,0.457,252.205,1.858,10942,-28.933
RollerBallRayBrain,0.446,255.124,2.246,10338,-28.839
RollerBallRayBrain,0.437,257.377,1.647,10287,-28.764
RollerBallRayBrain,0.452,260.664,2.572,10803,-28.689
RollerBallRayBrain,0.443,262.928,1.661,10285,-28.635
RollerBallRayBrain,0.437,265.719,2.144,10247,-28.530
RollerBallRayBrain,0.440,268.327,1.960,10385,-28.448
RollerBallRayBrain,0.460,271.042,2.040,10510,-28.373
RollerBallRayBrain,0.513,274.212,2.404,10335,-28.311
RollerBallRayBrain,0.492,276.976,2.079,10828,-28.263
RollerBallRayBrain,0.442,279.388,1.788,10367,-28.203
RollerBallRayBrain,0.445,282.456,2.398,10644,-28.107
RollerBallRayBrain,0.431,284.721,1.680,10629,-28.088
RollerBallRayBrain,0.434,287.542,2.184,10288,-27.897
RollerBallRayBrain,0.434,290.227,2.051,10815,-27.842
RollerBallRayBrain,0.445,292.414,1.587,10893,-27.762
RollerBallRayBrain,0.425,295.390,2.337,10289,-27.653
RollerBallRayBrain,0.432,297.840,1.848,10805,-27.603
RollerBallRayBrain,0.439,300.566,2.088,10319,-27.569
RollerBallRayBrain,0.438,303.643,2.381,10499,-27.526
RollerBallRayBrain,0.425,306.142,1.897,10509,-27.498
RollerBallRayBrain,0.440,308.675,1.906,10870,-27.478
RollerBallRayBrain,0.426,311.209,1.926,10364,-27.448
RollerBallRayBrain,0.425,313.459,1.665,10267,-27.364
RollerBallRayBrain,0.436,316.411,2.300,10609,-27.226
RollerBallRayBrain,0.427,318.860,1.854,10297,-27.134
RollerBallRayBrain,0.427,321.452,1.985,10249,-27.080
RollerBallRayBrain,0.430,323.952,1.874,10531,-26.998
RollerBallRayBrain,0.439,326.710,2.119,10659,-26.848
RollerBallRayBrain,0.434,329.397,2.044,10810,-26.752
RollerBallRayBrain,0.439,332.003,1.965,10850,-26.671
RollerBallRayBrain,0.427,334.997,2.340,10586,-26.575
RollerBallRayBrain,0.444,337.152,1.553,10271,-26.554
RollerBallRayBrain,0.434,339.953,2.151,10395,-26.536
RollerBallRayBrain,0.430,342.437,1.872,10327,-26.483
