Brain name,Time to update policy,Time since start of training,Time for last experience collection,Number of experiences used for training,Mean return
RollerBallRayBrain,0.886,6.700,3.999,17470,-32.313
RollerBallRayBrain,0.760,11.283,3.487,15887,-30.191
RollerBallRayBrain,0.764,15.917,3.486,16172,-29.685
RollerBallRayBrain,0.871,20.668,3.523,17509,-30.065
RollerBallRayBrain,0.847,25.457,3.567,17484,-30.283
RollerBallRayBrain,0.816,30.183,3.533,17982,-30.773
RollerBallRayBrain,0.832,34.916,3.503,18191,-31.015
RollerBallRayBrain,0.806,39.634,3.518,17982,-31.294
RollerBallRayBrain,0.806,44.373,3.545,17420,-31.391
RollerBallRayBrain,0.801,49.081,3.513,17702,-31.523
RollerBallRayBrain,0.756,53.746,3.501,16889,-31.602
RollerBallRayBrain,0.449,57.062,2.602,10274,-31.416
RollerBallRayBrain,0.461,59.251,1.563,10656,-31.506
RollerBallRayBrain,0.618,62.955,2.787,13699,-31.475
RollerBallRayBrain,0.456,65.613,1.976,10501,-31.442
RollerBallRayBrain,0.467,68.300,2.001,11194,-31.256
RollerBallRayBrain,0.564,72.066,2.892,13052,-31.164
RollerBallRayBrain,0.461,74.043,1.371,10783,-31.107
RollerBallRayBrain,0.451,77.264,2.505,10307,-31.070
RollerBallRayBrain,0.459,80.058,2.111,10282,-30.897
RollerBallRayBrain,0.462,82.396,1.695,10834,-30.928
RollerBallRayBrain,0.466,85.549,2.430,10540,-30.737
RollerBallRayBrain,0.451,87.974,1.763,10329,-30.782
RollerBallRayBrain,0.461,91.146,2.448,10656,-30.857
RollerBallRayBrain,0.455,93.697,1.908,10586,-30.805
RollerBallRayBrain,0.457,96.138,1.786,10276,-30.784
RollerBallRayBrain,0.457,99.037,2.195,10656,-30.852
RollerBallRayBrain,0.465,101.222,1.571,10644,-30.704
RollerBallRayBrain,0.459,104.885,2.885,10878,-30.687
RollerBallRayBrain,0.456,107.299,1.783,10392,-30.680
RollerBallRayBrain,0.469,109.966,1.988,11154,-30.638
RollerBallRayBrain,0.465,112.889,2.219,10746,-30.612
RollerBallRayBrain,0.461,115.245,1.709,10768,-30.543
RollerBallRayBrain,0.458,118.644,2.640,10704,-30.342
RollerBallRayBrain,0.465,121.214,1.901,10861,-30.292
RollerBallRayBrain,0.457,123.882,1.985,10691,-30.232
RollerBallRayBrain,0.467,126.728,2.147,10504,-30.204
RollerBallRayBrain,0.454,129.138,1.741,10407,-30.169
RollerBallRayBrain,0.464,132.193,2.326,10489,-30.141
RollerBallRayBrain,0.458,134.507,1.682,10422,-30.071
RollerBallRayBrain,0.468,137.763,2.512,10675,-30.020
RollerBallRayBrain,0.459,139.980,1.591,10272,-29.986
RollerBallRayBrain,0.474,143.040,2.329,10805,-29.808
RollerBallRayBrain,0.444,145.427,1.758,10276,-29.744
RollerBallRayBrain,0.455,148.159,2.071,10490,-29.629
RollerBallRayBrain,0.454,150.638,1.849,10360,-29.415
RollerBallRayBrain,0.450,153.370,2.067,10245,-29.140
RollerBallRayBrain,0.452,156.248,2.201,10340,-29.037
RollerBallRayBrain,0.457,158.844,1.921,10759,-29.014
RollerBallRayBrain,0.480,161.539,2.006,10877,-28.883
RollerBallRayBrain,0.462,164.996,2.705,10686,-28.831
RollerBallRayBrain,0.465,166.860,1.270,10362,-28.798
RollerBallRayBrain,0.470,170.200,2.563,10740,-28.620
RollerBallRayBrain,0.454,172.777,1.918,10387,-28.515
RollerBallRayBrain,0.455,175.283,1.849,10296,-28.406
RollerBallRayBrain,0.457,178.069,2.099,10638,-28.243
RollerBallRayBrain,0.452,180.987,2.211,10347,-28.099
RollerBallRayBrain,0.478,183.233,1.594,10698,-27.879
RollerBallRayBrain,0.463,186.646,2.686,10714,-27.533
RollerBallRayBrain,0.445,189.105,1.828,10258,-27.431
RollerBallRayBrain,0.467,191.798,2.027,10711,-27.305
RollerBallRayBrain,0.472,194.408,1.945,10899,-27.107
RollerBallRayBrain,0.468,197.412,2.278,10756,-26.934
RollerBallRayBrain,0.453,200.058,1.983,10554,-26.698
RollerBallRayBrain,0.466,202.852,2.110,10737,-26.364
RollerBallRayBrain,0.464,206.027,2.443,10823,-25.977
RollerBallRayBrain,0.469,208.419,1.746,10749,-25.696
RollerBallRayBrain,0.459,211.396,2.269,10366,-25.398
RollerBallRayBrain,0.457,213.878,1.851,10304,-25.046
RollerBallRayBrain,0.475,217.321,2.679,10830,-24.823
RollerBallRayBrain,0.455,219.529,1.583,10415,-24.645
RollerBallRayBrain,0.455,222.733,2.487,10368,-24.381
RollerBallRayBrain,0.451,225.414,2.026,10569,-24.134
RollerBallRayBrain,0.449,228.029,1.946,10487,-23.882
RollerBallRayBrain,0.468,230.986,2.267,10620,-23.629
RollerBallRayBrain,0.462,233.652,1.993,10269,-23.511
RollerBallRayBrain,0.482,236.763,2.365,10337,-23.333
RollerBallRayBrain,0.455,239.487,2.060,10333,-23.213
RollerBallRayBrain,0.459,241.764,1.640,10302,-23.109
RollerBallRayBrain,0.457,244.852,2.392,10865,-22.815
RollerBallRayBrain,0.453,247.272,1.779,10305,-22.626
RollerBallRayBrain,0.459,249.960,2.008,10322,-22.421
RollerBallRayBrain,0.456,253.003,2.342,10293,-22.157
RollerBallRayBrain,0.455,256.043,2.329,10394,-21.939
RollerBallRayBrain,0.454,258.581,1.885,10342,-21.780
RollerBallRayBrain,0.457,261.322,2.074,10245,-21.564
RollerBallRayBrain,0.460,263.824,1.837,10338,-21.358
RollerBallRayBrain,0.468,266.848,2.311,10467,-21.085
RollerBallRayBrain,0.513,269.803,2.175,10312,-20.923
RollerBallRayBrain,0.463,272.623,2.124,10621,-20.893
RollerBallRayBrain,0.461,275.598,2.254,10280,-20.738
RollerBallRayBrain,0.454,278.205,1.949,10515,-20.637
RollerBallRayBrain,0.459,280.863,1.992,10283,-20.509
RollerBallRayBrain,0.455,283.556,2.034,10270,-20.249
RollerBallRayBrain,0.483,286.798,2.494,11128,-20.116
RollerBallRayBrain,0.455,289.411,1.966,10284,-19.963
RollerBallRayBrain,0.451,292.395,2.301,10290,-19.790
RollerBallRayBrain,0.458,295.260,2.191,10502,-19.637
RollerBallRayBrain,0.454,297.938,2.028,10389,-19.493
RollerBallRayBrain,0.463,300.707,2.084,10431,-19.377
RollerBallRayBrain,0.443,303.580,2.198,10267,-19.254
RollerBallRayBrain,0.449,306.025,1.792,10269,-19.140
RollerBallRayBrain,0.456,309.114,2.390,10502,-19.076
RollerBallRayBrain,0.472,311.680,1.890,10603,-18.988
RollerBallRayBrain,0.453,314.431,2.073,10572,-18.822
RollerBallRayBrain,0.465,317.452,2.327,10505,-18.680
RollerBallRayBrain,0.469,320.243,2.115,10872,-18.531
RollerBallRayBrain,0.461,323.422,2.458,10703,-18.383
RollerBallRayBrain,0.448,326.185,2.101,10244,-18.269
RollerBallRayBrain,0.447,329.129,2.251,10356,-18.207
RollerBallRayBrain,0.461,331.516,1.740,10279,-18.134
RollerBallRayBrain,0.460,334.410,2.189,10486,-17.979
RollerBallRayBrain,0.462,337.432,2.318,10331,-17.789
RollerBallRayBrain,0.455,339.955,1.880,10365,-17.731
RollerBallRayBrain,0.468,342.723,2.080,10569,-17.586
RollerBallRayBrain,0.456,345.564,2.167,10378,-17.370
RollerBallRayBrain,0.462,349.519,3.148,10853,-17.249
RollerBallRayBrain,0.457,351.439,1.336,10242,-17.203
RollerBallRayBrain,0.463,354.499,2.341,10849,-17.131
