Brain name,Time to update policy,Time since start of training,Time for last experience collection,Number of experiences used for training,Mean return
RollerBallRayBrain,0.868,6.507,4.027,17872,-33.057
RollerBallRayBrain,0.810,11.081,3.413,17383,-32.605
RollerBallRayBrain,0.839,15.721,3.426,17410,-32.470
RollerBallRayBrain,0.842,20.338,3.433,17982,-32.678
RollerBallRayBrain,0.816,24.922,3.445,17515,-32.621
RollerBallRayBrain,0.819,29.557,3.437,17982,-32.735
RollerBallRayBrain,0.713,34.070,3.427,16223,-32.328
RollerBallRayBrain,0.746,38.603,3.418,16615,-31.965
RollerBallRayBrain,0.747,43.152,3.455,16940,-31.887
RollerBallRayBrain,0.721,47.702,3.481,16351,-31.591
RollerBallRayBrain,0.782,52.304,3.463,17410,-31.646
RollerBallRayBrain,0.459,55.009,2.040,10855,-31.445
RollerBallRayBrain,0.462,57.610,1.938,10288,-31.376
RollerBallRayBrain,0.615,61.502,2.970,14017,-31.402
RollerBallRayBrain,0.465,63.747,1.624,10503,-31.204
RollerBallRayBrain,0.460,66.810,2.348,10656,-31.289
RollerBallRayBrain,0.450,70.400,2.809,10326,-31.165
RollerBallRayBrain,0.461,72.058,1.086,10804,-31.187
RollerBallRayBrain,0.463,75.328,2.532,11135,-31.027
RollerBallRayBrain,0.449,77.357,1.435,10561,-31.093
RollerBallRayBrain,0.459,80.626,2.535,10775,-31.112
RollerBallRayBrain,0.462,83.846,2.484,10398,-31.153
RollerBallRayBrain,0.455,85.876,1.435,10585,-31.211
RollerBallRayBrain,0.462,89.117,2.500,10780,-31.162
RollerBallRayBrain,0.453,91.113,1.416,10448,-31.143
RollerBallRayBrain,0.459,93.958,2.170,10281,-30.996
RollerBallRayBrain,0.449,96.584,1.983,10351,-30.975
RollerBallRayBrain,0.458,99.266,2.004,10604,-30.922
RollerBallRayBrain,0.460,102.416,2.439,10846,-30.738
RollerBallRayBrain,0.453,104.749,1.707,10445,-30.733
RollerBallRayBrain,0.452,107.689,2.237,10373,-30.772
RollerBallRayBrain,0.465,110.124,1.788,10826,-30.749
RollerBallRayBrain,0.452,113.005,2.185,10627,-30.665
RollerBallRayBrain,0.455,115.864,2.186,10680,-30.635
RollerBallRayBrain,0.451,118.417,1.876,10593,-30.601
RollerBallRayBrain,0.445,121.016,1.946,10418,-30.513
RollerBallRayBrain,0.460,123.829,2.142,10357,-30.384
RollerBallRayBrain,0.451,126.261,1.789,10395,-30.304
RollerBallRayBrain,0.465,129.672,2.660,10696,-30.286
RollerBallRayBrain,0.453,131.712,1.432,10641,-30.266
RollerBallRayBrain,0.450,134.736,2.343,10489,-30.236
RollerBallRayBrain,0.447,137.196,1.807,10461,-30.166
RollerBallRayBrain,0.451,139.815,1.976,10476,-30.105
RollerBallRayBrain,0.456,143.137,2.572,10724,-30.094
RollerBallRayBrain,0.450,145.133,1.409,10334,-30.060
RollerBallRayBrain,0.455,148.455,2.599,10421,-29.999
RollerBallRayBrain,0.458,150.543,1.477,10671,-29.955
RollerBallRayBrain,0.446,153.404,2.190,10513,-29.777
RollerBallRayBrain,0.442,156.348,2.263,10273,-29.532
RollerBallRayBrain,0.459,158.566,1.608,10831,-29.477
RollerBallRayBrain,0.444,161.699,2.428,10414,-29.316
RollerBallRayBrain,0.461,164.171,1.826,10648,-29.345
RollerBallRayBrain,0.468,167.126,2.260,10796,-29.294
RollerBallRayBrain,0.450,169.627,1.881,10749,-29.301
RollerBallRayBrain,0.454,172.339,2.051,10450,-29.154
RollerBallRayBrain,0.459,175.043,2.019,10920,-29.089
RollerBallRayBrain,0.449,178.039,2.282,10379,-29.081
RollerBallRayBrain,0.446,180.542,1.875,10326,-29.045
RollerBallRayBrain,0.450,182.891,1.729,10309,-28.833
RollerBallRayBrain,0.459,186.055,2.422,10382,-28.706
RollerBallRayBrain,0.463,188.698,1.979,10582,-28.664
RollerBallRayBrain,0.456,191.290,1.940,10750,-28.489
RollerBallRayBrain,0.451,194.275,2.284,10499,-28.380
RollerBallRayBrain,0.463,196.402,1.487,10728,-28.351
RollerBallRayBrain,0.457,199.925,2.770,10664,-28.253
RollerBallRayBrain,0.484,202.496,1.901,10791,-28.163
RollerBallRayBrain,0.459,204.960,1.827,10742,-27.928
RollerBallRayBrain,0.461,207.922,2.275,10530,-27.756
RollerBallRayBrain,0.442,210.579,1.998,10290,-27.601
RollerBallRayBrain,0.456,213.330,2.088,10279,-27.394
RollerBallRayBrain,0.462,215.640,1.682,10690,-27.264
RollerBallRayBrain,0.454,218.652,2.315,10515,-27.135
RollerBallRayBrain,0.463,221.466,2.147,10740,-26.999
RollerBallRayBrain,0.458,224.325,2.163,10609,-26.898
RollerBallRayBrain,0.447,227.173,2.177,10295,-26.737
RollerBallRayBrain,0.467,229.678,1.832,10997,-26.621
RollerBallRayBrain,0.469,232.609,2.235,11176,-26.482
RollerBallRayBrain,0.464,235.123,1.847,10789,-26.335
RollerBallRayBrain,0.474,238.283,2.450,11141,-26.110
RollerBallRayBrain,0.453,240.918,1.979,10534,-25.936
RollerBallRayBrain,0.451,243.605,2.021,10426,-25.873
RollerBallRayBrain,0.450,246.162,1.915,10613,-25.681
RollerBallRayBrain,0.454,249.438,2.536,10535,-25.537
RollerBallRayBrain,0.456,252.061,1.939,10639,-25.388
RollerBallRayBrain,0.460,255.093,2.338,10786,-25.261
RollerBallRayBrain,0.470,257.635,1.880,10838,-25.193
RollerBallRayBrain,0.448,260.493,2.180,10264,-25.058
RollerBallRayBrain,0.453,263.283,2.103,10560,-24.909
RollerBallRayBrain,0.463,266.002,2.046,10635,-24.869
RollerBallRayBrain,0.469,269.078,2.354,10530,-24.776
RollerBallRayBrain,0.450,271.182,1.510,10383,-24.671
RollerBallRayBrain,0.463,274.522,2.584,10390,-24.507
RollerBallRayBrain,0.456,276.942,1.806,10554,-24.449
RollerBallRayBrain,0.469,280.020,2.383,10832,-24.351
RollerBallRayBrain,0.459,282.538,1.866,10376,-24.315
RollerBallRayBrain,0.447,285.272,2.067,10538,-24.248
RollerBallRayBrain,0.450,287.816,1.892,10541,-24.139
RollerBallRayBrain,0.456,290.661,2.161,10444,-23.996
RollerBallRayBrain,0.476,293.584,2.215,10799,-23.877
RollerBallRayBrain,0.469,296.508,2.221,10663,-23.663
RollerBallRayBrain,0.467,299.084,1.913,10435,-23.553
RollerBallRayBrain,0.461,301.995,2.221,10263,-23.393
RollerBallRayBrain,0.459,304.834,2.152,10591,-23.275
RollerBallRayBrain,0.462,307.406,1.912,10443,-23.166
RollerBallRayBrain,0.444,310.206,2.140,10329,-22.982
RollerBallRayBrain,0.469,313.087,2.156,10900,-22.871
RollerBallRayBrain,0.463,315.766,2.000,10621,-22.757
RollerBallRayBrain,0.467,318.597,2.151,10413,-22.623
RollerBallRayBrain,0.463,321.493,2.200,10805,-22.546
RollerBallRayBrain,0.455,324.523,2.335,10337,-22.454
RollerBallRayBrain,0.454,327.222,2.028,10269,-22.370
RollerBallRayBrain,0.456,329.857,1.971,10407,-22.258
RollerBallRayBrain,0.459,332.796,2.260,10701,-22.128
RollerBallRayBrain,0.447,335.502,2.045,10439,-22.047
RollerBallRayBrain,0.455,337.939,1.816,10311,-21.965
RollerBallRayBrain,0.448,340.655,2.071,10244,-21.852
RollerBallRayBrain,0.459,343.599,2.262,10608,-21.717
RollerBallRayBrain,0.467,346.192,1.937,10700,-21.618
RollerBallRayBrain,0.464,349.545,2.600,10749,-21.529
