Brain name,Time to update policy,Time since start of training,Time for last experience collection,Number of experiences used for training,Mean return
RollerBallRayBrain,0.496,4.663,2.673,10660,1.000
RollerBallRayBrain,0.505,7.699,2.301,10880,-32.121
RollerBallRayBrain,0.471,10.531,2.176,10692,-32.121
RollerBallRayBrain,0.465,13.234,2.066,10854,-32.700
RollerBallRayBrain,0.462,15.850,1.999,10692,-32.700
RollerBallRayBrain,0.457,18.590,2.115,10793,-32.511
RollerBallRayBrain,0.450,21.379,2.142,10854,-32.705
RollerBallRayBrain,0.445,23.993,1.999,10683,-32.605
RollerBallRayBrain,0.440,26.709,2.110,10835,-32.504
RollerBallRayBrain,0.440,29.317,1.980,10671,-32.515
RollerBallRayBrain,0.446,32.032,2.079,10876,-32.451
RollerBallRayBrain,0.466,34.773,2.080,10848,-32.566
RollerBallRayBrain,0.440,37.416,2.023,10704,-32.574
RollerBallRayBrain,0.438,40.131,2.102,10766,-32.348
RollerBallRayBrain,0.434,42.754,2.020,10644,-32.360
RollerBallRayBrain,0.435,45.429,2.072,10249,-32.338
RollerBallRayBrain,0.440,48.205,2.147,10596,-32.395
RollerBallRayBrain,0.433,50.861,2.051,10715,-32.292
RollerBallRayBrain,0.429,53.618,2.126,10267,-32.197
RollerBallRayBrain,0.427,56.125,1.904,10276,-31.994
RollerBallRayBrain,0.434,58.752,2.023,10300,-31.982
RollerBallRayBrain,0.438,61.495,2.117,10560,-32.064
RollerBallRayBrain,0.446,64.255,2.141,10272,-32.087
RollerBallRayBrain,0.439,66.839,1.986,10407,-32.162
RollerBallRayBrain,0.538,69.613,2.084,10668,-32.183
RollerBallRayBrain,0.458,72.723,2.431,10257,-32.239
RollerBallRayBrain,0.461,75.788,2.381,10344,-32.259
RollerBallRayBrain,0.460,78.663,2.215,10283,-32.171
RollerBallRayBrain,0.450,81.460,2.160,10581,-32.219
RollerBallRayBrain,0.531,84.478,2.278,10257,-32.242
RollerBallRayBrain,0.448,87.260,2.137,10434,-32.291
RollerBallRayBrain,0.450,90.086,2.177,10591,-32.246
RollerBallRayBrain,0.436,92.754,2.054,10245,-32.284
RollerBallRayBrain,0.435,95.351,1.997,10410,-32.299
RollerBallRayBrain,0.424,97.997,2.044,10293,-32.200
RollerBallRayBrain,0.435,100.666,2.052,10494,-32.187
RollerBallRayBrain,0.441,103.341,2.049,10273,-32.100
RollerBallRayBrain,0.429,105.984,2.049,10343,-32.094
RollerBallRayBrain,0.425,108.570,1.985,10244,-32.102
RollerBallRayBrain,0.430,111.190,2.009,10404,-32.136
RollerBallRayBrain,0.430,113.794,2.010,10267,-32.132
RollerBallRayBrain,0.431,116.401,2.005,10383,-32.147
RollerBallRayBrain,0.426,119.017,2.012,10264,-32.109
RollerBallRayBrain,0.426,121.618,2.012,10332,-32.052
RollerBallRayBrain,0.449,124.250,2.012,10257,-32.088
RollerBallRayBrain,0.434,126.985,2.106,10270,-32.095
RollerBallRayBrain,0.426,129.641,2.049,10273,-32.019
RollerBallRayBrain,0.445,132.303,2.036,10272,-31.934
RollerBallRayBrain,0.435,135.069,2.153,10305,-31.924
RollerBallRayBrain,0.505,138.103,2.313,10253,-31.886
RollerBallRayBrain,0.430,141.002,2.258,10367,-31.827
RollerBallRayBrain,0.427,143.694,2.088,10247,-31.793
RollerBallRayBrain,0.438,146.380,2.086,10253,-31.799
RollerBallRayBrain,0.467,149.274,2.228,10264,-31.794
RollerBallRayBrain,0.453,152.087,2.181,10303,-31.720
RollerBallRayBrain,0.436,155.009,2.281,10275,-31.714
RollerBallRayBrain,0.440,157.733,2.093,10304,-31.716
RollerBallRayBrain,0.445,160.308,1.967,10287,-31.702
RollerBallRayBrain,0.441,162.991,2.075,10253,-31.642
RollerBallRayBrain,0.444,165.570,1.982,10252,-31.625
RollerBallRayBrain,0.442,168.301,2.127,10272,-31.574
RollerBallRayBrain,0.436,170.898,1.996,10248,-31.577
RollerBallRayBrain,0.426,173.517,2.032,10241,-31.582
RollerBallRayBrain,0.432,176.132,2.010,10297,-31.576
RollerBallRayBrain,0.427,178.780,2.049,10241,-31.517
RollerBallRayBrain,0.442,181.429,2.034,10245,-31.549
RollerBallRayBrain,0.433,184.090,2.054,10268,-31.543
RollerBallRayBrain,0.425,186.775,2.080,10250,-31.564
RollerBallRayBrain,0.433,189.388,2.019,10269,-31.583
RollerBallRayBrain,0.425,192.025,2.036,10323,-31.585
RollerBallRayBrain,0.430,194.648,2.018,10264,-31.548
RollerBallRayBrain,0.426,197.244,2.013,10269,-31.566
RollerBallRayBrain,0.430,199.874,2.026,10290,-31.561
RollerBallRayBrain,0.441,202.510,2.032,10251,-31.541
RollerBallRayBrain,0.425,205.170,2.073,10245,-31.493
RollerBallRayBrain,0.442,207.818,2.008,10282,-31.468
RollerBallRayBrain,0.447,210.587,2.136,10266,-31.476
RollerBallRayBrain,0.432,213.267,2.062,10266,-31.477
RollerBallRayBrain,0.449,216.101,2.184,10268,-31.479
RollerBallRayBrain,0.431,218.812,2.099,10302,-31.461
RollerBallRayBrain,0.498,221.471,1.993,10302,-31.383
RollerBallRayBrain,0.427,224.250,2.162,10299,-31.356
RollerBallRayBrain,0.421,226.784,1.942,10259,-31.356
RollerBallRayBrain,0.431,229.363,2.013,10267,-31.360
RollerBallRayBrain,0.816,232.501,2.138,10270,-31.343
RollerBallRayBrain,0.422,235.304,2.175,10245,-31.346
RollerBallRayBrain,0.427,237.883,1.999,10242,-31.283
RollerBallRayBrain,0.429,240.423,1.946,10279,-31.260
RollerBallRayBrain,0.440,243.084,2.054,10247,-31.257
RollerBallRayBrain,0.424,245.682,2.012,10262,-31.210
RollerBallRayBrain,0.419,248.235,1.994,10245,-31.163
RollerBallRayBrain,0.432,250.808,1.971,10242,-31.182
RollerBallRayBrain,0.451,253.381,1.967,10293,-31.177
RollerBallRayBrain,0.437,256.048,2.067,10254,-31.198
RollerBallRayBrain,0.447,258.634,1.948,10246,-31.086
RollerBallRayBrain,0.420,261.252,2.038,10299,-31.109
RollerBallRayBrain,0.429,263.874,2.025,10302,-31.126
RollerBallRayBrain,0.419,266.439,1.981,10276,-31.102
RollerBallRayBrain,0.427,269.007,1.985,10270,-31.102
RollerBallRayBrain,0.424,271.572,1.973,10242,-31.106
RollerBallRayBrain,0.422,274.135,1.983,10242,-31.124
RollerBallRayBrain,0.449,276.778,2.040,10253,-31.084
RollerBallRayBrain,0.424,279.363,1.991,10248,-31.103
RollerBallRayBrain,0.426,281.944,2.005,10281,-31.121
RollerBallRayBrain,0.421,284.487,1.990,10257,-31.071
RollerBallRayBrain,0.431,287.081,2.002,10246,-31.008
RollerBallRayBrain,0.421,289.648,1.978,10266,-31.000
RollerBallRayBrain,0.419,292.211,1.972,10255,-30.988
RollerBallRayBrain,0.422,294.776,1.988,10252,-30.919
RollerBallRayBrain,0.428,297.359,1.986,10256,-30.904
RollerBallRayBrain,0.424,299.938,1.985,10266,-30.910
RollerBallRayBrain,0.445,302.554,1.977,10261,-30.876
RollerBallRayBrain,0.429,305.222,2.075,10255,-30.861
RollerBallRayBrain,0.424,307.841,2.025,10256,-30.826
RollerBallRayBrain,0.427,310.436,1.999,10286,-30.800
RollerBallRayBrain,0.443,313.089,2.024,10252,-30.806
RollerBallRayBrain,0.542,316.096,2.282,10259,-30.813
RollerBallRayBrain,0.456,318.778,2.035,10271,-30.779
RollerBallRayBrain,0.427,321.407,2.037,10256,-30.721
RollerBallRayBrain,0.437,324.045,2.041,10264,-30.701
RollerBallRayBrain,0.433,326.648,1.996,10254,-30.656
RollerBallRayBrain,0.440,329.320,2.056,10249,-30.593
RollerBallRayBrain,0.427,331.907,1.984,10309,-30.570
RollerBallRayBrain,0.433,334.498,2.000,10266,-30.540
RollerBallRayBrain,0.424,337.129,2.044,10258,-30.525
RollerBallRayBrain,0.443,339.789,2.038,10288,-30.515
RollerBallRayBrain,0.432,342.402,2.026,10249,-30.462
RollerBallRayBrain,0.424,345.077,2.079,10268,-30.429
RollerBallRayBrain,0.432,347.671,2.000,10256,-30.437
RollerBallRayBrain,0.429,350.252,2.001,10269,-30.444
