Brain name,Time to update policy,Time since start of training,Time for last experience collection,Number of experiences used for training,Mean return
RollerBallRayBrain,0.578,5.065,2.960,12507,1.000
RollerBallRayBrain,0.815,9.466,3.299,17066,-30.745
RollerBallRayBrain,0.820,13.849,3.242,17707,-31.546
RollerBallRayBrain,0.865,18.373,3.327,17454,-31.207
RollerBallRayBrain,0.948,23.244,3.547,17841,-31.275
RollerBallRayBrain,0.458,27.458,3.399,10672,-30.887
RollerBallRayBrain,0.512,29.169,1.097,12113,-31.084
RollerBallRayBrain,0.505,32.438,2.518,11966,-30.586
RollerBallRayBrain,0.430,35.266,2.197,10272,-30.706
RollerBallRayBrain,0.435,37.893,1.993,10488,-30.547
RollerBallRayBrain,0.460,40.905,2.325,10322,-30.317
RollerBallRayBrain,0.439,43.057,1.545,10416,-30.334
RollerBallRayBrain,0.438,46.135,2.394,10526,-30.357
RollerBallRayBrain,0.447,48.621,1.864,10697,-30.419
RollerBallRayBrain,0.534,51.480,2.101,10318,-30.288
RollerBallRayBrain,0.467,54.151,1.995,10661,-30.299
RollerBallRayBrain,0.451,56.882,2.084,10676,-30.311
RollerBallRayBrain,0.445,59.927,2.340,10537,-30.279
RollerBallRayBrain,0.451,62.384,1.817,10709,-30.248
RollerBallRayBrain,0.450,64.938,1.891,10539,-30.304
RollerBallRayBrain,0.451,67.562,1.969,10523,-30.280
RollerBallRayBrain,0.451,70.446,2.187,10384,-30.249
RollerBallRayBrain,0.443,72.850,1.788,10336,-30.106
RollerBallRayBrain,0.457,75.668,2.136,10533,-29.920
RollerBallRayBrain,0.449,78.484,2.159,10664,-29.965
RollerBallRayBrain,0.458,80.965,1.823,10302,-29.671
RollerBallRayBrain,0.459,83.942,2.292,10852,-29.536
RollerBallRayBrain,0.443,86.574,1.964,10304,-29.546
RollerBallRayBrain,0.460,89.067,1.834,10345,-29.563
RollerBallRayBrain,0.437,92.263,2.484,10447,-29.447
RollerBallRayBrain,0.480,94.276,1.400,10631,-29.367
RollerBallRayBrain,0.934,98.416,2.908,10555,-29.282
RollerBallRayBrain,0.621,101.410,2.134,10246,-29.195
RollerBallRayBrain,0.474,104.659,2.489,10308,-29.071
RollerBallRayBrain,0.465,107.168,1.836,10662,-28.999
RollerBallRayBrain,0.464,110.331,2.447,10556,-29.019
RollerBallRayBrain,0.457,112.926,1.954,10437,-28.933
RollerBallRayBrain,0.466,115.469,1.892,10261,-28.876
RollerBallRayBrain,0.466,118.486,2.327,10375,-28.827
RollerBallRayBrain,0.512,121.221,1.998,10724,-28.581
RollerBallRayBrain,0.460,123.729,1.862,10502,-28.470
RollerBallRayBrain,0.462,126.538,2.106,10331,-28.373
RollerBallRayBrain,0.455,129.376,2.158,10516,-28.246
RollerBallRayBrain,0.460,131.787,1.755,10354,-28.062
RollerBallRayBrain,0.501,135.042,2.476,10785,-27.890
RollerBallRayBrain,0.469,137.630,1.917,10400,-27.732
RollerBallRayBrain,0.465,140.381,2.073,10295,-27.574
RollerBallRayBrain,0.471,143.047,1.980,10445,-27.342
RollerBallRayBrain,0.484,145.933,2.173,10361,-27.187
RollerBallRayBrain,0.473,148.626,2.012,10673,-27.152
RollerBallRayBrain,0.470,151.379,2.057,10389,-26.844
RollerBallRayBrain,0.479,154.274,2.204,10586,-26.703
RollerBallRayBrain,0.465,156.876,1.920,10311,-26.492
RollerBallRayBrain,0.461,159.663,2.114,10323,-26.357
RollerBallRayBrain,0.492,162.745,2.341,10680,-26.227
RollerBallRayBrain,0.561,166.105,2.519,10288,-26.066
RollerBallRayBrain,0.464,168.705,1.931,10316,-25.835
RollerBallRayBrain,0.456,171.662,2.259,10471,-25.587
RollerBallRayBrain,0.457,174.518,2.181,10484,-25.378
RollerBallRayBrain,0.461,177.370,2.170,10310,-25.190
RollerBallRayBrain,0.465,180.096,2.052,10331,-25.094
RollerBallRayBrain,0.484,183.113,2.293,10395,-24.688
RollerBallRayBrain,0.471,185.936,2.121,10296,-24.569
RollerBallRayBrain,0.498,188.620,1.952,10514,-24.421
RollerBallRayBrain,0.472,191.372,2.069,10388,-24.014
RollerBallRayBrain,0.479,194.550,2.414,10425,-23.798
RollerBallRayBrain,0.483,197.507,2.237,10275,-23.685
RollerBallRayBrain,0.480,200.299,2.073,10451,-23.502
RollerBallRayBrain,0.470,203.078,2.060,10241,-23.258
RollerBallRayBrain,0.498,205.912,2.103,10286,-22.953
RollerBallRayBrain,0.465,209.192,2.534,10556,-22.814
RollerBallRayBrain,0.467,211.717,1.853,10627,-22.615
RollerBallRayBrain,0.483,214.822,2.370,11183,-22.366
RollerBallRayBrain,0.546,217.735,2.126,10461,-22.197
RollerBallRayBrain,0.475,220.674,2.238,10291,-21.832
RollerBallRayBrain,0.503,223.914,2.470,10318,-21.640
RollerBallRayBrain,0.506,226.479,1.864,10495,-21.490
RollerBallRayBrain,0.470,229.481,2.292,10465,-21.231
RollerBallRayBrain,0.466,232.476,2.292,10576,-21.016
RollerBallRayBrain,0.466,235.045,1.896,10419,-20.824
RollerBallRayBrain,0.482,238.046,2.271,10306,-20.436
RollerBallRayBrain,0.471,240.960,2.207,10303,-20.179
RollerBallRayBrain,0.474,243.933,2.254,10514,-20.083
RollerBallRayBrain,0.498,246.601,1.961,10578,-19.899
RollerBallRayBrain,0.480,249.899,2.550,10634,-19.618
RollerBallRayBrain,0.473,252.679,2.101,10329,-19.451
RollerBallRayBrain,0.481,255.590,2.172,10524,-19.330
RollerBallRayBrain,0.466,258.389,2.115,10596,-19.103
RollerBallRayBrain,0.472,261.602,2.467,10307,-18.886
RollerBallRayBrain,0.463,264.131,1.877,10315,-18.771
RollerBallRayBrain,0.486,267.319,2.418,10318,-18.613
RollerBallRayBrain,0.518,269.812,1.800,10372,-18.504
RollerBallRayBrain,0.466,273.339,2.767,10470,-18.252
RollerBallRayBrain,0.491,275.815,1.782,10338,-18.256
RollerBallRayBrain,0.487,278.817,2.273,10479,-18.230
RollerBallRayBrain,0.478,281.433,1.941,10588,-18.162
RollerBallRayBrain,0.480,284.416,2.264,10411,-17.962
RollerBallRayBrain,0.474,287.288,2.170,10556,-17.815
RollerBallRayBrain,0.475,290.473,2.463,10409,-17.664
RollerBallRayBrain,0.467,293.243,2.084,10273,-17.563
RollerBallRayBrain,0.493,296.109,2.154,10387,-17.458
RollerBallRayBrain,0.472,299.054,2.239,10650,-17.277
RollerBallRayBrain,0.458,301.923,2.186,10351,-17.180
RollerBallRayBrain,0.456,304.669,2.088,10296,-17.044
RollerBallRayBrain,0.450,307.865,2.465,10280,-16.948
RollerBallRayBrain,0.457,310.030,1.565,10394,-16.936
RollerBallRayBrain,0.447,312.997,2.293,10436,-16.787
RollerBallRayBrain,0.459,315.665,2.011,10555,-16.670
RollerBallRayBrain,0.448,318.689,2.338,10351,-16.578
RollerBallRayBrain,0.455,321.304,1.956,10253,-16.476
RollerBallRayBrain,0.448,324.117,2.176,10396,-16.345
RollerBallRayBrain,0.460,327.232,2.419,10551,-16.198
RollerBallRayBrain,0.463,329.844,1.969,10305,-16.056
RollerBallRayBrain,0.451,332.999,2.462,10386,-15.889
RollerBallRayBrain,0.455,335.508,1.868,10596,-15.782
RollerBallRayBrain,0.452,338.737,2.541,10370,-15.658
RollerBallRayBrain,0.453,341.228,1.846,10325,-15.606
RollerBallRayBrain,0.461,344.196,2.272,10651,-15.517
RollerBallRayBrain,0.450,346.705,1.866,10314,-15.472
RollerBallRayBrain,0.458,349.657,2.297,10575,-15.350
RollerBallRayBrain,0.449,352.631,2.277,10285,-15.217
RollerBallRayBrain,0.453,355.199,1.930,10343,-15.141
RollerBallRayBrain,0.450,358.250,2.355,10545,-15.064
RollerBallRayBrain,0.461,360.762,1.865,10551,-15.003
RollerBallRayBrain,0.444,363.801,2.357,10442,-14.901
