Brain name,Time to update policy,Time since start of training,Time for last experience collection,Number of experiences used for training,Mean return
RollerBallRayBrain,0.831,6.506,4.020,17337,-32.028
RollerBallRayBrain,0.823,11.061,3.437,17045,-31.757
RollerBallRayBrain,0.863,15.811,3.491,17784,-31.719
RollerBallRayBrain,0.786,20.449,3.491,16242,-31.573
RollerBallRayBrain,0.776,25.086,3.513,17106,-31.339
RollerBallRayBrain,0.782,29.732,3.487,17400,-31.479
RollerBallRayBrain,0.831,34.513,3.562,18188,-31.444
RollerBallRayBrain,0.804,39.253,3.555,17454,-31.547
RollerBallRayBrain,0.802,43.954,3.530,17423,-31.622
RollerBallRayBrain,0.780,48.660,3.543,17316,-31.782
RollerBallRayBrain,0.816,53.366,3.508,17982,-31.919
RollerBallRayBrain,0.787,58.061,3.491,17464,-31.951
RollerBallRayBrain,0.820,62.755,3.524,17982,-32.054
RollerBallRayBrain,0.749,67.405,3.530,16748,-32.062
RollerBallRayBrain,0.472,70.646,2.485,10656,-32.112
RollerBallRayBrain,0.463,72.584,1.320,10656,-32.158
RollerBallRayBrain,0.665,76.758,3.160,14859,-32.164
RollerBallRayBrain,0.472,80.046,2.545,10869,-32.080
RollerBallRayBrain,0.461,82.136,1.481,10656,-32.122
RollerBallRayBrain,0.612,86.115,3.035,14028,-32.109
RollerBallRayBrain,0.458,89.122,2.335,10842,-32.100
RollerBallRayBrain,0.470,91.079,1.354,10656,-32.136
RollerBallRayBrain,0.648,95.426,3.333,14753,-32.071
RollerBallRayBrain,0.465,98.655,2.501,10799,-32.001
RollerBallRayBrain,0.497,100.641,1.350,10706,-31.985
RollerBallRayBrain,0.607,104.733,3.136,13358,-31.977
RollerBallRayBrain,0.451,107.301,1.920,10656,-32.011
RollerBallRayBrain,0.466,109.831,1.891,10656,-32.043
RollerBallRayBrain,0.664,114.017,3.180,14652,-32.085
RollerBallRayBrain,0.470,116.628,1.937,10656,-32.114
RollerBallRayBrain,0.472,119.198,1.887,10733,-32.099
RollerBallRayBrain,0.683,123.451,3.218,14652,-32.136
RollerBallRayBrain,0.480,126.040,1.891,10513,-32.060
RollerBallRayBrain,0.474,128.618,1.903,10656,-32.086
RollerBallRayBrain,0.469,131.792,2.414,10435,-32.052
RollerBallRayBrain,0.484,134.036,1.604,10656,-32.078
RollerBallRayBrain,0.465,137.609,2.804,10500,-32.008
RollerBallRayBrain,0.467,139.752,1.517,10656,-32.034
RollerBallRayBrain,0.470,142.827,2.349,10689,-32.020
RollerBallRayBrain,0.470,145.563,2.037,10762,-31.971
RollerBallRayBrain,0.462,148.270,2.020,10656,-31.996
RollerBallRayBrain,0.517,151.783,2.696,11605,-31.962
RollerBallRayBrain,0.469,154.359,1.896,10246,-31.926
RollerBallRayBrain,0.463,156.895,1.851,10257,-31.927
RollerBallRayBrain,0.468,159.407,1.849,10371,-31.934
RollerBallRayBrain,0.477,162.306,2.169,10712,-31.925
RollerBallRayBrain,0.527,165.916,2.761,11988,-31.951
RollerBallRayBrain,0.465,168.133,1.580,10656,-31.973
RollerBallRayBrain,0.467,170.910,2.097,10398,-31.980
RollerBallRayBrain,0.462,173.663,2.068,10798,-31.975
RollerBallRayBrain,0.455,176.225,1.902,10270,-31.912
RollerBallRayBrain,0.501,179.741,2.733,11349,-31.872
RollerBallRayBrain,0.463,181.939,1.564,10704,-31.865
RollerBallRayBrain,0.450,184.712,2.095,10303,-31.808
RollerBallRayBrain,0.460,187.061,1.726,10717,-31.743
RollerBallRayBrain,0.454,189.985,2.251,10320,-31.720
RollerBallRayBrain,0.458,192.552,1.911,10254,-31.723
RollerBallRayBrain,0.475,195.216,1.998,10823,-31.724
RollerBallRayBrain,0.458,198.239,2.305,10637,-31.688
RollerBallRayBrain,0.477,200.866,1.938,10656,-31.710
RollerBallRayBrain,0.459,203.530,1.981,10656,-31.731
RollerBallRayBrain,0.468,206.026,1.828,10559,-31.692
RollerBallRayBrain,0.465,208.948,2.239,10481,-31.624
RollerBallRayBrain,0.466,212.063,2.421,10765,-31.571
RollerBallRayBrain,0.468,214.706,1.953,10651,-31.515
RollerBallRayBrain,0.473,217.551,2.130,10860,-31.495
RollerBallRayBrain,0.491,220.324,2.061,10439,-31.483
RollerBallRayBrain,0.466,223.133,2.111,10462,-31.496
RollerBallRayBrain,0.461,225.846,2.029,10445,-31.412
RollerBallRayBrain,0.469,228.620,2.064,10741,-31.342
RollerBallRayBrain,0.502,231.261,1.922,10449,-31.332
RollerBallRayBrain,0.471,234.359,2.380,10587,-31.259
RollerBallRayBrain,0.480,236.946,1.890,10388,-31.248
RollerBallRayBrain,0.477,239.760,2.100,10901,-31.234
RollerBallRayBrain,0.458,242.470,2.032,10579,-31.209
RollerBallRayBrain,0.454,245.257,2.109,10523,-31.182
RollerBallRayBrain,0.449,247.820,1.901,10299,-31.192
RollerBallRayBrain,0.471,250.625,2.106,10303,-31.181
RollerBallRayBrain,0.464,253.233,1.959,10549,-31.114
RollerBallRayBrain,0.476,256.216,2.267,10675,-31.116
RollerBallRayBrain,0.477,258.424,1.568,10698,-31.077
RollerBallRayBrain,0.497,261.991,2.765,10705,-31.020
RollerBallRayBrain,0.477,264.229,1.588,10855,-30.969
RollerBallRayBrain,0.455,266.977,2.054,10419,-30.905
RollerBallRayBrain,0.483,269.664,2.014,10295,-30.778
RollerBallRayBrain,0.469,272.571,2.195,10557,-30.760
RollerBallRayBrain,0.464,275.395,2.153,10848,-30.770
RollerBallRayBrain,0.454,278.095,2.028,10261,-30.763
RollerBallRayBrain,0.471,280.974,2.174,10441,-30.741
RollerBallRayBrain,0.459,283.402,1.779,10844,-30.695
RollerBallRayBrain,0.470,286.087,1.987,10445,-30.566
RollerBallRayBrain,0.462,288.900,2.132,10723,-30.502
RollerBallRayBrain,0.457,291.908,2.305,10610,-30.384
RollerBallRayBrain,0.480,294.598,1.997,10761,-30.343
RollerBallRayBrain,0.477,297.208,1.930,10411,-30.292
RollerBallRayBrain,0.458,299.973,2.095,10878,-30.255
RollerBallRayBrain,0.471,302.894,2.205,10728,-30.148
RollerBallRayBrain,0.492,305.346,1.770,10823,-30.112
RollerBallRayBrain,0.456,308.302,2.247,10333,-30.048
RollerBallRayBrain,0.471,310.883,1.903,10578,-29.990
RollerBallRayBrain,0.455,314.312,2.679,10360,-29.977
RollerBallRayBrain,0.456,316.551,1.616,10351,-29.885
RollerBallRayBrain,0.460,319.294,2.055,10522,-29.846
RollerBallRayBrain,0.460,321.753,1.803,10447,-29.791
RollerBallRayBrain,0.469,324.636,2.167,10882,-29.686
RollerBallRayBrain,0.498,327.295,1.963,10755,-29.595
RollerBallRayBrain,0.457,330.549,2.503,10517,-29.531
RollerBallRayBrain,0.459,333.355,2.124,10754,-29.532
RollerBallRayBrain,0.468,335.859,1.827,10408,-29.425
RollerBallRayBrain,0.454,338.384,1.880,10326,-29.345
RollerBallRayBrain,0.462,341.378,2.289,10699,-29.262
RollerBallRayBrain,0.456,343.850,1.809,10745,-29.169
RollerBallRayBrain,0.466,346.767,2.225,10836,-29.053
RollerBallRayBrain,0.452,348.997,1.616,10451,-28.956
RollerBallRayBrain,0.451,352.135,2.436,10336,-28.859
