Brain name,Time to update policy,Time since start of training,Time for last experience collection,Number of experiences used for training,Mean return
RollerBallRayBrain,2.232,6.358,2.679,10513,-4.600
RollerBallRayBrain,2.214,11.007,2.246,10973,-30.884
RollerBallRayBrain,2.210,15.474,2.082,10458,-30.629
RollerBallRayBrain,2.237,20.145,2.249,10950,-31.319
RollerBallRayBrain,2.209,24.620,2.091,10497,-31.386
RollerBallRayBrain,2.238,29.298,2.267,10896,-31.209
RollerBallRayBrain,2.213,33.976,2.285,10781,-31.608
RollerBallRayBrain,2.219,38.477,2.123,10507,-31.481
RollerBallRayBrain,2.241,43.203,2.302,10866,-30.939
RollerBallRayBrain,2.217,47.721,2.134,10611,-30.788
RollerBallRayBrain,2.240,52.421,2.267,10903,-31.002
RollerBallRayBrain,2.228,57.109,2.272,10727,-30.642
RollerBallRayBrain,2.211,61.658,2.177,10581,-30.660
RollerBallRayBrain,2.243,66.304,2.229,10269,-30.456
RollerBallRayBrain,2.189,70.738,2.084,10258,-30.018
RollerBallRayBrain,2.225,75.325,2.195,10297,-29.885
RollerBallRayBrain,2.230,79.926,2.205,10298,-29.394
RollerBallRayBrain,2.213,84.438,2.119,10284,-28.985
RollerBallRayBrain,2.197,88.964,2.157,10283,-28.849
RollerBallRayBrain,2.204,93.495,2.153,10281,-28.776
RollerBallRayBrain,2.218,98.040,2.172,10285,-28.640
RollerBallRayBrain,2.194,102.506,2.107,10258,-28.706
RollerBallRayBrain,2.219,107.047,2.148,10257,-28.677
RollerBallRayBrain,2.218,111.582,2.155,10268,-28.597
RollerBallRayBrain,2.207,116.173,2.221,10305,-28.543
RollerBallRayBrain,2.206,120.648,2.099,10279,-28.510
RollerBallRayBrain,2.210,125.179,2.151,10276,-28.058
RollerBallRayBrain,2.197,129.663,2.124,10293,-27.918
RollerBallRayBrain,2.199,134.215,2.189,10273,-27.643
RollerBallRayBrain,2.226,138.781,2.164,10365,-27.415
RollerBallRayBrain,2.222,143.423,2.245,10276,-27.211
RollerBallRayBrain,2.192,147.932,2.139,10285,-27.100
RollerBallRayBrain,2.193,152.390,2.110,10257,-26.961
RollerBallRayBrain,2.212,156.981,2.219,10311,-26.611
RollerBallRayBrain,2.213,161.571,2.225,10269,-26.041
RollerBallRayBrain,2.202,166.192,2.260,10273,-25.441
RollerBallRayBrain,2.226,170.776,2.187,10258,-25.037
RollerBallRayBrain,2.192,175.280,2.138,10299,-24.804
RollerBallRayBrain,2.202,179.846,2.203,10406,-24.512
RollerBallRayBrain,2.230,184.453,2.207,10271,-24.245
RollerBallRayBrain,2.237,189.132,2.256,10265,-23.826
RollerBallRayBrain,2.209,193.683,2.172,10242,-23.358
RollerBallRayBrain,2.181,198.258,2.208,10324,-22.998
RollerBallRayBrain,2.199,202.858,2.232,10284,-22.564
RollerBallRayBrain,2.214,207.405,2.185,10296,-22.385
RollerBallRayBrain,2.212,211.996,2.218,10281,-22.101
RollerBallRayBrain,2.200,216.615,2.252,10283,-21.785
RollerBallRayBrain,2.215,221.230,2.231,10245,-21.557
RollerBallRayBrain,2.211,225.805,2.189,10293,-21.162
RollerBallRayBrain,2.208,230.401,2.217,10295,-20.789
RollerBallRayBrain,2.210,235.061,2.279,10262,-20.446
RollerBallRayBrain,2.208,239.678,2.233,10284,-20.043
RollerBallRayBrain,2.219,244.290,2.222,10292,-19.841
RollerBallRayBrain,2.209,248.881,2.210,10313,-19.720
RollerBallRayBrain,2.197,253.475,2.253,10331,-19.463
RollerBallRayBrain,2.220,258.157,2.294,10246,-19.048
RollerBallRayBrain,2.197,262.832,2.301,10305,-18.701
RollerBallRayBrain,2.191,267.464,2.270,10250,-18.443
RollerBallRayBrain,2.205,272.154,2.309,10267,-18.001
RollerBallRayBrain,2.217,276.822,2.292,10295,-17.657
RollerBallRayBrain,2.207,281.529,2.330,10329,-17.266
RollerBallRayBrain,2.212,286.225,2.316,10269,-16.975
RollerBallRayBrain,2.198,290.946,2.346,10263,-16.552
RollerBallRayBrain,2.223,295.635,2.301,10300,-16.173
RollerBallRayBrain,2.210,300.375,2.358,10244,-15.817
RollerBallRayBrain,2.206,305.075,2.334,10245,-15.573
RollerBallRayBrain,2.193,309.848,2.409,10276,-15.250
RollerBallRayBrain,2.216,314.683,2.439,10244,-14.839
RollerBallRayBrain,2.198,319.439,2.382,10254,-14.453
RollerBallRayBrain,2.203,324.151,2.333,10261,-14.170
RollerBallRayBrain,2.206,328.861,2.339,10242,-13.983
RollerBallRayBrain,2.205,333.636,2.380,10287,-13.682
RollerBallRayBrain,2.191,338.345,2.352,10260,-13.455
RollerBallRayBrain,2.209,343.104,2.371,10269,-13.183
RollerBallRayBrain,2.227,347.831,2.317,10309,-13.023
RollerBallRayBrain,2.209,352.614,2.387,10352,-12.848
RollerBallRayBrain,2.224,357.347,2.359,10255,-12.676
RollerBallRayBrain,2.201,362.033,2.313,10255,-12.524
RollerBallRayBrain,2.245,366.848,2.394,10337,-12.373
RollerBallRayBrain,2.191,371.586,2.366,10296,-12.226
RollerBallRayBrain,2.267,376.471,2.450,10271,-11.980
RollerBallRayBrain,2.243,381.280,2.377,10317,-11.800
RollerBallRayBrain,2.216,386.007,2.354,10261,-11.657
RollerBallRayBrain,2.232,390.946,2.522,10323,-11.464
RollerBallRayBrain,2.221,395.743,2.395,10453,-11.312
RollerBallRayBrain,2.202,400.463,2.336,10242,-11.197
RollerBallRayBrain,2.204,405.300,2.461,10252,-11.016
RollerBallRayBrain,2.223,410.137,2.449,10272,-10.828
RollerBallRayBrain,2.223,414.994,2.457,10288,-10.656
RollerBallRayBrain,2.217,419.777,2.383,10324,-10.528
RollerBallRayBrain,2.210,424.558,2.409,10280,-10.410
RollerBallRayBrain,2.226,429.495,2.527,10248,-10.249
RollerBallRayBrain,2.199,434.310,2.446,10269,-10.093
RollerBallRayBrain,2.214,439.120,2.413,10298,-9.935
RollerBallRayBrain,2.192,443.979,2.486,10252,-9.787
RollerBallRayBrain,2.229,448.958,2.566,10262,-9.615
RollerBallRayBrain,2.195,453.849,2.531,10292,-9.473
RollerBallRayBrain,2.203,458.627,2.397,10295,-9.359
RollerBallRayBrain,2.226,463.471,2.440,10325,-9.246
RollerBallRayBrain,2.212,468.342,2.485,10404,-9.134
RollerBallRayBrain,2.206,473.251,2.506,10295,-9.021
RollerBallRayBrain,2.224,478.200,2.536,10268,-8.896
RollerBallRayBrain,2.227,483.068,2.479,10275,-8.793
RollerBallRayBrain,2.249,487.978,2.483,10250,-8.672
RollerBallRayBrain,2.223,492.934,2.558,10298,-8.549
RollerBallRayBrain,2.197,497.741,2.431,10243,-8.456
RollerBallRayBrain,2.215,502.705,2.561,10247,-8.327
RollerBallRayBrain,2.215,507.634,2.532,10299,-8.216
RollerBallRayBrain,2.225,512.605,2.555,10344,-8.098
RollerBallRayBrain,2.214,517.568,2.577,10257,-7.999
RollerBallRayBrain,2.235,522.551,2.570,10288,-7.895
RollerBallRayBrain,2.208,527.514,2.556,10356,-7.808
RollerBallRayBrain,2.197,532.464,2.581,10244,-7.706
RollerBallRayBrain,2.218,537.380,2.524,10279,-7.623
RollerBallRayBrain,2.220,542.215,2.441,10296,-7.548
RollerBallRayBrain,2.220,547.237,2.613,10251,-7.460
RollerBallRayBrain,2.212,552.073,2.442,10250,-7.387
RollerBallRayBrain,2.214,556.986,2.531,10276,-7.303
RollerBallRayBrain,2.203,561.780,2.432,10272,-7.238
RollerBallRayBrain,2.212,566.625,2.455,10283,-7.164
RollerBallRayBrain,2.234,571.475,2.441,10265,-7.082
RollerBallRayBrain,2.241,576.460,2.562,10333,-7.010
RollerBallRayBrain,2.203,581.312,2.471,10272,-6.940
RollerBallRayBrain,2.209,586.267,2.556,10299,-6.861
RollerBallRayBrain,2.217,591.169,2.513,10286,-6.793
RollerBallRayBrain,2.218,596.031,2.478,10264,-6.722
RollerBallRayBrain,2.185,600.847,2.461,10248,-6.665
RollerBallRayBrain,2.207,605.661,2.434,10262,-6.617
RollerBallRayBrain,2.190,610.579,2.546,10251,-6.552
