Brain name,Time to update policy,Time since start of training,Time for last experience collection,Number of experiences used for training,Mean return
RollerBallRayBrain,0.800,4.660,2.416,10383,-14.175
RollerBallRayBrain,0.815,7.639,1.995,10873,-29.491
RollerBallRayBrain,0.788,10.453,1.854,10482,-28.647
RollerBallRayBrain,0.812,13.436,1.998,10942,-29.921
RollerBallRayBrain,0.795,16.264,1.859,10449,-29.850
RollerBallRayBrain,0.812,19.290,2.046,10888,-30.392
RollerBallRayBrain,0.811,22.258,1.979,10981,-30.819
RollerBallRayBrain,0.792,25.118,1.914,10495,-30.801
RollerBallRayBrain,0.793,28.096,2.008,10293,-30.602
RollerBallRayBrain,0.785,30.858,1.833,10272,-30.487
RollerBallRayBrain,0.785,33.690,1.881,10286,-30.725
RollerBallRayBrain,0.810,36.642,1.975,10802,-30.785
RollerBallRayBrain,0.789,39.533,1.932,10429,-30.954
RollerBallRayBrain,0.782,42.468,2.003,10298,-31.141
RollerBallRayBrain,0.775,45.274,1.889,10284,-31.224
RollerBallRayBrain,0.785,48.036,1.813,10254,-31.305
RollerBallRayBrain,0.790,50.860,1.862,10285,-31.343
RollerBallRayBrain,0.788,53.785,1.981,10285,-31.338
RollerBallRayBrain,0.784,56.537,1.806,10283,-31.422
RollerBallRayBrain,0.785,59.361,1.882,10319,-31.338
RollerBallRayBrain,0.777,62.260,1.950,10256,-31.353
RollerBallRayBrain,0.784,65.081,1.869,10261,-31.333
RollerBallRayBrain,0.781,67.811,1.796,10277,-31.388
RollerBallRayBrain,0.788,70.651,1.875,10355,-31.377
RollerBallRayBrain,0.787,73.568,1.976,10285,-31.302
RollerBallRayBrain,0.787,76.417,1.907,10357,-31.193
RollerBallRayBrain,0.791,79.263,1.891,10370,-31.223
RollerBallRayBrain,0.790,82.110,1.900,10359,-31.025
RollerBallRayBrain,0.775,84.900,1.850,10287,-30.975
RollerBallRayBrain,0.786,87.745,1.898,10285,-31.049
RollerBallRayBrain,0.791,90.568,1.878,10364,-31.112
RollerBallRayBrain,0.802,93.430,1.897,10403,-31.093
RollerBallRayBrain,0.782,96.223,1.866,10272,-31.000
RollerBallRayBrain,0.785,99.070,1.895,10303,-30.989
RollerBallRayBrain,0.779,101.922,1.929,10249,-30.994
RollerBallRayBrain,0.786,104.706,1.843,10305,-31.009
RollerBallRayBrain,0.781,107.502,1.854,10279,-31.042
RollerBallRayBrain,0.784,110.362,1.922,10262,-30.965
RollerBallRayBrain,0.779,113.177,1.863,10305,-30.883
RollerBallRayBrain,0.781,115.929,1.829,10271,-30.771
RollerBallRayBrain,0.780,118.799,1.945,10288,-30.675
RollerBallRayBrain,0.787,121.625,1.887,10269,-30.516
RollerBallRayBrain,0.785,124.417,1.852,10255,-30.423
RollerBallRayBrain,0.784,127.234,1.887,10282,-30.400
RollerBallRayBrain,0.786,130.068,1.893,10266,-30.323
RollerBallRayBrain,0.782,132.896,1.890,10262,-30.301
RollerBallRayBrain,0.784,135.711,1.857,10295,-30.281
RollerBallRayBrain,0.782,138.541,1.908,10294,-30.142
RollerBallRayBrain,0.782,141.338,1.857,10359,-29.990
RollerBallRayBrain,0.781,144.214,1.937,10242,-29.856
RollerBallRayBrain,0.784,146.949,1.798,10252,-29.864
RollerBallRayBrain,0.781,149.821,1.924,10281,-29.809
RollerBallRayBrain,0.788,152.629,1.864,10284,-29.844
RollerBallRayBrain,0.785,155.469,1.891,10344,-29.740
RollerBallRayBrain,0.783,158.257,1.840,10312,-29.789
RollerBallRayBrain,0.780,161.075,1.879,10248,-29.740
RollerBallRayBrain,0.775,163.905,1.894,10244,-29.785
RollerBallRayBrain,0.787,166.662,1.808,10301,-29.732
RollerBallRayBrain,0.780,169.529,1.923,10283,-29.600
RollerBallRayBrain,0.780,172.268,1.811,10255,-29.566
RollerBallRayBrain,0.781,175.139,1.937,10329,-29.519
RollerBallRayBrain,0.829,177.965,1.851,10253,-29.435
RollerBallRayBrain,0.823,180.984,1.991,10253,-29.259
RollerBallRayBrain,0.817,184.017,2.013,10241,-29.066
RollerBallRayBrain,0.785,186.932,1.952,10284,-29.010
RollerBallRayBrain,0.789,189.703,1.830,10247,-29.025
RollerBallRayBrain,0.779,192.513,1.869,10310,-29.007
RollerBallRayBrain,0.777,195.353,1.898,10272,-28.983
RollerBallRayBrain,0.778,198.167,1.868,10273,-28.890
RollerBallRayBrain,0.784,200.961,1.848,10242,-28.892
RollerBallRayBrain,0.789,203.802,1.879,10296,-28.787
RollerBallRayBrain,0.783,206.584,1.844,10275,-28.766
RollerBallRayBrain,0.775,209.435,1.929,10285,-28.668
RollerBallRayBrain,0.778,212.191,1.818,10275,-28.627
RollerBallRayBrain,0.781,215.083,1.951,10244,-28.512
RollerBallRayBrain,0.782,217.883,1.861,10299,-28.504
RollerBallRayBrain,0.787,220.705,1.879,10292,-28.350
RollerBallRayBrain,0.791,223.531,1.866,10327,-28.309
RollerBallRayBrain,0.787,226.409,1.936,10252,-28.138
RollerBallRayBrain,0.781,229.215,1.872,10274,-28.019
RollerBallRayBrain,0.789,232.017,1.848,10354,-27.923
RollerBallRayBrain,0.788,234.890,1.912,10309,-27.850
RollerBallRayBrain,0.780,237.656,1.829,10247,-27.785
RollerBallRayBrain,0.782,240.566,1.966,10322,-27.622
RollerBallRayBrain,0.780,243.438,1.924,10300,-27.474
RollerBallRayBrain,0.787,246.249,1.867,10246,-27.389
RollerBallRayBrain,0.778,249.086,1.891,10243,-27.313
RollerBallRayBrain,0.790,251.873,1.852,10291,-27.255
RollerBallRayBrain,0.785,254.740,1.916,10303,-27.166
RollerBallRayBrain,0.791,257.572,1.879,10295,-27.086
RollerBallRayBrain,0.779,260.407,1.891,10282,-27.056
RollerBallRayBrain,0.785,263.219,1.865,10262,-26.981
RollerBallRayBrain,0.782,266.058,1.901,10303,-26.952
RollerBallRayBrain,0.780,268.895,1.889,10271,-26.820
RollerBallRayBrain,0.783,271.730,1.917,10241,-26.669
RollerBallRayBrain,0.785,274.558,1.860,10300,-26.589
RollerBallRayBrain,0.780,277.374,1.877,10241,-26.559
RollerBallRayBrain,0.777,280.217,1.907,10250,-26.436
RollerBallRayBrain,0.780,283.067,1.918,10283,-26.375
RollerBallRayBrain,0.783,285.885,1.879,10307,-26.269
RollerBallRayBrain,0.778,288.712,1.898,10260,-26.174
RollerBallRayBrain,0.782,291.580,1.919,10289,-26.145
RollerBallRayBrain,0.787,294.410,1.876,10249,-26.107
RollerBallRayBrain,0.785,297.231,1.889,10294,-26.014
RollerBallRayBrain,0.777,300.058,1.897,10252,-25.985
RollerBallRayBrain,0.789,302.886,1.866,10340,-25.967
RollerBallRayBrain,0.815,305.807,1.943,10242,-25.896
RollerBallRayBrain,0.783,308.564,1.834,10244,-25.889
RollerBallRayBrain,0.783,311.380,1.868,10273,-25.794
RollerBallRayBrain,0.780,314.238,1.912,10268,-25.682
RollerBallRayBrain,0.785,317.084,1.907,10284,-25.589
RollerBallRayBrain,0.790,319.941,1.926,10361,-25.536
RollerBallRayBrain,0.788,322.793,1.885,10259,-25.476
RollerBallRayBrain,0.784,325.628,1.914,10357,-25.434
RollerBallRayBrain,0.782,328.464,1.915,10384,-25.438
RollerBallRayBrain,0.780,331.290,1.888,10312,-25.363
RollerBallRayBrain,0.825,334.157,1.888,10297,-25.336
RollerBallRayBrain,0.786,337.011,1.906,10290,-25.315
RollerBallRayBrain,0.781,339.848,1.906,10333,-25.238
RollerBallRayBrain,0.787,342.754,1.966,10419,-25.097
RollerBallRayBrain,0.779,345.601,1.893,10298,-24.983
RollerBallRayBrain,0.792,348.411,1.854,10289,-24.989
RollerBallRayBrain,0.783,351.262,1.890,10305,-24.928
RollerBallRayBrain,0.779,354.156,1.960,10260,-24.830
RollerBallRayBrain,0.781,356.923,1.847,10255,-24.784
RollerBallRayBrain,0.783,359.741,1.866,10273,-24.791
RollerBallRayBrain,0.787,362.607,1.924,10287,-24.719
RollerBallRayBrain,0.778,365.417,1.881,10275,-24.633
RollerBallRayBrain,0.785,368.283,1.919,10286,-24.520
RollerBallRayBrain,0.777,371.129,1.917,10263,-24.452
