Brain name,Time to update policy,Time since start of training,Time for last experience collection,Number of experiences used for training,Mean return
RollerBallRayBrain,1.113,4.963,2.527,10530,nan
RollerBallRayBrain,1.108,8.279,2.052,10989,-33.350
RollerBallRayBrain,1.079,11.371,1.866,10523,-32.457
RollerBallRayBrain,1.049,14.620,2.031,10821,-32.764
RollerBallRayBrain,1.016,17.698,1.895,10532,-32.379
RollerBallRayBrain,1.026,20.938,2.027,10940,-32.298
RollerBallRayBrain,1.021,24.169,2.053,10946,-32.537
RollerBallRayBrain,0.990,27.210,1.885,10495,-32.074
RollerBallRayBrain,1.010,30.449,2.044,10930,-32.126
RollerBallRayBrain,0.996,33.499,1.886,10513,-32.150
RollerBallRayBrain,1.012,36.729,2.027,10903,-31.956
RollerBallRayBrain,1.011,39.948,2.028,10943,-32.072
RollerBallRayBrain,0.984,42.994,1.898,10512,-32.116
RollerBallRayBrain,1.024,46.237,2.049,10965,-32.031
RollerBallRayBrain,0.985,49.267,1.886,10473,-31.908
RollerBallRayBrain,0.997,52.495,2.049,10948,-31.930
RollerBallRayBrain,0.994,55.691,2.052,10931,-32.034
RollerBallRayBrain,0.977,58.741,1.895,10482,-31.980
RollerBallRayBrain,1.007,61.966,2.038,10995,-32.086
RollerBallRayBrain,0.988,65.000,1.879,10448,-32.098
RollerBallRayBrain,1.001,68.237,2.061,11044,-32.184
RollerBallRayBrain,0.996,71.427,2.022,10846,-32.069
RollerBallRayBrain,0.981,74.480,1.918,10544,-32.099
RollerBallRayBrain,0.999,77.715,2.055,10955,-32.095
RollerBallRayBrain,0.981,80.752,1.901,10448,-32.104
RollerBallRayBrain,0.974,83.926,2.019,10367,-32.034
RollerBallRayBrain,0.978,86.912,1.858,10299,-32.019
RollerBallRayBrain,0.981,89.889,1.837,10321,-31.982
RollerBallRayBrain,1.008,93.156,2.089,10735,-32.051
RollerBallRayBrain,0.981,96.207,1.895,10479,-32.001
RollerBallRayBrain,0.970,99.365,2.016,10264,-32.063
RollerBallRayBrain,0.982,102.293,1.781,10347,-32.103
RollerBallRayBrain,0.983,105.322,1.904,10338,-32.036
RollerBallRayBrain,0.981,108.512,2.030,10558,-32.077
RollerBallRayBrain,0.984,111.592,1.940,10555,-32.004
RollerBallRayBrain,0.972,114.719,1.999,10254,-31.865
RollerBallRayBrain,0.967,117.635,1.796,10285,-31.877
RollerBallRayBrain,0.967,120.672,1.903,10266,-31.882
RollerBallRayBrain,0.973,123.774,1.969,10248,-31.870
RollerBallRayBrain,0.966,126.790,1.902,10364,-31.901
RollerBallRayBrain,0.970,129.781,1.856,10338,-31.891
RollerBallRayBrain,0.976,132.817,1.893,10300,-31.912
RollerBallRayBrain,0.987,135.937,1.977,10246,-31.916
RollerBallRayBrain,0.964,138.928,1.865,10324,-31.900
RollerBallRayBrain,0.981,141.938,1.877,10285,-31.878
RollerBallRayBrain,0.985,145.079,1.977,10370,-31.888
RollerBallRayBrain,0.967,148.107,1.897,10251,-31.880
RollerBallRayBrain,0.971,151.077,1.849,10299,-31.906
RollerBallRayBrain,0.969,154.091,1.886,10272,-31.895
RollerBallRayBrain,0.982,157.226,1.976,10245,-31.839
RollerBallRayBrain,0.970,160.256,1.894,10279,-31.826
RollerBallRayBrain,0.966,163.271,1.881,10281,-31.863
RollerBallRayBrain,0.966,166.333,1.934,10250,-31.888
RollerBallRayBrain,0.970,169.402,1.948,10312,-31.878
RollerBallRayBrain,0.969,172.364,1.859,10259,-31.889
RollerBallRayBrain,0.959,175.384,1.893,10276,-31.824
RollerBallRayBrain,0.965,178.495,1.976,10350,-31.821
RollerBallRayBrain,0.966,181.557,1.937,10310,-31.758
RollerBallRayBrain,0.968,184.580,1.897,10310,-31.760
RollerBallRayBrain,0.961,187.648,1.950,10266,-31.786
RollerBallRayBrain,0.966,190.706,1.942,10299,-31.741
RollerBallRayBrain,0.974,193.800,1.959,10366,-31.727
RollerBallRayBrain,0.980,196.795,1.864,10284,-31.718
RollerBallRayBrain,0.973,199.860,1.937,10282,-31.744
RollerBallRayBrain,0.963,202.904,1.917,10247,-31.734
RollerBallRayBrain,0.972,205.951,1.906,10314,-31.761
RollerBallRayBrain,0.978,209.003,1.926,10362,-31.754
RollerBallRayBrain,0.973,212.039,1.898,10299,-31.774
RollerBallRayBrain,0.963,215.122,1.951,10267,-31.770
RollerBallRayBrain,0.983,218.125,1.859,10283,-31.788
RollerBallRayBrain,0.972,221.184,1.934,10296,-31.762
RollerBallRayBrain,0.967,224.229,1.908,10285,-31.708
RollerBallRayBrain,0.971,227.317,1.940,10243,-31.658
RollerBallRayBrain,0.978,230.318,1.866,10285,-31.652
RollerBallRayBrain,0.978,233.403,1.954,10349,-31.603
RollerBallRayBrain,0.977,236.475,1.935,10477,-31.599
RollerBallRayBrain,0.978,239.526,1.910,10260,-31.581
RollerBallRayBrain,0.965,242.522,1.879,10262,-31.504
RollerBallRayBrain,0.974,245.597,1.929,10364,-31.523
RollerBallRayBrain,0.974,248.686,1.943,10265,-31.550
RollerBallRayBrain,0.964,251.687,1.871,10347,-31.543
RollerBallRayBrain,0.963,254.702,1.900,10244,-31.530
RollerBallRayBrain,0.970,257.766,1.929,10287,-31.482
RollerBallRayBrain,0.975,260.846,1.922,10301,-31.459
RollerBallRayBrain,0.967,263.827,1.860,10252,-31.431
RollerBallRayBrain,0.975,266.880,1.925,10307,-31.377
RollerBallRayBrain,0.967,269.945,1.957,10327,-31.338
RollerBallRayBrain,0.970,273.014,1.921,10262,-31.267
RollerBallRayBrain,0.973,276.022,1.876,10248,-31.272
RollerBallRayBrain,0.975,279.049,1.901,10252,-31.273
RollerBallRayBrain,0.971,282.105,1.913,10263,-31.233
RollerBallRayBrain,0.967,285.185,1.934,10244,-31.175
RollerBallRayBrain,0.981,288.244,1.921,10281,-31.106
RollerBallRayBrain,0.962,291.286,1.924,10262,-31.094
RollerBallRayBrain,0.976,294.340,1.932,10275,-30.983
RollerBallRayBrain,0.969,297.429,1.961,10318,-30.799
RollerBallRayBrain,0.975,300.410,1.836,10249,-30.733
RollerBallRayBrain,0.971,303.506,1.968,10316,-30.638
RollerBallRayBrain,0.978,306.540,1.905,10243,-30.531
RollerBallRayBrain,0.968,309.632,1.959,10298,-30.438
RollerBallRayBrain,0.970,312.682,1.922,10276,-30.391
RollerBallRayBrain,0.970,315.723,1.908,10301,-30.316
RollerBallRayBrain,0.976,318.814,1.950,10340,-30.252
RollerBallRayBrain,0.965,321.905,1.962,10268,-30.186
RollerBallRayBrain,0.976,324.912,1.883,10272,-30.086
RollerBallRayBrain,0.968,327.991,1.932,10300,-29.964
RollerBallRayBrain,0.966,331.089,1.960,10242,-29.837
RollerBallRayBrain,0.976,334.134,1.903,10301,-29.656
RollerBallRayBrain,0.967,337.204,1.942,10278,-29.579
RollerBallRayBrain,0.966,340.305,1.982,10259,-29.514
RollerBallRayBrain,0.971,343.338,1.906,10276,-29.459
RollerBallRayBrain,0.973,346.442,1.952,10336,-29.352
RollerBallRayBrain,0.979,349.548,1.961,10412,-29.282
RollerBallRayBrain,0.968,352.608,1.933,10242,-29.170
RollerBallRayBrain,0.973,355.677,1.950,10304,-29.052
RollerBallRayBrain,0.968,358.784,1.965,10284,-28.932
RollerBallRayBrain,0.964,361.786,1.897,10284,-28.854
RollerBallRayBrain,0.981,364.935,1.995,10468,-28.711
RollerBallRayBrain,0.974,368.016,1.936,10274,-28.596
RollerBallRayBrain,0.969,371.128,1.960,10270,-28.494
RollerBallRayBrain,0.973,374.152,1.892,10293,-28.423
RollerBallRayBrain,0.982,377.248,1.960,10280,-28.313
RollerBallRayBrain,0.968,380.339,1.968,10259,-28.198
RollerBallRayBrain,0.974,383.415,1.934,10316,-28.090
RollerBallRayBrain,0.968,386.494,1.968,10247,-27.983
RollerBallRayBrain,0.966,389.571,1.951,10253,-27.857
RollerBallRayBrain,0.967,392.643,1.949,10258,-27.805
RollerBallRayBrain,0.986,395.756,1.961,10249,-27.683
RollerBallRayBrain,0.975,398.791,1.912,10249,-27.591
