Brain name,Time to update policy,Time since start of training,Time for last experience collection,Number of experiences used for training,Mean return
RollerBallRayBrain,1.662,5.655,2.542,10379,-3.563
RollerBallRayBrain,1.648,9.594,2.112,10781,-27.686
RollerBallRayBrain,1.660,13.346,1.955,10546,-27.197
RollerBallRayBrain,1.673,17.293,2.145,10962,-29.898
RollerBallRayBrain,1.636,21.039,1.952,10530,-29.898
RollerBallRayBrain,1.670,25.008,2.131,10920,-30.669
RollerBallRayBrain,1.661,28.951,2.120,10849,-31.227
RollerBallRayBrain,1.666,32.751,1.965,10578,-31.281
RollerBallRayBrain,1.676,36.737,2.178,10801,-31.180
RollerBallRayBrain,1.652,40.511,1.975,10510,-31.023
RollerBallRayBrain,1.659,44.515,2.167,10934,-31.020
RollerBallRayBrain,1.669,48.475,2.124,10882,-31.275
RollerBallRayBrain,1.666,52.305,2.025,10592,-31.279
RollerBallRayBrain,1.623,56.216,2.141,10280,-31.500
RollerBallRayBrain,1.644,59.880,1.874,10268,-31.340
RollerBallRayBrain,1.628,63.630,1.959,10297,-31.509
RollerBallRayBrain,1.667,67.605,2.128,10826,-31.543
RollerBallRayBrain,1.647,71.435,2.019,10533,-31.415
RollerBallRayBrain,1.646,75.329,2.078,10248,-31.554
RollerBallRayBrain,1.632,78.994,1.887,10285,-31.582
RollerBallRayBrain,1.649,82.774,1.992,10287,-31.593
RollerBallRayBrain,1.646,86.583,1.988,10314,-31.558
RollerBallRayBrain,1.685,90.519,2.089,10256,-31.541
RollerBallRayBrain,1.637,94.201,1.897,10271,-31.588
RollerBallRayBrain,1.640,97.973,1.962,10275,-31.527
RollerBallRayBrain,1.631,101.830,2.058,10289,-31.540
RollerBallRayBrain,1.619,105.554,1.971,10300,-31.581
RollerBallRayBrain,1.622,109.241,1.937,10275,-31.445
RollerBallRayBrain,1.623,113.037,2.032,10284,-31.464
RollerBallRayBrain,1.621,116.849,2.033,10302,-31.454
RollerBallRayBrain,1.636,120.591,1.936,10291,-31.447
RollerBallRayBrain,1.646,124.383,1.983,10252,-31.459
RollerBallRayBrain,1.620,128.170,2.019,10282,-31.517
RollerBallRayBrain,1.661,131.944,1.964,10351,-31.508
RollerBallRayBrain,1.631,135.688,1.962,10249,-31.569
RollerBallRayBrain,1.620,139.459,1.986,10267,-31.586
RollerBallRayBrain,1.625,143.280,2.025,10262,-31.565
RollerBallRayBrain,1.629,146.961,1.884,10277,-31.539
RollerBallRayBrain,1.658,150.779,1.987,10267,-31.535
RollerBallRayBrain,1.640,154.591,1.996,10364,-31.574
RollerBallRayBrain,1.613,158.292,1.951,10250,-31.613
RollerBallRayBrain,1.625,162.019,1.953,10288,-31.611
RollerBallRayBrain,1.641,165.840,2.028,10367,-31.571
RollerBallRayBrain,1.640,169.664,2.014,10386,-31.427
RollerBallRayBrain,1.645,173.418,1.941,10285,-31.305
RollerBallRayBrain,1.621,177.199,2.005,10347,-31.313
RollerBallRayBrain,1.634,180.971,1.958,10315,-31.352
RollerBallRayBrain,1.638,184.750,1.955,10251,-31.334
RollerBallRayBrain,1.627,188.499,1.940,10284,-31.232
RollerBallRayBrain,1.635,192.249,1.970,10302,-31.201
RollerBallRayBrain,1.627,196.000,1.966,10293,-31.166
RollerBallRayBrain,1.612,199.755,1.987,10280,-31.089
RollerBallRayBrain,1.624,203.499,1.973,10275,-30.989
RollerBallRayBrain,1.623,207.278,2.008,10293,-30.886
RollerBallRayBrain,1.661,211.075,1.960,10263,-30.791
RollerBallRayBrain,1.653,214.868,1.984,10294,-30.766
RollerBallRayBrain,1.618,218.647,2.016,10295,-30.680
RollerBallRayBrain,1.627,222.453,2.010,10256,-30.524
RollerBallRayBrain,1.642,226.231,1.968,10274,-30.428
RollerBallRayBrain,1.623,229.968,1.952,10276,-30.226
RollerBallRayBrain,1.633,233.763,2.005,10296,-30.042
RollerBallRayBrain,1.622,237.508,1.957,10294,-30.038
RollerBallRayBrain,1.647,241.325,2.024,10317,-29.913
RollerBallRayBrain,1.653,245.151,2.030,10365,-29.718
RollerBallRayBrain,1.641,248.910,1.965,10320,-29.656
RollerBallRayBrain,1.645,252.730,1.996,10296,-29.521
RollerBallRayBrain,1.621,256.468,1.979,10290,-29.536
RollerBallRayBrain,1.620,260.236,1.992,10276,-29.540
RollerBallRayBrain,1.636,263.993,1.967,10249,-29.534
RollerBallRayBrain,1.633,267.783,2.006,10283,-29.412
RollerBallRayBrain,1.652,271.565,1.968,10246,-29.329
RollerBallRayBrain,1.640,275.346,1.970,10278,-29.267
RollerBallRayBrain,1.640,279.147,1.996,10292,-29.120
RollerBallRayBrain,1.640,282.947,2.005,10297,-28.897
RollerBallRayBrain,1.672,286.780,1.981,10249,-28.709
RollerBallRayBrain,1.625,290.614,2.040,10277,-28.470
RollerBallRayBrain,1.635,294.471,2.072,10247,-28.084
RollerBallRayBrain,1.634,298.297,2.017,10299,-27.836
RollerBallRayBrain,1.629,302.090,2.007,10354,-27.740
RollerBallRayBrain,1.634,305.946,2.048,10313,-27.564
RollerBallRayBrain,1.651,309.808,2.038,10280,-27.326
RollerBallRayBrain,1.640,313.663,2.059,10340,-26.899
RollerBallRayBrain,1.624,317.485,2.041,10262,-26.694
RollerBallRayBrain,1.650,321.292,2.002,10270,-26.530
RollerBallRayBrain,1.623,325.135,2.040,10289,-26.294
RollerBallRayBrain,1.626,328.909,1.974,10275,-26.056
RollerBallRayBrain,1.670,332.903,2.163,10358,-25.597
RollerBallRayBrain,1.636,336.733,2.039,10273,-25.296
RollerBallRayBrain,1.665,340.633,2.067,10252,-24.996
RollerBallRayBrain,1.630,344.407,1.998,10251,-24.812
RollerBallRayBrain,1.631,348.329,2.130,10279,-24.559
RollerBallRayBrain,1.625,352.166,2.065,10264,-24.194
RollerBallRayBrain,1.626,356.010,2.081,10282,-23.934
RollerBallRayBrain,1.626,359.902,2.100,10263,-23.576
RollerBallRayBrain,1.621,363.752,2.063,10247,-23.347
RollerBallRayBrain,1.650,367.660,2.092,10274,-23.024
RollerBallRayBrain,1.651,371.605,2.125,10421,-22.705
RollerBallRayBrain,1.625,375.468,2.086,10269,-22.509
RollerBallRayBrain,1.653,379.363,2.086,10251,-22.296
RollerBallRayBrain,1.632,383.231,2.058,10274,-22.046
RollerBallRayBrain,1.620,387.134,2.127,10270,-21.730
RollerBallRayBrain,1.628,391.026,2.105,10306,-21.438
RollerBallRayBrain,1.654,394.909,2.072,10254,-21.304
RollerBallRayBrain,1.639,398.742,2.028,10282,-21.126
RollerBallRayBrain,1.663,402.713,2.114,10319,-20.918
RollerBallRayBrain,1.641,406.616,2.114,10241,-20.585
RollerBallRayBrain,1.620,410.574,2.173,10302,-20.299
RollerBallRayBrain,1.619,414.515,2.166,10245,-19.964
RollerBallRayBrain,1.694,418.660,2.256,10335,-19.625
RollerBallRayBrain,1.643,422.657,2.167,10245,-19.360
RollerBallRayBrain,1.632,426.615,2.167,10293,-19.095
RollerBallRayBrain,1.637,430.577,2.146,10368,-18.837
RollerBallRayBrain,1.630,434.538,2.174,10290,-18.586
RollerBallRayBrain,1.630,438.416,2.087,10241,-18.391
RollerBallRayBrain,1.625,442.342,2.113,10258,-18.189
RollerBallRayBrain,1.662,446.284,2.115,10280,-18.025
RollerBallRayBrain,1.623,450.194,2.119,10256,-17.855
RollerBallRayBrain,1.632,454.164,2.166,10312,-17.601
RollerBallRayBrain,1.668,458.132,2.143,10275,-17.396
RollerBallRayBrain,1.657,462.138,2.186,10351,-17.207
RollerBallRayBrain,1.661,466.112,2.134,10276,-17.021
RollerBallRayBrain,1.643,470.032,2.125,10267,-16.885
RollerBallRayBrain,1.662,473.936,2.081,10354,-16.791
RollerBallRayBrain,1.616,477.866,2.164,10276,-16.648
RollerBallRayBrain,1.619,481.833,2.177,10250,-16.452
RollerBallRayBrain,1.635,485.774,2.170,10253,-16.279
RollerBallRayBrain,1.623,489.719,2.152,10247,-16.142
RollerBallRayBrain,1.641,493.671,2.125,10272,-15.984
RollerBallRayBrain,1.648,497.623,2.136,10343,-15.848
RollerBallRayBrain,1.648,501.614,2.189,10341,-15.688
