Brain name,Time to update policy,Time since start of training,Time for last experience collection,Number of experiences used for training,Mean return
RollerBallRayBrain,2.926,7.152,2.784,10519,-14.650
RollerBallRayBrain,2.925,12.616,2.342,10954,-31.654
RollerBallRayBrain,2.934,17.928,2.230,10546,-31.710
RollerBallRayBrain,2.932,23.415,2.383,10946,-32.462
RollerBallRayBrain,2.925,28.747,2.222,10465,-31.309
RollerBallRayBrain,2.940,34.239,2.371,10759,-31.426
RollerBallRayBrain,2.943,39.748,2.380,10979,-31.832
RollerBallRayBrain,2.922,45.103,2.255,10410,-31.190
RollerBallRayBrain,2.995,50.694,2.417,11011,-30.965
RollerBallRayBrain,2.925,56.060,2.258,10386,-30.731
RollerBallRayBrain,2.957,61.612,2.406,10879,-30.668
RollerBallRayBrain,2.923,67.094,2.378,10252,-30.835
RollerBallRayBrain,2.907,72.338,2.160,10291,-30.583
RollerBallRayBrain,2.931,77.631,2.193,10256,-30.667
RollerBallRayBrain,2.940,83.039,2.280,10412,-30.586
RollerBallRayBrain,2.905,88.444,2.326,10258,-30.719
RollerBallRayBrain,2.923,93.739,2.206,10305,-30.737
RollerBallRayBrain,2.931,99.121,2.268,10301,-30.305
RollerBallRayBrain,2.916,104.525,2.312,10332,-29.929
RollerBallRayBrain,2.938,109.947,2.304,10263,-29.573
RollerBallRayBrain,2.929,115.304,2.250,10297,-29.264
RollerBallRayBrain,2.921,120.618,2.207,10273,-29.116
RollerBallRayBrain,2.910,126.041,2.336,10241,-29.100
RollerBallRayBrain,2.915,131.366,2.225,10267,-28.913
RollerBallRayBrain,2.932,136.724,2.260,10267,-28.882
RollerBallRayBrain,2.955,142.161,2.292,10256,-28.828
RollerBallRayBrain,2.940,147.583,2.306,10330,-28.737
RollerBallRayBrain,2.915,152.960,2.287,10245,-28.302
RollerBallRayBrain,2.912,158.315,2.254,10302,-28.032
RollerBallRayBrain,2.912,163.685,2.283,10277,-27.851
RollerBallRayBrain,2.955,169.092,2.274,10281,-27.575
RollerBallRayBrain,2.966,174.565,2.341,10295,-27.075
RollerBallRayBrain,2.923,179.901,2.259,10294,-26.784
RollerBallRayBrain,2.922,185.271,2.278,10243,-26.599
RollerBallRayBrain,2.914,190.636,2.280,10246,-26.576
RollerBallRayBrain,2.975,196.051,2.258,10296,-26.371
RollerBallRayBrain,2.931,201.422,2.265,10256,-26.156
RollerBallRayBrain,2.925,206.796,2.273,10321,-26.065
RollerBallRayBrain,2.919,212.183,2.300,10274,-25.959
RollerBallRayBrain,2.929,217.584,2.298,10259,-25.766
RollerBallRayBrain,2.926,222.962,2.286,10244,-25.634
RollerBallRayBrain,2.907,228.328,2.283,10253,-25.518
RollerBallRayBrain,2.929,233.735,2.303,10296,-25.304
RollerBallRayBrain,2.909,239.109,2.303,10294,-25.276
RollerBallRayBrain,2.894,244.487,2.316,10303,-25.128
RollerBallRayBrain,2.913,249.850,2.272,10358,-24.930
RollerBallRayBrain,2.909,255.262,2.315,10305,-24.544
RollerBallRayBrain,2.899,260.588,2.269,10309,-24.475
RollerBallRayBrain,2.936,266.024,2.331,10303,-24.607
RollerBallRayBrain,2.931,271.328,2.208,10310,-24.471
RollerBallRayBrain,2.926,276.769,2.348,10254,-24.240
RollerBallRayBrain,2.887,282.142,2.304,10264,-23.942
RollerBallRayBrain,2.922,287.445,2.218,10272,-23.823
RollerBallRayBrain,2.935,292.832,2.294,10279,-23.647
RollerBallRayBrain,2.927,298.268,2.328,10291,-23.377
RollerBallRayBrain,2.905,303.664,2.306,10270,-23.056
RollerBallRayBrain,2.892,308.989,2.266,10244,-22.860
RollerBallRayBrain,2.912,314.346,2.274,10294,-22.767
RollerBallRayBrain,2.916,319.782,2.340,10293,-22.633
RollerBallRayBrain,2.945,325.173,2.264,10281,-22.498
RollerBallRayBrain,2.913,330.587,2.327,10241,-22.346
RollerBallRayBrain,2.924,336.046,2.356,10362,-22.040
RollerBallRayBrain,2.911,341.382,2.253,10273,-21.786
RollerBallRayBrain,2.910,346.862,2.391,10361,-21.546
RollerBallRayBrain,2.929,352.296,2.309,10301,-21.377
RollerBallRayBrain,2.946,357.689,2.295,10278,-21.242
RollerBallRayBrain,2.918,363.178,2.384,10370,-21.065
RollerBallRayBrain,2.900,368.596,2.326,10264,-20.931
RollerBallRayBrain,2.993,374.117,2.354,10315,-20.715
RollerBallRayBrain,2.915,379.528,2.327,10272,-20.550
RollerBallRayBrain,2.941,384.978,2.324,10284,-20.401
RollerBallRayBrain,2.915,390.379,2.316,10333,-20.220
RollerBallRayBrain,2.947,395.839,2.352,10322,-20.017
RollerBallRayBrain,2.897,401.266,2.369,10243,-19.855
RollerBallRayBrain,2.904,406.647,2.312,10285,-19.578
RollerBallRayBrain,2.939,412.116,2.331,10282,-19.383
RollerBallRayBrain,2.915,417.526,2.322,10258,-19.145
RollerBallRayBrain,2.897,423.072,2.474,10267,-18.827
RollerBallRayBrain,2.899,428.499,2.338,10294,-18.537
RollerBallRayBrain,2.922,433.971,2.358,10360,-18.263
RollerBallRayBrain,2.908,439.382,2.328,10269,-18.071
RollerBallRayBrain,2.916,444.893,2.413,10287,-17.786
RollerBallRayBrain,2.924,450.337,2.337,10263,-17.542
RollerBallRayBrain,2.913,455.869,2.454,10292,-17.294
RollerBallRayBrain,2.913,461.317,2.374,10300,-17.118
RollerBallRayBrain,2.910,466.803,2.405,10263,-16.879
RollerBallRayBrain,2.928,472.300,2.392,10276,-16.655
RollerBallRayBrain,2.917,477.828,2.435,10252,-16.405
RollerBallRayBrain,2.937,483.334,2.391,10345,-16.170
RollerBallRayBrain,2.917,488.821,2.388,10244,-15.999
RollerBallRayBrain,2.903,494.346,2.438,10251,-15.735
RollerBallRayBrain,2.904,499.846,2.423,10244,-15.482
RollerBallRayBrain,2.921,505.305,2.340,10248,-15.358
RollerBallRayBrain,2.935,510.716,2.301,10248,-15.274
RollerBallRayBrain,2.924,516.262,2.432,10313,-15.085
RollerBallRayBrain,2.898,521.650,2.318,10256,-14.970
RollerBallRayBrain,2.934,527.201,2.418,10294,-14.834
RollerBallRayBrain,2.923,532.682,2.375,10256,-14.717
RollerBallRayBrain,2.911,538.141,2.381,10261,-14.612
RollerBallRayBrain,2.923,543.668,2.431,10253,-14.444
RollerBallRayBrain,2.921,549.229,2.474,10283,-14.249
RollerBallRayBrain,2.906,554.727,2.405,10248,-14.080
RollerBallRayBrain,2.927,560.255,2.435,10349,-13.920
RollerBallRayBrain,2.909,565.731,2.407,10252,-13.756
RollerBallRayBrain,2.927,571.314,2.466,10338,-13.594
RollerBallRayBrain,2.930,576.879,2.465,10244,-13.412
RollerBallRayBrain,2.904,582.452,2.485,10290,-13.231
RollerBallRayBrain,2.940,588.004,2.453,10302,-13.058
RollerBallRayBrain,2.936,593.615,2.478,10242,-12.864
RollerBallRayBrain,2.927,599.150,2.435,10295,-12.682
RollerBallRayBrain,2.929,604.829,2.572,10279,-12.470
RollerBallRayBrain,2.925,610.407,2.467,10314,-12.294
RollerBallRayBrain,2.934,615.970,2.441,10298,-12.174
RollerBallRayBrain,2.941,621.511,2.427,10291,-12.050
RollerBallRayBrain,2.904,627.109,2.504,10270,-11.937
RollerBallRayBrain,2.928,632.664,2.461,10275,-11.781
RollerBallRayBrain,2.950,638.292,2.499,10246,-11.686
RollerBallRayBrain,2.926,643.845,2.437,10281,-11.562
RollerBallRayBrain,2.906,649.486,2.549,10289,-11.427
RollerBallRayBrain,2.910,655.055,2.472,10283,-11.288
RollerBallRayBrain,2.908,660.696,2.541,10364,-11.133
RollerBallRayBrain,2.922,666.315,2.507,10291,-10.997
RollerBallRayBrain,2.936,671.958,2.517,10279,-10.862
RollerBallRayBrain,2.918,677.555,2.510,10265,-10.717
RollerBallRayBrain,2.936,683.211,2.522,10247,-10.590
RollerBallRayBrain,2.907,688.781,2.492,10277,-10.475
RollerBallRayBrain,2.916,694.368,2.505,10254,-10.366
RollerBallRayBrain,2.916,700.067,2.583,10268,-10.239
RollerBallRayBrain,2.910,705.612,2.437,10294,-10.127
RollerBallRayBrain,2.924,711.290,2.582,10318,-10.034
