Brain name,Time to update policy,Time since start of training,Time for last experience collection,Number of experiences used for training,Mean return
RollerBallRayBrain,0.477,4.486,2.512,10385,-5.200
RollerBallRayBrain,0.470,7.327,2.172,10970,-30.434
RollerBallRayBrain,0.462,10.060,2.080,10469,-28.527
RollerBallRayBrain,0.457,12.825,2.138,10920,-29.932
RollerBallRayBrain,0.438,15.332,1.902,10530,-29.932
RollerBallRayBrain,0.463,18.156,2.171,10938,-30.802
RollerBallRayBrain,0.430,20.959,2.197,10717,-31.035
RollerBallRayBrain,0.497,23.701,2.060,10626,-31.150
RollerBallRayBrain,0.515,26.547,2.137,10871,-31.104
RollerBallRayBrain,0.414,29.108,1.964,10497,-31.133
RollerBallRayBrain,0.433,31.916,2.171,10255,-31.371
RollerBallRayBrain,0.423,34.369,1.860,10300,-31.406
RollerBallRayBrain,0.429,37.069,2.064,10252,-31.381
RollerBallRayBrain,0.445,39.811,2.109,10672,-31.527
RollerBallRayBrain,0.419,42.385,1.983,10608,-31.447
RollerBallRayBrain,0.407,45.052,2.092,10258,-31.463
RollerBallRayBrain,0.410,47.601,1.958,10250,-31.564
RollerBallRayBrain,0.423,50.164,1.963,10354,-31.567
RollerBallRayBrain,0.426,52.926,2.143,10623,-31.669
RollerBallRayBrain,0.421,55.565,2.030,10625,-31.721
RollerBallRayBrain,0.430,58.255,2.058,10281,-31.819
RollerBallRayBrain,0.425,60.872,2.000,10294,-31.800
RollerBallRayBrain,0.415,63.454,1.995,10360,-31.726
RollerBallRayBrain,0.417,66.106,2.044,10273,-31.637
RollerBallRayBrain,0.410,68.535,1.855,10241,-31.683
RollerBallRayBrain,0.410,71.050,1.932,10305,-31.683
RollerBallRayBrain,0.407,73.499,1.876,10301,-31.578
RollerBallRayBrain,0.425,76.098,2.000,10284,-31.460
RollerBallRayBrain,0.420,78.655,1.958,10243,-31.429
RollerBallRayBrain,0.421,81.193,1.967,10241,-31.450
RollerBallRayBrain,0.413,83.729,1.942,10253,-31.469
RollerBallRayBrain,0.440,86.399,2.060,10305,-31.377
RollerBallRayBrain,0.451,89.049,2.029,10293,-31.429
RollerBallRayBrain,0.424,91.621,1.974,10303,-31.461
RollerBallRayBrain,0.434,94.278,2.045,10274,-31.397
RollerBallRayBrain,0.433,97.102,2.165,10348,-31.440
RollerBallRayBrain,0.412,99.683,1.996,10253,-31.483
RollerBallRayBrain,0.429,102.405,2.104,10286,-31.394
RollerBallRayBrain,0.429,105.005,2.000,10331,-31.443
RollerBallRayBrain,0.407,107.922,2.288,10287,-31.410
RollerBallRayBrain,0.415,110.379,1.890,10251,-31.380
RollerBallRayBrain,0.444,113.039,2.031,10244,-31.228
RollerBallRayBrain,0.411,115.578,1.961,10283,-31.151
RollerBallRayBrain,0.413,118.141,1.981,10253,-31.166
RollerBallRayBrain,0.420,120.651,1.933,10251,-31.089
RollerBallRayBrain,0.423,123.291,2.040,10245,-30.827
RollerBallRayBrain,0.418,125.879,1.997,10280,-30.762
RollerBallRayBrain,0.448,128.510,1.997,10283,-30.765
RollerBallRayBrain,0.410,131.176,2.060,10290,-30.777
RollerBallRayBrain,0.435,133.851,2.036,10264,-30.779
RollerBallRayBrain,0.423,136.484,2.034,10297,-30.703
RollerBallRayBrain,0.440,139.109,1.993,10317,-30.653
RollerBallRayBrain,0.429,141.868,2.144,10296,-30.566
RollerBallRayBrain,0.426,144.408,1.943,10260,-30.529
RollerBallRayBrain,0.421,146.933,1.947,10280,-30.394
RollerBallRayBrain,0.422,149.479,1.957,10258,-30.389
RollerBallRayBrain,0.419,152.063,1.981,10297,-30.430
RollerBallRayBrain,0.424,154.592,1.930,10272,-30.455
RollerBallRayBrain,0.435,157.229,2.023,10297,-30.412
RollerBallRayBrain,0.423,159.870,2.045,10275,-30.173
RollerBallRayBrain,0.426,162.412,1.937,10253,-30.131
RollerBallRayBrain,0.425,164.931,1.925,10244,-30.045
RollerBallRayBrain,0.439,167.508,1.978,10288,-29.940
RollerBallRayBrain,0.420,170.149,2.038,10293,-29.741
RollerBallRayBrain,0.422,172.669,1.946,10291,-29.691
RollerBallRayBrain,0.430,175.213,1.945,10301,-29.561
RollerBallRayBrain,0.422,177.716,1.927,10386,-29.441
RollerBallRayBrain,0.419,180.284,1.977,10248,-29.279
RollerBallRayBrain,0.412,182.852,1.985,10267,-29.047
RollerBallRayBrain,0.432,185.437,1.974,10292,-28.837
RollerBallRayBrain,0.411,188.002,1.981,10259,-28.649
RollerBallRayBrain,0.418,190.544,1.966,10305,-28.541
RollerBallRayBrain,0.421,193.058,1.904,10278,-28.357
RollerBallRayBrain,0.425,195.593,1.937,10305,-28.224
RollerBallRayBrain,0.419,198.247,2.076,10254,-28.056
RollerBallRayBrain,0.428,200.820,1.976,10245,-27.992
RollerBallRayBrain,0.410,203.360,1.969,10273,-27.860
RollerBallRayBrain,0.418,205.889,1.936,10281,-27.707
RollerBallRayBrain,0.421,208.502,2.023,10249,-27.506
RollerBallRayBrain,0.419,211.187,2.076,10426,-27.258
RollerBallRayBrain,0.418,213.768,1.999,10294,-27.060
RollerBallRayBrain,0.414,216.413,2.072,10290,-26.835
RollerBallRayBrain,0.418,218.952,1.945,10299,-26.567
RollerBallRayBrain,0.425,221.494,1.940,10248,-26.455
RollerBallRayBrain,0.418,224.103,1.999,10248,-26.359
RollerBallRayBrain,0.419,226.726,2.033,10243,-26.129
RollerBallRayBrain,0.408,229.278,2.000,10320,-25.868
RollerBallRayBrain,0.416,231.966,2.115,10327,-25.552
RollerBallRayBrain,0.434,234.727,2.134,10285,-25.263
RollerBallRayBrain,0.417,237.421,2.076,10274,-25.109
RollerBallRayBrain,0.451,240.215,2.162,10298,-24.866
RollerBallRayBrain,0.433,242.944,2.104,10286,-24.582
RollerBallRayBrain,0.445,245.568,2.009,10248,-24.387
RollerBallRayBrain,0.441,248.351,2.143,10326,-24.228
RollerBallRayBrain,0.428,251.054,2.100,10281,-23.931
RollerBallRayBrain,0.422,253.525,1.873,10253,-23.856
RollerBallRayBrain,0.425,256.318,2.146,10297,-23.604
RollerBallRayBrain,0.451,259.057,2.092,10286,-23.489
RollerBallRayBrain,0.436,261.720,2.039,10249,-23.422
RollerBallRayBrain,0.435,264.338,2.011,10308,-23.315
RollerBallRayBrain,0.439,267.064,2.122,10243,-23.039
RollerBallRayBrain,0.427,269.737,2.055,10301,-22.855
RollerBallRayBrain,0.426,272.366,2.038,10295,-22.717
RollerBallRayBrain,0.442,275.071,2.097,10261,-22.547
RollerBallRayBrain,0.494,277.789,2.049,10285,-22.387
RollerBallRayBrain,0.417,280.437,2.056,10284,-22.240
RollerBallRayBrain,0.420,283.096,2.060,10244,-22.043
RollerBallRayBrain,0.428,285.783,2.071,10295,-21.885
RollerBallRayBrain,0.444,288.500,2.098,10262,-21.603
RollerBallRayBrain,0.427,291.189,2.084,10288,-21.465
RollerBallRayBrain,0.467,294.052,2.194,10338,-21.303
RollerBallRayBrain,0.429,296.889,2.194,10301,-21.221
RollerBallRayBrain,0.508,299.629,2.064,10304,-21.081
RollerBallRayBrain,0.427,302.433,2.179,10379,-20.851
RollerBallRayBrain,0.506,305.235,2.124,10274,-20.644
RollerBallRayBrain,0.432,307.880,2.034,10250,-20.507
RollerBallRayBrain,0.432,310.628,2.149,10289,-20.344
RollerBallRayBrain,0.429,313.271,2.042,10287,-20.232
RollerBallRayBrain,0.427,315.944,2.063,10297,-20.077
RollerBallRayBrain,0.415,318.632,2.090,10282,-19.949
RollerBallRayBrain,0.424,321.328,2.089,10245,-19.799
RollerBallRayBrain,0.425,324.053,2.104,10243,-19.659
RollerBallRayBrain,0.417,326.802,2.115,10250,-19.461
RollerBallRayBrain,0.446,329.563,2.121,10305,-19.329
RollerBallRayBrain,0.452,332.360,2.145,10263,-19.220
RollerBallRayBrain,0.433,334.981,2.003,10248,-19.138
RollerBallRayBrain,0.436,337.912,2.296,10323,-19.008
RollerBallRayBrain,0.426,340.744,2.207,10254,-18.885
RollerBallRayBrain,0.418,343.531,2.184,10294,-18.743
RollerBallRayBrain,0.415,346.276,2.149,10260,-18.633
