Brain name,Time to update policy,Time since start of training,Time for last experience collection,Number of experiences used for training,Mean return
RollerBallRayBrain,0.464,4.351,2.472,10512,-3.375
RollerBallRayBrain,0.468,6.989,2.009,10987,-31.279
RollerBallRayBrain,0.444,9.425,1.829,10505,-30.485
RollerBallRayBrain,0.459,12.028,1.993,10950,-31.353
RollerBallRayBrain,0.449,14.473,1.832,10530,-31.353
RollerBallRayBrain,0.443,17.063,1.994,10962,-31.972
RollerBallRayBrain,0.441,19.658,1.982,10930,-32.274
RollerBallRayBrain,0.422,22.105,1.861,10513,-32.205
RollerBallRayBrain,0.430,24.705,1.997,10947,-32.074
RollerBallRayBrain,0.415,27.157,1.878,10422,-31.805
RollerBallRayBrain,0.427,29.775,2.009,10946,-31.894
RollerBallRayBrain,0.424,32.388,2.011,10998,-31.794
RollerBallRayBrain,0.411,34.854,1.889,10476,-31.751
RollerBallRayBrain,0.421,37.500,2.034,10831,-31.431
RollerBallRayBrain,0.415,39.983,1.921,10493,-31.396
RollerBallRayBrain,0.421,42.621,2.027,10770,-31.216
RollerBallRayBrain,0.404,45.200,2.005,10248,-31.199
RollerBallRayBrain,0.405,47.574,1.800,10255,-31.028
RollerBallRayBrain,0.411,50.027,1.886,10279,-30.828
RollerBallRayBrain,0.413,52.510,1.907,10469,-30.658
RollerBallRayBrain,0.408,55.062,1.974,10246,-30.465
RollerBallRayBrain,0.406,57.478,1.841,10336,-30.458
RollerBallRayBrain,0.400,59.941,1.900,10313,-30.534
RollerBallRayBrain,0.414,62.487,1.962,10246,-30.565
RollerBallRayBrain,0.415,64.966,1.920,10271,-30.268
RollerBallRayBrain,0.409,67.542,2.001,10267,-30.177
RollerBallRayBrain,0.409,70.120,1.986,10265,-30.148
RollerBallRayBrain,0.401,72.608,1.927,10244,-30.148
RollerBallRayBrain,0.401,75.050,1.880,10254,-29.978
RollerBallRayBrain,0.407,77.574,1.953,10319,-29.713
RollerBallRayBrain,0.400,80.045,1.905,10297,-29.666
RollerBallRayBrain,0.413,82.593,1.953,10344,-29.410
RollerBallRayBrain,0.415,85.095,1.934,10343,-29.203
RollerBallRayBrain,0.442,87.814,2.080,10343,-29.045
RollerBallRayBrain,0.447,90.517,2.059,10292,-28.829
RollerBallRayBrain,0.410,93.008,1.924,10273,-28.703
RollerBallRayBrain,0.412,95.538,1.953,10250,-28.575
RollerBallRayBrain,0.411,97.978,1.862,10252,-28.398
RollerBallRayBrain,0.411,100.478,1.925,10283,-28.243
RollerBallRayBrain,0.406,102.981,1.943,10272,-28.048
RollerBallRayBrain,0.407,105.443,1.905,10248,-27.924
RollerBallRayBrain,0.413,107.881,1.872,10287,-27.861
RollerBallRayBrain,0.402,110.399,1.950,10275,-27.691
RollerBallRayBrain,0.410,112.892,1.911,10297,-27.574
RollerBallRayBrain,0.406,115.343,1.875,10340,-27.348
RollerBallRayBrain,0.403,117.826,1.916,10255,-27.148
RollerBallRayBrain,0.412,120.375,1.967,10258,-26.954
RollerBallRayBrain,0.410,122.864,1.909,10241,-26.759
RollerBallRayBrain,0.406,125.296,1.877,10250,-26.448
RollerBallRayBrain,0.410,127.795,1.929,10305,-26.274
RollerBallRayBrain,0.416,130.310,1.919,10275,-26.151
RollerBallRayBrain,0.412,132.824,1.938,10291,-25.960
RollerBallRayBrain,0.414,135.366,1.934,10263,-25.785
RollerBallRayBrain,0.416,137.890,1.963,10250,-25.671
RollerBallRayBrain,0.408,140.442,1.977,10285,-25.390
RollerBallRayBrain,0.403,142.929,1.921,10255,-25.279
RollerBallRayBrain,0.406,145.453,1.969,10298,-25.164
RollerBallRayBrain,0.406,147.952,1.915,10241,-25.091
RollerBallRayBrain,0.415,150.559,2.021,10266,-24.899
RollerBallRayBrain,0.424,153.149,1.996,10256,-24.710
RollerBallRayBrain,0.419,155.787,2.054,10263,-24.466
RollerBallRayBrain,0.403,158.290,1.931,10263,-24.403
RollerBallRayBrain,0.408,160.829,1.982,10262,-24.253
RollerBallRayBrain,0.402,163.327,1.921,10274,-24.104
RollerBallRayBrain,0.418,165.965,2.043,10248,-23.873
RollerBallRayBrain,0.412,168.521,1.974,10276,-23.690
RollerBallRayBrain,0.405,171.069,1.994,10297,-23.477
RollerBallRayBrain,0.402,173.638,2.012,10298,-23.169
RollerBallRayBrain,0.401,176.144,1.945,10335,-23.023
RollerBallRayBrain,0.401,178.639,1.936,10285,-22.908
RollerBallRayBrain,0.403,181.176,1.964,10252,-22.763
RollerBallRayBrain,0.404,183.628,1.882,10282,-22.683
RollerBallRayBrain,0.401,186.195,1.989,10253,-22.440
RollerBallRayBrain,0.404,188.758,2.005,10262,-22.206
RollerBallRayBrain,0.412,191.229,1.911,10291,-22.034
RollerBallRayBrain,0.408,193.767,1.962,10294,-21.862
RollerBallRayBrain,0.402,196.304,1.970,10305,-21.723
RollerBallRayBrain,0.403,198.804,1.941,10246,-21.618
RollerBallRayBrain,0.402,201.260,1.910,10303,-21.572
RollerBallRayBrain,0.406,203.792,1.957,10248,-21.537
RollerBallRayBrain,0.405,206.348,1.984,10258,-21.421
RollerBallRayBrain,0.405,208.830,1.939,10267,-21.358
RollerBallRayBrain,0.403,211.394,2.015,10282,-21.162
RollerBallRayBrain,0.404,213.868,1.905,10288,-21.062
RollerBallRayBrain,0.403,216.390,1.951,10284,-21.025
RollerBallRayBrain,0.406,218.915,1.958,10277,-20.966
RollerBallRayBrain,0.412,221.422,1.937,10256,-20.901
RollerBallRayBrain,0.408,223.905,1.906,10406,-20.898
RollerBallRayBrain,0.401,226.493,2.013,10275,-20.709
RollerBallRayBrain,0.409,229.017,1.958,10368,-20.652
RollerBallRayBrain,0.401,231.534,1.972,10249,-20.588
RollerBallRayBrain,0.405,234.070,1.982,10254,-20.415
RollerBallRayBrain,0.405,236.621,1.983,10255,-20.309
RollerBallRayBrain,0.407,239.146,1.951,10304,-20.196
RollerBallRayBrain,0.401,241.690,1.986,10251,-20.146
RollerBallRayBrain,0.401,244.203,1.950,10265,-20.019
RollerBallRayBrain,0.405,246.721,1.955,10293,-19.960
RollerBallRayBrain,0.409,249.238,1.956,10273,-19.815
RollerBallRayBrain,0.402,251.786,1.971,10294,-19.666
RollerBallRayBrain,0.407,254.316,1.981,10297,-19.575
RollerBallRayBrain,0.409,256.842,1.955,10269,-19.563
RollerBallRayBrain,0.402,259.340,1.932,10255,-19.483
RollerBallRayBrain,0.407,261.825,1.931,10243,-19.385
RollerBallRayBrain,0.403,264.413,2.024,10241,-19.209
RollerBallRayBrain,0.405,266.980,1.982,10249,-19.051
RollerBallRayBrain,0.424,269.615,2.034,10264,-18.847
RollerBallRayBrain,0.417,272.307,2.072,10265,-18.713
RollerBallRayBrain,0.404,274.882,2.008,10245,-18.558
RollerBallRayBrain,0.409,277.463,2.007,10256,-18.386
RollerBallRayBrain,0.410,280.080,2.036,10304,-18.198
RollerBallRayBrain,0.404,282.714,2.065,10261,-17.953
RollerBallRayBrain,0.402,285.280,2.017,10249,-17.790
RollerBallRayBrain,0.404,287.886,2.041,10303,-17.660
RollerBallRayBrain,0.404,290.445,1.980,10262,-17.493
RollerBallRayBrain,0.404,293.042,2.026,10306,-17.359
RollerBallRayBrain,0.407,295.668,2.051,10304,-17.145
RollerBallRayBrain,0.402,298.266,2.042,10263,-16.990
RollerBallRayBrain,0.401,300.832,1.998,10248,-16.904
RollerBallRayBrain,0.406,303.481,2.078,10256,-16.721
RollerBallRayBrain,0.405,306.082,2.028,10302,-16.546
RollerBallRayBrain,0.405,308.783,2.115,10293,-16.346
RollerBallRayBrain,0.405,311.427,2.054,10304,-16.139
RollerBallRayBrain,0.406,314.024,2.027,10370,-16.030
RollerBallRayBrain,0.410,316.674,2.080,10269,-15.886
RollerBallRayBrain,0.398,319.315,2.068,10242,-15.744
RollerBallRayBrain,0.414,321.863,1.981,10275,-15.636
RollerBallRayBrain,0.405,324.468,2.033,10284,-15.525
RollerBallRayBrain,0.403,327.089,2.052,10290,-15.422
RollerBallRayBrain,0.427,329.714,2.028,10300,-15.313
RollerBallRayBrain,0.408,332.388,2.102,10281,-15.212
