Brain name,Time to update policy,Time since start of training,Time for last experience collection,Number of experiences used for training,Mean return
RollerBallRayBrain,0.477,4.372,2.416,10514,-4.650
RollerBallRayBrain,0.463,7.044,2.035,10923,-32.323
RollerBallRayBrain,0.447,9.558,1.900,10503,-31.910
RollerBallRayBrain,0.470,12.209,2.026,10881,-32.567
RollerBallRayBrain,0.446,14.661,1.862,10546,-32.580
RollerBallRayBrain,0.440,17.284,2.023,10769,-32.568
RollerBallRayBrain,0.451,19.920,2.022,10860,-31.777
RollerBallRayBrain,0.419,22.401,1.891,10522,-31.579
RollerBallRayBrain,0.427,25.016,2.015,10881,-31.896
RollerBallRayBrain,0.477,27.594,1.944,10562,-31.916
RollerBallRayBrain,0.452,30.336,2.097,10826,-31.661
RollerBallRayBrain,0.476,33.150,2.132,10267,-31.251
RollerBallRayBrain,0.423,35.660,1.910,10242,-31.049
RollerBallRayBrain,0.428,38.205,1.952,10424,-31.033
RollerBallRayBrain,0.411,40.702,1.913,10268,-31.059
RollerBallRayBrain,0.432,43.318,2.024,10246,-31.157
RollerBallRayBrain,0.426,45.812,1.893,10250,-31.273
RollerBallRayBrain,0.414,48.263,1.886,10397,-31.358
RollerBallRayBrain,0.428,50.889,2.031,10777,-31.395
RollerBallRayBrain,0.631,53.754,2.055,10496,-31.431
RollerBallRayBrain,0.429,56.605,2.212,10249,-31.150
RollerBallRayBrain,0.427,59.203,1.971,10303,-31.103
RollerBallRayBrain,0.441,61.841,2.024,10249,-31.092
RollerBallRayBrain,0.437,64.686,2.218,10247,-31.103
RollerBallRayBrain,0.561,67.646,2.181,10248,-31.095
RollerBallRayBrain,0.462,70.446,2.128,10245,-31.065
RollerBallRayBrain,0.494,73.167,2.026,10334,-31.088
RollerBallRayBrain,0.448,75.881,2.097,10362,-31.193
RollerBallRayBrain,0.424,78.468,2.005,10289,-31.130
RollerBallRayBrain,0.410,80.972,1.937,10291,-30.977
RollerBallRayBrain,0.426,83.494,1.940,10311,-30.961
RollerBallRayBrain,0.410,85.962,1.904,10323,-30.799
RollerBallRayBrain,0.412,88.449,1.911,10290,-30.822
RollerBallRayBrain,0.407,90.960,1.930,10345,-30.787
RollerBallRayBrain,0.409,93.451,1.918,10280,-30.822
RollerBallRayBrain,0.405,95.812,1.807,10365,-30.864
RollerBallRayBrain,0.406,98.307,1.929,10291,-30.902
RollerBallRayBrain,0.413,100.817,1.942,10280,-30.787
RollerBallRayBrain,0.403,103.264,1.898,10276,-30.663
RollerBallRayBrain,0.407,105.734,1.912,10379,-30.680
RollerBallRayBrain,0.407,108.232,1.936,10295,-30.664
RollerBallRayBrain,0.426,110.873,2.026,10268,-30.644
RollerBallRayBrain,0.409,113.262,1.837,10248,-30.641
RollerBallRayBrain,0.425,115.782,1.937,10293,-30.592
RollerBallRayBrain,0.407,118.293,1.941,10254,-30.602
RollerBallRayBrain,0.408,120.771,1.904,10288,-30.553
RollerBallRayBrain,0.419,123.253,1.902,10273,-30.327
RollerBallRayBrain,0.408,125.739,1.915,10285,-30.200
RollerBallRayBrain,0.410,128.227,1.918,10365,-30.110
RollerBallRayBrain,0.415,130.690,1.895,10348,-30.053
RollerBallRayBrain,0.408,133.152,1.893,10261,-29.968
RollerBallRayBrain,0.411,135.626,1.898,10286,-29.918
RollerBallRayBrain,0.416,138.142,1.954,10304,-29.759
RollerBallRayBrain,0.407,140.607,1.890,10283,-29.623
RollerBallRayBrain,0.407,143.128,1.949,10308,-29.364
RollerBallRayBrain,0.443,145.631,1.905,10284,-29.218
RollerBallRayBrain,0.455,148.462,2.178,10285,-28.984
RollerBallRayBrain,0.423,151.046,1.962,10283,-28.933
RollerBallRayBrain,0.430,153.734,2.082,10313,-28.762
RollerBallRayBrain,0.432,156.403,2.041,10267,-28.711
RollerBallRayBrain,0.432,159.165,2.130,10264,-28.514
RollerBallRayBrain,0.441,161.740,1.969,10266,-28.443
RollerBallRayBrain,0.451,164.417,2.026,10290,-28.284
RollerBallRayBrain,0.432,167.049,2.021,10274,-28.179
RollerBallRayBrain,0.409,169.684,2.042,10252,-27.925
RollerBallRayBrain,0.418,172.221,1.956,10301,-27.763
RollerBallRayBrain,0.420,174.773,1.946,10291,-27.592
RollerBallRayBrain,0.431,177.484,2.107,10305,-27.503
RollerBallRayBrain,0.413,180.014,1.947,10263,-27.383
RollerBallRayBrain,0.409,182.637,2.038,10246,-27.123
RollerBallRayBrain,0.409,185.174,1.961,10255,-27.014
RollerBallRayBrain,0.427,187.775,2.009,10350,-26.782
RollerBallRayBrain,0.420,190.402,2.001,10260,-26.548
RollerBallRayBrain,0.418,192.999,1.996,10280,-26.398
RollerBallRayBrain,0.422,195.620,2.029,10253,-26.256
RollerBallRayBrain,0.421,198.234,2.020,10309,-26.075
RollerBallRayBrain,0.414,200.879,2.051,10303,-25.815
RollerBallRayBrain,0.427,203.422,1.935,10278,-25.659
RollerBallRayBrain,0.423,206.018,1.994,10335,-25.623
RollerBallRayBrain,0.421,208.712,2.083,10262,-25.224
RollerBallRayBrain,0.410,211.298,2.009,10246,-24.998
RollerBallRayBrain,0.421,213.903,2.021,10283,-24.745
RollerBallRayBrain,0.432,216.494,1.983,10292,-24.638
RollerBallRayBrain,0.425,219.230,2.099,10292,-24.525
RollerBallRayBrain,0.428,221.958,2.107,10274,-24.152
RollerBallRayBrain,0.430,224.635,2.066,10285,-24.031
RollerBallRayBrain,0.411,227.293,2.062,10273,-23.781
RollerBallRayBrain,0.404,229.899,2.034,10241,-23.600
RollerBallRayBrain,0.437,232.568,2.045,10299,-23.331
RollerBallRayBrain,0.446,235.384,2.163,10258,-23.182
RollerBallRayBrain,0.427,238.100,2.100,10293,-22.927
RollerBallRayBrain,0.429,240.693,1.994,10253,-22.714
RollerBallRayBrain,0.416,243.310,2.031,10265,-22.510
RollerBallRayBrain,0.449,245.986,2.039,10278,-22.290
RollerBallRayBrain,0.409,248.662,2.086,10290,-21.997
RollerBallRayBrain,0.511,251.399,2.052,10262,-21.842
RollerBallRayBrain,0.445,254.213,2.184,10259,-21.661
RollerBallRayBrain,0.404,256.839,2.045,10279,-21.588
RollerBallRayBrain,0.431,259.746,2.268,10303,-21.310
RollerBallRayBrain,0.453,262.528,2.123,10266,-21.114
RollerBallRayBrain,0.449,265.235,2.067,10332,-20.986
RollerBallRayBrain,0.407,268.051,2.190,10257,-20.719
RollerBallRayBrain,0.430,270.694,2.038,10256,-20.573
RollerBallRayBrain,0.443,273.294,1.990,10252,-20.447
RollerBallRayBrain,0.478,276.225,2.247,10280,-20.326
RollerBallRayBrain,0.413,278.850,2.043,10293,-20.192
RollerBallRayBrain,0.433,281.582,2.125,10263,-20.063
RollerBallRayBrain,0.409,284.270,2.116,10269,-19.864
RollerBallRayBrain,0.409,286.870,2.028,10275,-19.671
RollerBallRayBrain,0.420,289.699,2.196,10262,-19.556
RollerBallRayBrain,0.412,292.408,2.131,10267,-19.438
RollerBallRayBrain,0.420,295.188,2.149,10336,-19.294
RollerBallRayBrain,0.409,297.840,2.065,10273,-19.139
RollerBallRayBrain,0.408,300.520,2.117,10260,-18.979
RollerBallRayBrain,0.409,303.083,1.994,10322,-18.892
RollerBallRayBrain,0.410,305.738,2.053,10280,-18.771
RollerBallRayBrain,0.415,308.376,2.061,10286,-18.583
RollerBallRayBrain,0.412,311.043,2.090,10245,-18.416
RollerBallRayBrain,0.438,313.754,2.095,10321,-18.332
RollerBallRayBrain,0.419,316.419,2.085,10303,-18.260
RollerBallRayBrain,0.411,319.041,2.042,10293,-18.157
RollerBallRayBrain,0.464,321.780,2.087,10252,-18.062
RollerBallRayBrain,0.432,324.681,2.242,10269,-17.948
RollerBallRayBrain,0.431,327.476,2.169,10267,-17.824
RollerBallRayBrain,0.427,330.302,2.219,10245,-17.676
RollerBallRayBrain,0.421,332.952,2.055,10270,-17.537
RollerBallRayBrain,0.420,335.578,2.041,10263,-17.432
RollerBallRayBrain,0.425,338.186,2.016,10359,-17.343
RollerBallRayBrain,0.414,340.904,2.138,10295,-17.276
RollerBallRayBrain,0.417,343.569,2.034,10287,-17.157
