Brain name,Time to update policy,Time since start of training,Time for last experience collection,Number of experiences used for training,Mean return
RollerBallRayBrain,0.468,4.346,2.420,10488,0.170
RollerBallRayBrain,0.450,6.976,2.022,10659,-28.105
RollerBallRayBrain,0.445,9.425,1.833,10546,-26.451
RollerBallRayBrain,0.449,12.046,1.997,10856,-28.237
RollerBallRayBrain,0.445,14.522,1.876,10467,-27.669
RollerBallRayBrain,0.445,17.155,2.024,10929,-28.989
RollerBallRayBrain,0.448,19.767,2.007,10937,-29.349
RollerBallRayBrain,0.424,22.241,1.877,10434,-29.313
RollerBallRayBrain,0.418,24.768,1.945,10289,-29.175
RollerBallRayBrain,0.420,27.168,1.836,10247,-29.164
RollerBallRayBrain,0.425,29.665,1.913,10299,-28.945
RollerBallRayBrain,0.414,32.165,1.934,10293,-29.094
RollerBallRayBrain,0.411,34.660,1.937,10276,-29.124
RollerBallRayBrain,0.411,37.036,1.811,10332,-29.045
RollerBallRayBrain,0.408,39.519,1.920,10362,-29.120
RollerBallRayBrain,0.415,42.027,1.942,10246,-29.360
RollerBallRayBrain,0.413,44.493,1.894,10275,-29.287
RollerBallRayBrain,0.414,46.922,1.848,10279,-29.354
RollerBallRayBrain,0.411,49.420,1.926,10275,-29.265
RollerBallRayBrain,0.408,51.888,1.900,10277,-29.130
RollerBallRayBrain,0.407,54.337,1.877,10255,-29.248
RollerBallRayBrain,0.415,56.758,1.851,10364,-29.400
RollerBallRayBrain,0.412,59.264,1.949,10291,-29.321
RollerBallRayBrain,0.405,61.729,1.894,10315,-29.468
RollerBallRayBrain,0.420,64.205,1.894,10250,-29.603
RollerBallRayBrain,0.412,66.636,1.869,10265,-29.733
RollerBallRayBrain,0.418,69.092,1.881,10265,-29.837
RollerBallRayBrain,0.405,71.543,1.886,10262,-29.904
RollerBallRayBrain,0.413,73.983,1.872,10340,-29.848
RollerBallRayBrain,0.418,76.480,1.907,10331,-29.958
RollerBallRayBrain,0.411,78.942,1.880,10282,-30.067
RollerBallRayBrain,0.414,81.368,1.838,10250,-30.124
RollerBallRayBrain,0.406,83.818,1.891,10275,-30.189
RollerBallRayBrain,0.410,86.275,1.889,10370,-30.156
RollerBallRayBrain,0.411,88.767,1.919,10263,-30.159
RollerBallRayBrain,0.418,91.198,1.859,10265,-30.179
RollerBallRayBrain,0.406,93.671,1.894,10361,-30.261
RollerBallRayBrain,0.413,96.119,1.866,10258,-30.295
RollerBallRayBrain,0.401,98.540,1.869,10283,-30.355
RollerBallRayBrain,0.403,100.970,1.893,10291,-30.392
RollerBallRayBrain,0.408,103.418,1.874,10283,-30.447
RollerBallRayBrain,0.409,105.901,1.912,10246,-30.481
RollerBallRayBrain,0.415,108.383,1.904,10250,-30.540
RollerBallRayBrain,0.411,110.766,1.820,10252,-30.520
RollerBallRayBrain,0.422,113.265,1.918,10266,-30.579
RollerBallRayBrain,0.416,115.706,1.856,10315,-30.513
RollerBallRayBrain,0.411,118.140,1.857,10284,-30.541
RollerBallRayBrain,0.413,120.596,1.856,10307,-30.547
RollerBallRayBrain,0.405,123.104,1.933,10420,-30.573
RollerBallRayBrain,0.406,125.568,1.883,10299,-30.619
RollerBallRayBrain,0.409,127.987,1.845,10282,-30.673
RollerBallRayBrain,0.410,130.455,1.900,10289,-30.674
RollerBallRayBrain,0.406,132.898,1.874,10271,-30.680
RollerBallRayBrain,0.411,135.367,1.889,10261,-30.696
RollerBallRayBrain,0.412,137.774,1.850,10256,-30.701
RollerBallRayBrain,0.416,140.255,1.883,10267,-30.719
RollerBallRayBrain,0.408,142.719,1.895,10285,-30.726
RollerBallRayBrain,0.407,145.135,1.844,10270,-30.723
RollerBallRayBrain,0.412,147.615,1.908,10282,-30.768
RollerBallRayBrain,0.410,150.041,1.852,10341,-30.765
RollerBallRayBrain,0.406,152.495,1.899,10249,-30.813
RollerBallRayBrain,0.412,154.907,1.841,10258,-30.814
RollerBallRayBrain,0.411,157.396,1.907,10304,-30.803
RollerBallRayBrain,0.414,159.841,1.859,10305,-30.776
RollerBallRayBrain,0.406,162.302,1.900,10298,-30.802
RollerBallRayBrain,0.415,164.756,1.888,10282,-30.841
RollerBallRayBrain,0.408,167.162,1.839,10303,-30.839
RollerBallRayBrain,0.417,169.643,1.892,10298,-30.878
RollerBallRayBrain,0.417,172.085,1.888,10250,-30.910
RollerBallRayBrain,0.416,174.574,1.910,10366,-30.920
RollerBallRayBrain,0.410,177.001,1.857,10358,-30.883
RollerBallRayBrain,0.426,179.473,1.880,10267,-30.855
RollerBallRayBrain,0.406,181.937,1.898,10256,-30.838
RollerBallRayBrain,0.408,184.394,1.886,10249,-30.753
RollerBallRayBrain,0.407,186.824,1.856,10311,-30.747
RollerBallRayBrain,0.407,189.297,1.922,10300,-30.698
RollerBallRayBrain,0.412,191.777,1.919,10249,-30.643
RollerBallRayBrain,0.415,194.190,1.850,10266,-30.549
RollerBallRayBrain,0.412,196.682,1.917,10265,-30.492
RollerBallRayBrain,0.411,199.141,1.887,10277,-30.419
RollerBallRayBrain,0.415,201.604,1.895,10349,-30.414
RollerBallRayBrain,0.414,204.024,1.846,10276,-30.369
RollerBallRayBrain,0.409,206.487,1.902,10331,-30.388
RollerBallRayBrain,0.408,208.924,1.877,10256,-30.334
RollerBallRayBrain,0.413,211.357,1.883,10303,-30.311
RollerBallRayBrain,0.413,213.808,1.874,10286,-30.266
RollerBallRayBrain,0.420,216.257,1.856,10252,-30.210
RollerBallRayBrain,0.403,218.698,1.887,10345,-30.222
RollerBallRayBrain,0.412,221.188,1.911,10459,-30.224
RollerBallRayBrain,0.410,223.672,1.922,10289,-30.207
RollerBallRayBrain,0.410,226.071,1.854,10265,-30.144
RollerBallRayBrain,0.405,228.481,1.850,10336,-30.106
RollerBallRayBrain,0.405,230.960,1.920,10269,-30.052
RollerBallRayBrain,0.404,233.368,1.850,10256,-30.047
RollerBallRayBrain,0.412,235.829,1.902,10278,-30.019
RollerBallRayBrain,0.406,238.249,1.860,10337,-29.983
RollerBallRayBrain,0.409,240.805,1.971,10280,-29.860
RollerBallRayBrain,0.401,243.199,1.816,10337,-29.854
RollerBallRayBrain,0.407,245.648,1.887,10264,-29.874
RollerBallRayBrain,0.405,248.100,1.909,10301,-29.841
RollerBallRayBrain,0.400,250.508,1.855,10265,-29.854
RollerBallRayBrain,0.404,252.955,1.887,10328,-29.877
RollerBallRayBrain,0.403,255.358,1.861,10293,-29.838
RollerBallRayBrain,0.404,257.829,1.899,10262,-29.836
RollerBallRayBrain,0.408,260.225,1.849,10337,-29.788
RollerBallRayBrain,0.410,262.730,1.930,10348,-29.715
RollerBallRayBrain,0.405,265.190,1.886,10289,-29.691
RollerBallRayBrain,0.404,267.628,1.866,10280,-29.646
RollerBallRayBrain,0.412,270.094,1.902,10258,-29.607
RollerBallRayBrain,0.415,272.517,1.846,10248,-29.525
RollerBallRayBrain,0.415,275.029,1.933,10343,-29.516
RollerBallRayBrain,0.408,277.481,1.888,10339,-29.510
RollerBallRayBrain,0.407,280.052,1.979,10294,-29.479
RollerBallRayBrain,0.561,282.765,1.971,10292,-29.464
RollerBallRayBrain,0.407,285.626,2.223,10241,-29.455
RollerBallRayBrain,0.405,288.067,1.872,10364,-29.425
RollerBallRayBrain,0.409,290.458,1.826,10265,-29.463
RollerBallRayBrain,0.403,292.918,1.893,10313,-29.463
RollerBallRayBrain,0.407,295.440,1.941,10275,-29.419
RollerBallRayBrain,0.406,297.921,1.902,10276,-29.345
RollerBallRayBrain,0.402,300.363,1.890,10257,-29.285
RollerBallRayBrain,0.405,302.824,1.883,10252,-29.306
RollerBallRayBrain,0.408,305.285,1.876,10261,-29.268
RollerBallRayBrain,0.401,307.634,1.803,10263,-29.254
RollerBallRayBrain,0.406,310.096,1.892,10298,-29.241
RollerBallRayBrain,0.404,312.602,1.951,10261,-29.170
RollerBallRayBrain,0.404,315.042,1.885,10285,-29.165
RollerBallRayBrain,0.411,317.460,1.843,10293,-29.160
RollerBallRayBrain,0.405,319.903,1.866,10261,-29.140
RollerBallRayBrain,0.408,322.403,1.944,10247,-29.086
