Brain name,Time to update policy,Time since start of training,Time for last experience collection,Number of experiences used for training,Mean return
RollerBallRayBrain,0.469,4.285,2.419,10530,nan
RollerBallRayBrain,0.459,6.896,1.987,10959,-32.030
RollerBallRayBrain,0.443,9.335,1.845,10518,-31.682
RollerBallRayBrain,0.450,11.948,1.999,10851,-31.904
RollerBallRayBrain,0.442,14.394,1.848,10574,-31.476
RollerBallRayBrain,0.443,17.003,2.024,10802,-30.948
RollerBallRayBrain,0.442,19.614,2.004,10914,-31.452
RollerBallRayBrain,0.419,22.068,1.887,10516,-30.981
RollerBallRayBrain,0.422,24.668,2.013,10925,-31.006
RollerBallRayBrain,0.422,27.119,1.889,10541,-31.008
RollerBallRayBrain,0.428,29.746,2.031,10898,-30.784
RollerBallRayBrain,0.414,32.355,2.027,10752,-30.694
RollerBallRayBrain,0.421,34.844,1.915,10586,-30.375
RollerBallRayBrain,0.409,37.375,1.974,10283,-30.472
RollerBallRayBrain,0.404,39.814,1.873,10291,-30.123
RollerBallRayBrain,0.411,42.192,1.821,10288,-30.156
RollerBallRayBrain,0.412,44.681,1.914,10296,-30.032
RollerBallRayBrain,0.425,47.179,1.923,10293,-30.018
RollerBallRayBrain,0.417,49.610,1.851,10297,-30.081
RollerBallRayBrain,0.421,52.191,1.983,10259,-29.769
RollerBallRayBrain,0.417,54.710,1.934,10291,-29.796
RollerBallRayBrain,0.413,57.167,1.898,10268,-29.529
RollerBallRayBrain,0.413,59.591,1.859,10270,-29.472
RollerBallRayBrain,0.411,62.078,1.917,10290,-29.451
RollerBallRayBrain,0.409,64.541,1.890,10311,-29.155
RollerBallRayBrain,0.412,67.025,1.899,10244,-28.979
RollerBallRayBrain,0.414,69.494,1.883,10341,-28.744
RollerBallRayBrain,0.408,71.944,1.881,10265,-28.697
RollerBallRayBrain,0.406,74.413,1.918,10297,-28.782
RollerBallRayBrain,0.406,76.863,1.883,10294,-28.584
RollerBallRayBrain,0.407,79.340,1.921,10341,-28.497
RollerBallRayBrain,0.409,81.806,1.915,10293,-28.486
RollerBallRayBrain,0.416,84.263,1.882,10255,-28.292
RollerBallRayBrain,0.412,86.714,1.876,10252,-28.109
RollerBallRayBrain,0.412,89.199,1.911,10289,-27.963
RollerBallRayBrain,0.416,91.704,1.924,10351,-27.899
RollerBallRayBrain,0.414,94.187,1.905,10312,-27.738
RollerBallRayBrain,0.422,96.824,2.045,10300,-27.575
RollerBallRayBrain,0.413,99.362,1.954,10275,-27.355
RollerBallRayBrain,0.422,101.881,1.918,10284,-27.394
RollerBallRayBrain,0.430,104.457,1.987,10294,-27.094
RollerBallRayBrain,0.458,107.145,2.072,10259,-26.950
RollerBallRayBrain,0.412,109.652,1.937,10256,-26.750
RollerBallRayBrain,0.406,112.117,1.918,10296,-26.654
RollerBallRayBrain,0.412,114.588,1.916,10262,-26.489
RollerBallRayBrain,0.410,117.110,1.957,10247,-26.211
RollerBallRayBrain,0.413,119.569,1.889,10282,-25.999
RollerBallRayBrain,0.411,122.114,1.969,10271,-25.674
RollerBallRayBrain,0.439,124.796,2.084,10299,-25.457
RollerBallRayBrain,0.411,127.526,2.105,10268,-25.088
RollerBallRayBrain,0.485,130.286,2.093,10282,-24.864
RollerBallRayBrain,0.463,132.969,2.040,10252,-24.519
RollerBallRayBrain,0.417,135.766,2.183,10255,-24.232
RollerBallRayBrain,0.423,138.357,2.009,10253,-23.892
RollerBallRayBrain,0.417,140.893,1.965,10339,-23.757
RollerBallRayBrain,0.423,143.474,1.999,10283,-23.451
RollerBallRayBrain,0.416,145.972,1.930,10255,-23.197
RollerBallRayBrain,0.411,148.492,1.948,10288,-23.023
RollerBallRayBrain,0.437,151.109,2.016,10270,-22.614
RollerBallRayBrain,0.420,153.739,2.046,10271,-22.247
RollerBallRayBrain,0.414,156.440,2.104,10277,-21.935
RollerBallRayBrain,0.421,159.091,2.077,10277,-21.513
RollerBallRayBrain,0.426,161.680,1.987,10316,-21.237
RollerBallRayBrain,0.417,164.234,1.989,10305,-21.079
RollerBallRayBrain,0.417,166.828,2.005,10319,-20.734
RollerBallRayBrain,0.411,169.388,1.991,10249,-20.384
RollerBallRayBrain,0.416,172.059,2.091,10282,-19.941
RollerBallRayBrain,0.419,174.662,2.030,10299,-19.581
RollerBallRayBrain,0.416,177.279,2.032,10294,-19.287
RollerBallRayBrain,0.412,179.917,2.067,10244,-18.919
RollerBallRayBrain,0.417,182.559,2.050,10320,-18.645
RollerBallRayBrain,0.426,185.228,2.091,10286,-18.298
RollerBallRayBrain,0.416,187.906,2.076,10300,-18.012
RollerBallRayBrain,0.449,190.703,2.168,10281,-17.744
RollerBallRayBrain,0.412,193.336,2.079,10285,-17.520
RollerBallRayBrain,0.432,195.959,2.017,10354,-17.349
RollerBallRayBrain,0.422,198.639,2.092,10257,-17.119
RollerBallRayBrain,0.420,201.289,2.058,10242,-16.853
RollerBallRayBrain,0.417,204.032,2.138,10258,-16.633
RollerBallRayBrain,0.431,206.814,2.165,10443,-16.380
RollerBallRayBrain,0.413,209.498,2.109,10298,-16.247
RollerBallRayBrain,0.421,212.222,2.144,10343,-15.983
RollerBallRayBrain,0.603,215.390,2.351,10269,-15.703
RollerBallRayBrain,0.414,218.054,2.067,10249,-15.578
RollerBallRayBrain,0.422,220.876,2.198,10370,-15.382
RollerBallRayBrain,0.424,223.540,2.082,10258,-15.174
RollerBallRayBrain,0.414,226.063,1.946,10279,-15.119
RollerBallRayBrain,0.415,228.772,2.129,10357,-14.941
RollerBallRayBrain,0.435,231.470,2.090,10244,-14.793
RollerBallRayBrain,0.421,234.127,2.082,10282,-14.703
RollerBallRayBrain,0.415,236.767,2.068,10261,-14.565
RollerBallRayBrain,0.411,239.313,1.990,10253,-14.472
RollerBallRayBrain,0.422,242.008,2.109,10290,-14.316
RollerBallRayBrain,0.422,244.671,2.076,10269,-14.170
RollerBallRayBrain,0.427,247.319,2.065,10360,-14.059
RollerBallRayBrain,0.435,249.960,2.039,10243,-13.955
RollerBallRayBrain,0.442,252.671,2.102,10329,-13.820
RollerBallRayBrain,0.432,255.350,2.076,10275,-13.672
RollerBallRayBrain,0.417,258.073,2.132,10243,-13.554
RollerBallRayBrain,0.421,260.728,2.073,10241,-13.460
RollerBallRayBrain,0.417,263.382,2.096,10250,-13.352
RollerBallRayBrain,0.421,266.162,2.179,10307,-13.214
RollerBallRayBrain,0.418,268.923,2.144,10279,-13.122
RollerBallRayBrain,0.411,271.585,2.095,10248,-13.026
RollerBallRayBrain,0.427,274.251,2.064,10253,-12.966
RollerBallRayBrain,0.412,276.998,2.182,10292,-12.860
RollerBallRayBrain,0.419,279.607,2.036,10288,-12.806
RollerBallRayBrain,0.411,282.331,2.142,10253,-12.708
RollerBallRayBrain,0.407,285.028,2.143,10245,-12.576
RollerBallRayBrain,0.424,287.682,2.064,10278,-12.475
RollerBallRayBrain,0.409,290.277,2.028,10266,-12.409
RollerBallRayBrain,0.422,292.935,2.082,10285,-12.360
RollerBallRayBrain,0.414,295.666,2.142,10293,-12.259
RollerBallRayBrain,0.415,298.348,2.098,10267,-12.178
RollerBallRayBrain,0.434,301.046,2.099,10275,-12.107
RollerBallRayBrain,0.413,303.648,2.047,10372,-12.070
RollerBallRayBrain,0.422,306.422,2.158,10249,-12.012
RollerBallRayBrain,0.413,309.230,2.211,10255,-11.940
RollerBallRayBrain,0.426,311.902,2.107,10257,-11.851
RollerBallRayBrain,0.420,314.577,2.090,10254,-11.792
RollerBallRayBrain,0.418,317.234,2.065,10282,-11.779
RollerBallRayBrain,0.449,319.976,2.112,10244,-11.711
RollerBallRayBrain,0.695,323.034,2.179,10258,-11.608
RollerBallRayBrain,0.425,325.861,2.214,10310,-11.546
RollerBallRayBrain,0.432,328.630,2.160,10311,-11.471
RollerBallRayBrain,0.459,331.461,2.182,10305,-11.397
RollerBallRayBrain,0.430,334.269,2.172,10252,-11.349
RollerBallRayBrain,0.427,337.041,2.178,10343,-11.294
RollerBallRayBrain,0.560,340.090,2.323,10290,-11.183
RollerBallRayBrain,0.452,343.064,2.316,10262,-11.125
