Brain name,Time to update policy,Time since start of training,Time for last experience collection,Number of experiences used for training,Mean return
RollerBallRayBrain,2.354,14.137,9.765,50058,-29.760
RollerBallRayBrain,2.334,26.278,9.027,50117,-30.893
RollerBallRayBrain,2.346,38.645,9.281,50260,-31.269
RollerBallRayBrain,2.381,51.048,9.220,50285,-31.305
RollerBallRayBrain,2.351,63.313,9.148,50060,-31.050
RollerBallRayBrain,2.375,75.728,9.296,50244,-31.079
RollerBallRayBrain,2.352,88.138,9.291,50441,-31.341
RollerBallRayBrain,2.393,100.618,9.319,50309,-31.408
RollerBallRayBrain,2.352,112.999,9.266,50032,-31.487
RollerBallRayBrain,2.341,125.360,9.259,50054,-31.428
RollerBallRayBrain,2.344,137.720,9.253,50053,-31.435
RollerBallRayBrain,2.350,150.057,9.245,50080,-31.465
RollerBallRayBrain,2.364,162.410,9.225,50048,-31.489
RollerBallRayBrain,2.350,174.832,9.281,50071,-31.435
RollerBallRayBrain,2.344,187.161,9.222,50166,-31.438
RollerBallRayBrain,2.407,199.611,9.294,50114,-31.452
RollerBallRayBrain,2.351,211.960,9.216,50011,-31.425
RollerBallRayBrain,2.348,224.313,9.202,50192,-31.449
RollerBallRayBrain,2.337,236.692,9.320,50015,-31.319
RollerBallRayBrain,2.371,249.002,9.150,50056,-31.283
RollerBallRayBrain,2.343,261.412,9.289,50044,-31.224
RollerBallRayBrain,2.370,273.804,9.272,50048,-31.191
RollerBallRayBrain,2.368,286.137,9.206,50057,-31.160
RollerBallRayBrain,2.354,298.462,9.221,50037,-31.045
RollerBallRayBrain,2.375,310.834,9.252,50012,-30.973
RollerBallRayBrain,2.363,323.245,9.270,50036,-30.900
