Brain name,Time to update policy,Time since start of training,Time for last experience collection,Number of experiences used for training,Mean return
RollerBallRayBrain,0.689,5.594,3.403,15731,1.000
RollerBallRayBrain,0.674,9.494,2.962,16041,-29.303
RollerBallRayBrain,0.675,13.337,2.960,16164,-30.308
RollerBallRayBrain,0.678,17.264,3.010,16156,-30.617
RollerBallRayBrain,0.637,20.972,2.833,15024,-30.614
RollerBallRayBrain,0.634,24.602,2.806,15451,-30.414
RollerBallRayBrain,0.620,28.215,2.764,15025,-30.420
RollerBallRayBrain,0.653,31.973,2.871,15175,-30.304
RollerBallRayBrain,0.607,35.782,2.983,15018,-30.443
RollerBallRayBrain,0.659,39.676,3.007,15048,-30.541
RollerBallRayBrain,0.639,43.560,2.970,15115,-30.618
RollerBallRayBrain,0.593,47.321,2.905,15009,-30.839
RollerBallRayBrain,0.636,51.040,2.875,15011,-30.967
RollerBallRayBrain,0.620,54.731,2.821,15045,-30.979
RollerBallRayBrain,0.591,58.396,2.842,15057,-31.158
RollerBallRayBrain,0.601,62.003,2.798,15280,-31.170
RollerBallRayBrain,0.599,65.599,2.776,15048,-31.184
RollerBallRayBrain,0.602,69.227,2.799,15066,-31.119
RollerBallRayBrain,0.611,72.889,2.795,15044,-31.187
RollerBallRayBrain,0.607,76.644,2.908,15044,-31.196
RollerBallRayBrain,0.610,80.361,2.875,15269,-31.170
RollerBallRayBrain,0.610,84.142,2.925,15038,-31.119
RollerBallRayBrain,0.614,88.017,3.014,15031,-31.166
RollerBallRayBrain,0.606,91.727,2.833,15129,-31.207
RollerBallRayBrain,0.599,95.336,2.771,15003,-31.166
RollerBallRayBrain,0.607,99.046,2.868,15064,-31.154
RollerBallRayBrain,0.619,102.849,2.928,15044,-31.038
RollerBallRayBrain,0.610,106.704,2.972,15012,-30.980
RollerBallRayBrain,0.621,110.450,2.885,15041,-30.881
RollerBallRayBrain,0.618,114.301,2.977,15002,-30.756
RollerBallRayBrain,0.609,118.128,2.957,15021,-30.716
RollerBallRayBrain,0.616,121.794,2.813,15037,-30.654
RollerBallRayBrain,0.603,125.512,2.868,15026,-30.507
RollerBallRayBrain,0.602,129.230,2.860,15014,-30.490
RollerBallRayBrain,0.610,132.900,2.820,15005,-30.429
RollerBallRayBrain,0.604,136.567,2.820,15023,-30.368
RollerBallRayBrain,0.606,140.367,2.926,15050,-30.356
RollerBallRayBrain,0.622,144.083,2.849,15130,-30.273
RollerBallRayBrain,0.603,147.912,2.957,15056,-30.148
RollerBallRayBrain,0.601,151.620,2.874,15060,-29.960
RollerBallRayBrain,0.599,155.325,2.849,15065,-29.908
RollerBallRayBrain,0.651,159.175,2.919,15081,-29.769
RollerBallRayBrain,0.644,162.990,2.900,15132,-29.541
RollerBallRayBrain,0.642,166.927,3.019,15038,-29.403
RollerBallRayBrain,0.598,170.688,2.921,15013,-29.290
RollerBallRayBrain,0.631,174.584,3.005,15017,-28.968
RollerBallRayBrain,0.711,178.769,3.171,15077,-28.672
RollerBallRayBrain,0.620,182.522,2.895,15007,-28.693
RollerBallRayBrain,0.674,186.553,3.086,15024,-28.545
RollerBallRayBrain,0.687,190.752,3.209,15024,-28.442
RollerBallRayBrain,0.632,194.842,3.169,15039,-28.354
RollerBallRayBrain,0.600,198.907,3.173,15107,-28.208
RollerBallRayBrain,0.642,202.676,2.874,15055,-28.239
RollerBallRayBrain,0.779,206.874,3.111,15045,-28.107
RollerBallRayBrain,0.733,211.532,3.628,15077,-27.981
RollerBallRayBrain,0.591,215.316,2.922,15037,-27.897
RollerBallRayBrain,0.623,219.049,2.862,15040,-27.841
RollerBallRayBrain,0.599,222.852,2.934,15001,-27.770
RollerBallRayBrain,0.642,227.116,3.292,15035,-27.688
RollerBallRayBrain,0.604,230.913,2.931,15064,-27.586
RollerBallRayBrain,0.606,234.675,2.895,15013,-27.499
RollerBallRayBrain,0.671,238.786,3.132,15015,-27.406
RollerBallRayBrain,0.644,242.734,3.044,15036,-27.344
RollerBallRayBrain,0.622,246.501,2.901,15124,-27.237
RollerBallRayBrain,0.608,250.279,2.907,15062,-27.133
RollerBallRayBrain,0.610,254.064,2.914,15015,-26.976
RollerBallRayBrain,0.607,258.103,3.150,15062,-26.780
RollerBallRayBrain,0.627,261.925,2.946,15030,-26.758
RollerBallRayBrain,0.608,265.775,2.992,15049,-26.685
RollerBallRayBrain,0.651,269.981,3.235,15001,-26.595
RollerBallRayBrain,0.635,273.910,2.999,15004,-26.517
RollerBallRayBrain,0.598,277.633,2.884,15014,-26.321
RollerBallRayBrain,0.622,281.377,2.885,15014,-26.104
RollerBallRayBrain,0.634,285.182,2.912,15027,-25.992
RollerBallRayBrain,0.622,289.048,2.973,15048,-25.953
RollerBallRayBrain,0.613,292.797,2.906,15083,-25.895
RollerBallRayBrain,0.609,296.562,2.894,15041,-25.804
RollerBallRayBrain,0.600,300.273,2.855,15069,-25.702
RollerBallRayBrain,0.601,303.925,2.820,15006,-25.633
RollerBallRayBrain,0.595,307.627,2.883,15121,-25.513
RollerBallRayBrain,0.610,311.444,2.938,15026,-25.407
RollerBallRayBrain,0.607,315.309,2.968,15119,-25.275
RollerBallRayBrain,0.598,319.065,2.911,15029,-25.160
RollerBallRayBrain,0.653,323.309,3.262,15016,-25.008
RollerBallRayBrain,0.793,327.350,2.990,15012,-24.836
RollerBallRayBrain,0.616,331.103,2.870,15063,-24.761
RollerBallRayBrain,0.609,334.966,2.976,15068,-24.704
RollerBallRayBrain,0.593,338.670,2.871,15048,-24.617
RollerBallRayBrain,0.609,342.367,2.845,15011,-24.518
