Brain name,Time to update policy,Time since start of training,Time for last experience collection,Number of experiences used for training,Mean return
RollerBallRayBrain,0.129,2.328,0.928,1755,nan
RollerBallRayBrain,0.102,2.766,0.315,1755,nan
RollerBallRayBrain,0.102,3.209,0.319,1733,-7.600
RollerBallRayBrain,0.102,3.647,0.311,1755,-7.600
RollerBallRayBrain,0.104,4.092,0.312,1755,-7.600
RollerBallRayBrain,0.102,4.534,0.315,1755,-7.600
RollerBallRayBrain,0.102,4.978,0.313,1755,-7.600
RollerBallRayBrain,0.102,5.415,0.308,1755,-7.600
RollerBallRayBrain,0.099,5.859,0.319,1685,-20.167
RollerBallRayBrain,0.102,6.297,0.307,1755,-20.167
RollerBallRayBrain,0.131,6.921,0.463,2163,-31.885
RollerBallRayBrain,0.104,7.367,0.314,1755,-31.885
RollerBallRayBrain,0.103,7.825,0.332,1708,-31.026
RollerBallRayBrain,0.104,8.278,0.322,1755,-31.026
RollerBallRayBrain,0.101,8.724,0.327,1755,-31.026
RollerBallRayBrain,0.102,9.169,0.317,1755,-31.026
RollerBallRayBrain,0.103,9.603,0.312,1755,-31.026
RollerBallRayBrain,0.103,10.041,0.315,1755,-31.026
RollerBallRayBrain,0.101,10.495,0.322,1722,-31.173
RollerBallRayBrain,0.106,10.940,0.318,1755,-31.173
RollerBallRayBrain,0.126,11.554,0.447,2177,-31.525
RollerBallRayBrain,0.103,12.003,0.322,1755,-31.525
RollerBallRayBrain,0.103,12.453,0.319,1722,-31.588
RollerBallRayBrain,0.106,12.899,0.318,1755,-31.588
RollerBallRayBrain,0.102,13.338,0.306,1755,-31.588
RollerBallRayBrain,0.103,13.789,0.319,1755,-31.588
RollerBallRayBrain,0.102,14.229,0.312,1755,-31.588
RollerBallRayBrain,0.103,14.669,0.315,1755,-31.588
RollerBallRayBrain,0.101,15.117,0.318,1722,-31.646
RollerBallRayBrain,0.102,15.559,0.309,1755,-31.646
RollerBallRayBrain,0.131,16.186,0.455,2225,-31.733
RollerBallRayBrain,0.105,16.629,0.305,1755,-31.733
RollerBallRayBrain,0.101,17.079,0.322,1722,-31.769
RollerBallRayBrain,0.102,17.522,0.314,1755,-31.769
RollerBallRayBrain,0.102,17.963,0.318,1755,-31.769
RollerBallRayBrain,0.104,18.407,0.316,1730,-31.600
RollerBallRayBrain,0.102,18.845,0.313,1755,-31.600
RollerBallRayBrain,0.098,19.286,0.308,1691,-31.487
RollerBallRayBrain,0.105,19.747,0.330,1759,-31.186
RollerBallRayBrain,0.102,20.187,0.312,1755,-31.186
RollerBallRayBrain,0.060,20.642,0.364,1035,-31.570
RollerBallRayBrain,0.068,20.801,0.086,1171,-31.317
RollerBallRayBrain,0.103,21.246,0.316,1755,-31.317
RollerBallRayBrain,0.103,21.696,0.322,1722,-31.352
RollerBallRayBrain,0.102,22.142,0.313,1736,-31.147
RollerBallRayBrain,0.106,22.594,0.319,1740,-31.003
RollerBallRayBrain,0.102,23.056,0.332,1705,-30.445
RollerBallRayBrain,0.104,23.497,0.303,1755,-30.445
RollerBallRayBrain,0.106,23.944,0.318,1706,-30.468
RollerBallRayBrain,0.061,24.313,0.283,1007,-30.514
RollerBallRayBrain,0.062,24.437,0.057,1040,-30.514
RollerBallRayBrain,0.085,24.839,0.295,1495,-30.514
RollerBallRayBrain,0.060,25.205,0.285,1039,-30.580
RollerBallRayBrain,0.065,25.433,0.154,1072,-30.619
RollerBallRayBrain,0.063,25.782,0.261,1014,-30.524
RollerBallRayBrain,0.061,25.999,0.145,1056,-30.543
RollerBallRayBrain,0.085,26.337,0.240,1417,-30.357
RollerBallRayBrain,0.061,26.689,0.271,1050,-30.272
RollerBallRayBrain,0.061,26.910,0.148,1040,-30.272
RollerBallRayBrain,0.084,27.232,0.216,1430,-30.272
RollerBallRayBrain,0.061,27.576,0.266,1039,-30.352
RollerBallRayBrain,0.062,27.811,0.157,1040,-30.352
RollerBallRayBrain,0.085,28.138,0.228,1495,-30.352
RollerBallRayBrain,0.108,28.590,0.315,1706,-30.371
RollerBallRayBrain,0.060,28.943,0.264,1056,-30.391
RollerBallRayBrain,0.061,29.163,0.147,1040,-30.391
RollerBallRayBrain,0.088,29.487,0.216,1447,-30.276
RollerBallRayBrain,0.060,29.840,0.272,1053,-30.512
RollerBallRayBrain,0.060,30.088,0.174,1023,-30.561
RollerBallRayBrain,0.063,30.436,0.263,1056,-30.577
RollerBallRayBrain,0.060,30.642,0.135,1040,-30.577
RollerBallRayBrain,0.084,30.983,0.238,1397,-30.608
RollerBallRayBrain,0.059,31.304,0.245,1007,-30.639
RollerBallRayBrain,0.061,31.534,0.154,1040,-30.639
RollerBallRayBrain,0.093,31.886,0.239,1528,-30.487
RollerBallRayBrain,0.060,32.225,0.250,1010,-30.525
RollerBallRayBrain,0.062,32.443,0.144,1040,-30.525
RollerBallRayBrain,0.086,32.782,0.230,1495,-30.525
RollerBallRayBrain,0.059,33.133,0.268,1056,-30.540
RollerBallRayBrain,0.059,33.379,0.169,1040,-30.540
RollerBallRayBrain,0.079,33.675,0.204,1349,-30.534
RollerBallRayBrain,0.059,33.973,0.216,1002,-30.521
RollerBallRayBrain,0.062,34.247,0.195,1099,-30.528
RollerBallRayBrain,0.061,34.526,0.204,1039,-30.585
RollerBallRayBrain,0.061,34.823,0.218,1035,-30.487
RollerBallRayBrain,0.078,35.167,0.244,1353,-30.333
RollerBallRayBrain,0.061,35.421,0.185,1030,-30.225
RollerBallRayBrain,0.062,35.709,0.214,1007,-30.255
RollerBallRayBrain,0.061,35.995,0.212,1056,-30.269
RollerBallRayBrain,0.060,36.226,0.162,1008,-29.907
RollerBallRayBrain,0.066,36.520,0.208,1105,-29.907
RollerBallRayBrain,0.062,36.779,0.181,1004,-29.796
RollerBallRayBrain,0.061,37.017,0.165,1024,-29.691
RollerBallRayBrain,0.061,37.351,0.249,1040,-29.691
RollerBallRayBrain,0.061,37.564,0.140,1073,-29.674
RollerBallRayBrain,0.066,37.883,0.233,1091,-29.649
RollerBallRayBrain,0.061,38.137,0.179,1056,-29.666
RollerBallRayBrain,0.061,38.370,0.163,1056,-29.683
RollerBallRayBrain,0.061,38.711,0.262,1057,-29.632
RollerBallRayBrain,0.061,38.940,0.156,1054,-29.485
RollerBallRayBrain,0.058,39.265,0.243,1007,-29.518
RollerBallRayBrain,0.062,39.507,0.171,1039,-29.582
RollerBallRayBrain,0.072,39.839,0.237,1251,-29.598
RollerBallRayBrain,0.061,40.123,0.208,1063,-29.514
RollerBallRayBrain,0.060,40.357,0.162,1022,-29.351
RollerBallRayBrain,0.069,40.665,0.217,1037,-29.292
RollerBallRayBrain,0.060,40.939,0.198,1016,-29.168
RollerBallRayBrain,0.060,41.214,0.199,1040,-29.059
RollerBallRayBrain,0.061,41.479,0.188,1035,-28.933
RollerBallRayBrain,0.061,41.739,0.184,1037,-28.824
RollerBallRayBrain,0.061,42.026,0.209,1055,-28.735
RollerBallRayBrain,0.060,42.261,0.161,1034,-28.734
RollerBallRayBrain,0.060,42.570,0.227,1047,-28.696
RollerBallRayBrain,0.061,42.816,0.171,1013,-28.552
RollerBallRayBrain,0.060,43.095,0.205,1079,-28.408
RollerBallRayBrain,0.066,43.377,0.201,1105,-28.408
RollerBallRayBrain,0.067,43.646,0.186,1121,-28.450
RollerBallRayBrain,0.061,43.995,0.263,1088,-28.504
RollerBallRayBrain,0.061,44.242,0.172,1019,-28.433
RollerBallRayBrain,0.067,44.542,0.210,1135,-28.343
RollerBallRayBrain,0.060,44.816,0.201,1059,-28.280
RollerBallRayBrain,0.062,45.094,0.201,1059,-28.174
RollerBallRayBrain,0.061,45.373,0.204,1019,-28.118
RollerBallRayBrain,0.060,45.617,0.176,1040,-28.118
RollerBallRayBrain,0.070,45.910,0.209,1108,-28.077
RollerBallRayBrain,0.059,46.210,0.217,1021,-28.049
RollerBallRayBrain,0.066,46.481,0.191,1034,-27.937
RollerBallRayBrain,0.061,46.763,0.199,1053,-27.870
RollerBallRayBrain,0.061,47.109,0.256,1063,-27.714
RollerBallRayBrain,0.060,47.293,0.117,1018,-27.706
RollerBallRayBrain,0.063,47.608,0.240,1023,-27.761
RollerBallRayBrain,0.060,47.842,0.162,1040,-27.761
RollerBallRayBrain,0.060,48.122,0.199,1040,-27.761
RollerBallRayBrain,0.060,48.382,0.187,1003,-27.622
RollerBallRayBrain,0.061,48.659,0.196,1098,-27.586
RollerBallRayBrain,0.063,48.977,0.236,1057,-27.557
RollerBallRayBrain,0.063,49.217,0.164,1040,-27.557
RollerBallRayBrain,0.071,49.514,0.210,1065,-27.384
RollerBallRayBrain,0.062,49.771,0.175,1007,-27.421
RollerBallRayBrain,0.066,50.052,0.202,1103,-27.227
RollerBallRayBrain,0.060,50.348,0.225,1043,-27.220
RollerBallRayBrain,0.066,50.601,0.170,1120,-27.129
RollerBallRayBrain,0.062,50.922,0.232,1078,-27.011
RollerBallRayBrain,0.059,51.182,0.188,1007,-27.048
RollerBallRayBrain,0.063,51.444,0.185,1038,-26.933
RollerBallRayBrain,0.060,51.793,0.269,1008,-26.835
RollerBallRayBrain,0.062,51.986,0.125,1049,-26.793
RollerBallRayBrain,0.061,52.310,0.245,1016,-26.716
RollerBallRayBrain,0.062,52.513,0.133,1040,-26.716
RollerBallRayBrain,0.060,52.811,0.224,1040,-26.716
RollerBallRayBrain,0.060,53.059,0.178,1031,-26.736
RollerBallRayBrain,0.061,53.360,0.216,1056,-26.754
RollerBallRayBrain,0.059,53.643,0.215,1006,-26.717
RollerBallRayBrain,0.063,53.862,0.141,1051,-26.609
RollerBallRayBrain,0.061,54.170,0.223,1056,-26.627
RollerBallRayBrain,0.061,54.424,0.178,1056,-26.646
RollerBallRayBrain,0.060,54.695,0.195,1012,-26.620
RollerBallRayBrain,0.061,54.987,0.214,1034,-26.595
RollerBallRayBrain,0.062,55.219,0.158,1034,-26.606
RollerBallRayBrain,0.062,55.515,0.212,1078,-26.599
RollerBallRayBrain,0.059,55.790,0.199,1014,-26.546
RollerBallRayBrain,0.061,56.038,0.174,1040,-26.546
RollerBallRayBrain,0.061,56.328,0.208,1032,-26.371
RollerBallRayBrain,0.060,56.579,0.181,1040,-26.371
RollerBallRayBrain,0.065,56.879,0.213,1039,-26.443
RollerBallRayBrain,0.060,57.134,0.177,1043,-26.305
RollerBallRayBrain,0.061,57.429,0.213,1048,-26.244
RollerBallRayBrain,0.061,57.682,0.176,1053,-26.135
RollerBallRayBrain,0.062,57.969,0.209,1016,-26.087
RollerBallRayBrain,0.060,58.227,0.183,1024,-25.955
RollerBallRayBrain,0.060,58.522,0.216,1060,-25.835
RollerBallRayBrain,0.061,58.809,0.210,1020,-25.731
RollerBallRayBrain,0.060,59.074,0.187,1056,-25.750
RollerBallRayBrain,0.060,59.339,0.189,1061,-25.736
RollerBallRayBrain,0.061,59.610,0.192,1037,-25.645
RollerBallRayBrain,0.064,59.895,0.204,1007,-25.682
RollerBallRayBrain,0.062,60.170,0.197,1056,-25.700
RollerBallRayBrain,0.061,60.422,0.173,1056,-25.718
RollerBallRayBrain,0.060,60.677,0.180,1011,-25.657
RollerBallRayBrain,0.063,60.963,0.206,1072,-25.693
RollerBallRayBrain,0.060,61.210,0.173,1010,-25.642
RollerBallRayBrain,0.061,61.494,0.199,1007,-25.572
RollerBallRayBrain,0.063,61.759,0.184,1031,-25.500
RollerBallRayBrain,0.059,62.033,0.192,1007,-25.510
RollerBallRayBrain,0.066,62.316,0.203,1129,-25.479
RollerBallRayBrain,0.060,62.596,0.200,1019,-25.370
RollerBallRayBrain,0.060,62.842,0.168,1040,-25.370
RollerBallRayBrain,0.061,63.122,0.199,1029,-25.348
RollerBallRayBrain,0.061,63.394,0.187,1060,-25.307
RollerBallRayBrain,0.061,63.697,0.228,1056,-25.325
RollerBallRayBrain,0.060,63.929,0.163,1040,-25.325
RollerBallRayBrain,0.060,64.209,0.202,1008,-25.221
RollerBallRayBrain,0.062,64.473,0.187,1016,-25.205
RollerBallRayBrain,0.067,64.747,0.193,1105,-25.205
RollerBallRayBrain,0.067,65.056,0.222,1146,-25.204
RollerBallRayBrain,0.059,65.326,0.199,1014,-25.136
RollerBallRayBrain,0.060,65.569,0.169,1021,-25.113
RollerBallRayBrain,0.064,65.882,0.232,1034,-25.092
RollerBallRayBrain,0.061,66.112,0.157,1056,-25.110
RollerBallRayBrain,0.064,66.417,0.225,1014,-25.168
RollerBallRayBrain,0.060,66.655,0.165,1007,-25.202
RollerBallRayBrain,0.060,66.925,0.193,1032,-25.134
RollerBallRayBrain,0.060,67.224,0.220,1031,-25.129
RollerBallRayBrain,0.062,67.477,0.178,1056,-25.010
RollerBallRayBrain,0.060,67.742,0.189,1015,-24.994
RollerBallRayBrain,0.066,67.998,0.181,1047,-25.026
RollerBallRayBrain,0.060,68.286,0.212,1016,-24.959
RollerBallRayBrain,0.062,68.573,0.201,1040,-24.959
RollerBallRayBrain,0.064,68.836,0.187,1059,-24.973
RollerBallRayBrain,0.061,69.123,0.211,1053,-24.825
RollerBallRayBrain,0.061,69.391,0.192,1050,-24.730
RollerBallRayBrain,0.060,69.663,0.194,1025,-24.694
RollerBallRayBrain,0.061,69.943,0.198,1051,-24.688
RollerBallRayBrain,0.060,70.219,0.190,1008,-24.648
RollerBallRayBrain,0.063,70.496,0.194,1092,-24.572
RollerBallRayBrain,0.060,70.735,0.167,1029,-24.563
RollerBallRayBrain,0.060,71.074,0.263,1037,-24.523
RollerBallRayBrain,0.060,71.296,0.148,1046,-24.518
RollerBallRayBrain,0.061,71.574,0.199,1051,-24.447
RollerBallRayBrain,0.064,71.876,0.217,1064,-24.450
RollerBallRayBrain,0.060,72.114,0.167,1058,-24.396
RollerBallRayBrain,0.060,72.421,0.230,1012,-24.258
RollerBallRayBrain,0.063,72.668,0.166,1003,-24.124
RollerBallRayBrain,0.062,72.970,0.224,1047,-24.100
RollerBallRayBrain,0.061,73.258,0.215,1082,-23.989
RollerBallRayBrain,0.062,73.491,0.161,1030,-23.970
RollerBallRayBrain,0.068,73.814,0.239,1027,-23.950
RollerBallRayBrain,0.065,74.076,0.180,1121,-23.967
RollerBallRayBrain,0.061,74.359,0.203,1029,-23.957
RollerBallRayBrain,0.060,74.609,0.175,1017,-23.898
RollerBallRayBrain,0.065,74.910,0.218,1055,-23.884
RollerBallRayBrain,0.063,75.206,0.213,1039,-23.770
RollerBallRayBrain,0.061,75.452,0.175,1012,-23.766
RollerBallRayBrain,0.060,75.753,0.218,1013,-23.753
RollerBallRayBrain,0.063,75.980,0.148,1085,-23.733
RollerBallRayBrain,0.059,76.270,0.210,1024,-23.663
RollerBallRayBrain,0.062,76.529,0.178,1077,-23.583
RollerBallRayBrain,0.066,76.804,0.193,1105,-23.583
RollerBallRayBrain,0.058,77.128,0.243,1002,-23.519
RollerBallRayBrain,0.060,77.350,0.150,1062,-23.500
RollerBallRayBrain,0.060,77.669,0.243,1041,-23.393
RollerBallRayBrain,0.064,77.905,0.163,1063,-23.389
RollerBallRayBrain,0.065,78.213,0.225,1103,-23.335
RollerBallRayBrain,0.062,78.508,0.214,1074,-23.298
RollerBallRayBrain,0.063,78.767,0.185,1032,-23.273
RollerBallRayBrain,0.060,79.049,0.198,1035,-23.185
RollerBallRayBrain,0.062,79.303,0.179,1062,-23.150
RollerBallRayBrain,0.061,79.596,0.215,1088,-23.179
RollerBallRayBrain,0.064,79.875,0.199,1026,-23.104
RollerBallRayBrain,0.059,80.171,0.215,1030,-23.098
RollerBallRayBrain,0.061,80.389,0.143,1011,-23.065
RollerBallRayBrain,0.063,80.696,0.224,1099,-22.984
RollerBallRayBrain,0.061,81.010,0.233,1005,-22.962
RollerBallRayBrain,0.060,81.246,0.165,1035,-22.905
RollerBallRayBrain,0.061,81.533,0.210,1016,-22.852
RollerBallRayBrain,0.061,81.760,0.156,1095,-22.819
RollerBallRayBrain,0.060,82.066,0.222,1087,-22.719
RollerBallRayBrain,0.059,82.340,0.198,1012,-22.571
RollerBallRayBrain,0.063,82.651,0.225,1052,-22.504
RollerBallRayBrain,0.061,82.916,0.190,1012,-22.362
RollerBallRayBrain,0.061,83.203,0.206,1049,-22.303
RollerBallRayBrain,0.061,83.432,0.157,1014,-22.128
RollerBallRayBrain,0.061,83.781,0.263,1083,-22.058
RollerBallRayBrain,0.060,84.057,0.201,1034,-21.995
RollerBallRayBrain,0.061,84.315,0.182,1009,-21.902
RollerBallRayBrain,0.060,84.603,0.212,1048,-21.819
RollerBallRayBrain,0.066,84.882,0.200,1088,-21.716
RollerBallRayBrain,0.066,85.170,0.200,1161,-21.640
RollerBallRayBrain,0.062,85.512,0.258,1042,-21.601
RollerBallRayBrain,0.061,85.743,0.160,1064,-21.549
RollerBallRayBrain,0.063,86.049,0.224,1051,-21.429
RollerBallRayBrain,0.060,86.303,0.173,1012,-21.375
RollerBallRayBrain,0.060,86.581,0.202,1061,-21.264
RollerBallRayBrain,0.062,86.916,0.251,1033,-21.092
RollerBallRayBrain,0.059,87.154,0.168,1016,-21.059
RollerBallRayBrain,0.060,87.424,0.199,1002,-20.987
RollerBallRayBrain,0.061,87.680,0.184,1037,-20.998
RollerBallRayBrain,0.062,87.994,0.225,1063,-20.922
RollerBallRayBrain,0.062,88.214,0.145,1011,-20.854
RollerBallRayBrain,0.063,88.540,0.246,1080,-20.866
RollerBallRayBrain,0.061,88.827,0.205,1069,-20.800
RollerBallRayBrain,0.066,89.081,0.177,1001,-20.808
RollerBallRayBrain,0.059,89.351,0.198,1014,-20.786
RollerBallRayBrain,0.060,89.595,0.169,1038,-20.726
RollerBallRayBrain,0.067,89.941,0.258,1139,-20.718
RollerBallRayBrain,0.061,90.223,0.208,1052,-20.695
RollerBallRayBrain,0.063,90.466,0.168,1061,-20.653
RollerBallRayBrain,0.060,90.755,0.212,1075,-20.599
RollerBallRayBrain,0.062,91.018,0.185,1064,-20.589
RollerBallRayBrain,0.061,91.302,0.209,1043,-20.584
RollerBallRayBrain,0.060,91.585,0.209,1015,-20.579
RollerBallRayBrain,0.066,91.846,0.180,1103,-20.577
RollerBallRayBrain,0.060,92.161,0.237,1021,-20.527
RollerBallRayBrain,0.062,92.387,0.148,1085,-20.517
RollerBallRayBrain,0.060,92.733,0.261,1005,-20.448
RollerBallRayBrain,0.061,92.952,0.147,1050,-20.434
RollerBallRayBrain,0.062,93.274,0.235,1052,-20.378
RollerBallRayBrain,0.059,93.578,0.227,1008,-20.344
RollerBallRayBrain,0.061,93.794,0.143,1076,-20.280
RollerBallRayBrain,0.060,94.114,0.241,1037,-20.187
RollerBallRayBrain,0.061,94.390,0.202,1099,-20.184
RollerBallRayBrain,0.061,94.686,0.215,1035,-20.103
RollerBallRayBrain,0.063,94.967,0.196,1059,-20.025
RollerBallRayBrain,0.061,95.228,0.179,1032,-19.998
RollerBallRayBrain,0.063,95.497,0.190,1046,-19.961
RollerBallRayBrain,0.061,95.792,0.217,1097,-19.937
RollerBallRayBrain,0.061,96.099,0.224,1089,-19.879
RollerBallRayBrain,0.060,96.363,0.189,1028,-19.854
RollerBallRayBrain,0.061,96.635,0.195,1061,-19.794
RollerBallRayBrain,0.063,96.956,0.235,1053,-19.807
RollerBallRayBrain,0.060,97.173,0.145,1022,-19.779
RollerBallRayBrain,0.062,97.461,0.213,1030,-19.744
RollerBallRayBrain,0.062,97.743,0.201,1060,-19.729
RollerBallRayBrain,0.061,98.011,0.192,1031,-19.686
RollerBallRayBrain,0.060,98.323,0.231,1031,-19.651
RollerBallRayBrain,0.060,98.562,0.165,1059,-19.599
RollerBallRayBrain,0.065,98.887,0.242,1062,-19.580
RollerBallRayBrain,0.060,99.132,0.175,1053,-19.546
RollerBallRayBrain,0.060,99.389,0.183,1006,-19.545
RollerBallRayBrain,0.061,99.691,0.219,1019,-19.531
RollerBallRayBrain,0.061,99.915,0.157,1033,-19.468
RollerBallRayBrain,0.061,100.246,0.247,1044,-19.458
RollerBallRayBrain,0.063,100.518,0.192,1052,-19.466
RollerBallRayBrain,0.061,100.785,0.191,1039,-19.427
RollerBallRayBrain,0.060,101.036,0.179,1001,-19.382
RollerBallRayBrain,0.059,101.354,0.242,1019,-19.397
RollerBallRayBrain,0.060,101.625,0.192,1045,-19.308
RollerBallRayBrain,0.062,101.901,0.201,1025,-19.260
RollerBallRayBrain,0.061,102.183,0.203,1068,-19.168
RollerBallRayBrain,0.061,102.452,0.197,1013,-19.155
RollerBallRayBrain,0.061,102.706,0.177,1043,-19.130
RollerBallRayBrain,0.061,103.011,0.230,1008,-19.095
RollerBallRayBrain,0.059,103.259,0.177,1002,-19.089
RollerBallRayBrain,0.061,103.532,0.195,1002,-19.010
RollerBallRayBrain,0.062,103.830,0.220,1064,-18.997
RollerBallRayBrain,0.062,104.115,0.209,1087,-18.974
RollerBallRayBrain,0.062,104.396,0.206,1020,-18.908
RollerBallRayBrain,0.060,104.658,0.185,1057,-18.901
RollerBallRayBrain,0.060,104.923,0.187,1031,-18.810
RollerBallRayBrain,0.061,105.241,0.229,1088,-18.796
RollerBallRayBrain,0.060,105.530,0.212,1046,-18.737
RollerBallRayBrain,0.059,105.791,0.182,1036,-18.718
RollerBallRayBrain,0.063,106.056,0.189,1052,-18.676
RollerBallRayBrain,0.059,106.354,0.224,1042,-18.637
RollerBallRayBrain,0.066,106.634,0.200,1122,-18.602
RollerBallRayBrain,0.066,106.956,0.230,1092,-18.625
RollerBallRayBrain,0.061,107.234,0.201,1092,-18.609
RollerBallRayBrain,0.064,107.503,0.189,1055,-18.561
RollerBallRayBrain,0.062,107.808,0.225,1009,-18.538
RollerBallRayBrain,0.065,108.093,0.203,1101,-18.470
RollerBallRayBrain,0.063,108.390,0.218,1064,-18.435
RollerBallRayBrain,0.059,108.658,0.194,1013,-18.378
RollerBallRayBrain,0.062,108.958,0.216,1084,-18.308
RollerBallRayBrain,0.061,109.223,0.190,1054,-18.204
RollerBallRayBrain,0.061,109.547,0.244,1071,-18.164
RollerBallRayBrain,0.060,109.819,0.196,1003,-18.092
RollerBallRayBrain,0.062,110.108,0.208,1039,-18.081
RollerBallRayBrain,0.061,110.384,0.198,1059,-18.024
RollerBallRayBrain,0.060,110.665,0.201,1029,-17.973
RollerBallRayBrain,0.059,110.930,0.187,1002,-17.937
RollerBallRayBrain,0.060,111.223,0.215,1024,-17.871
RollerBallRayBrain,0.069,111.493,0.187,1106,-17.837
RollerBallRayBrain,0.070,111.853,0.266,1120,-17.805
RollerBallRayBrain,0.061,112.035,0.112,1053,-17.769
RollerBallRayBrain,0.060,112.376,0.259,1023,-17.719
RollerBallRayBrain,0.059,112.632,0.186,1027,-17.664
RollerBallRayBrain,0.065,112.891,0.177,1030,-17.636
RollerBallRayBrain,0.062,113.192,0.220,1050,-17.658
RollerBallRayBrain,0.062,113.420,0.156,1023,-17.646
RollerBallRayBrain,0.070,113.776,0.268,1127,-17.603
RollerBallRayBrain,0.061,114.018,0.170,1042,-17.616
RollerBallRayBrain,0.066,114.332,0.230,1009,-17.596
RollerBallRayBrain,0.062,114.630,0.219,1055,-17.573
RollerBallRayBrain,0.075,114.922,0.191,1046,-17.514
RollerBallRayBrain,0.067,115.267,0.247,1083,-17.494
RollerBallRayBrain,0.069,115.535,0.186,1056,-17.464
RollerBallRayBrain,0.081,115.923,0.277,1128,-17.425
RollerBallRayBrain,0.066,116.198,0.195,1044,-17.440
RollerBallRayBrain,0.063,116.511,0.229,1068,-17.383
RollerBallRayBrain,0.061,116.819,0.228,1011,-17.345
RollerBallRayBrain,0.064,117.066,0.171,1049,-17.325
RollerBallRayBrain,0.061,117.335,0.195,1064,-17.299
RollerBallRayBrain,0.060,117.658,0.246,1026,-17.237
RollerBallRayBrain,0.064,117.883,0.147,1056,-17.177
RollerBallRayBrain,0.061,118.248,0.281,1072,-17.140
RollerBallRayBrain,0.068,118.493,0.166,1128,-17.104
RollerBallRayBrain,0.062,118.795,0.220,1014,-17.053
RollerBallRayBrain,0.060,119.081,0.213,1050,-16.987
RollerBallRayBrain,0.062,119.385,0.223,1060,-16.934
RollerBallRayBrain,0.059,119.667,0.204,1013,-16.883
RollerBallRayBrain,0.060,119.914,0.168,1046,-16.877
RollerBallRayBrain,0.063,120.257,0.258,1060,-16.813
RollerBallRayBrain,0.063,120.461,0.130,1019,-16.752
RollerBallRayBrain,0.061,120.814,0.273,1041,-16.684
RollerBallRayBrain,0.061,121.062,0.172,1089,-16.651
RollerBallRayBrain,0.066,121.383,0.234,1119,-16.581
RollerBallRayBrain,0.060,121.690,0.230,1044,-16.506
RollerBallRayBrain,0.064,121.978,0.209,1075,-16.459
RollerBallRayBrain,0.063,122.251,0.192,1021,-16.420
RollerBallRayBrain,0.065,122.566,0.219,1147,-16.390
RollerBallRayBrain,0.061,122.846,0.202,1030,-16.380
RollerBallRayBrain,0.061,123.098,0.177,1029,-16.301
RollerBallRayBrain,0.060,123.420,0.244,1045,-16.275
RollerBallRayBrain,0.060,123.682,0.182,1048,-16.247
RollerBallRayBrain,0.063,123.960,0.195,1050,-16.238
RollerBallRayBrain,0.060,124.264,0.225,1022,-16.185
RollerBallRayBrain,0.063,124.491,0.152,1051,-16.168
RollerBallRayBrain,0.061,124.826,0.255,1051,-16.118
RollerBallRayBrain,0.066,125.114,0.200,1121,-16.117
RollerBallRayBrain,0.060,125.410,0.217,1007,-16.054
RollerBallRayBrain,0.060,125.664,0.183,1021,-15.983
RollerBallRayBrain,0.063,126.012,0.263,1056,-15.917
RollerBallRayBrain,0.060,126.225,0.140,1012,-15.889
RollerBallRayBrain,0.063,126.563,0.248,1046,-15.840
RollerBallRayBrain,0.060,126.815,0.178,1056,-15.816
RollerBallRayBrain,0.060,127.093,0.198,1040,-15.797
RollerBallRayBrain,0.060,127.370,0.202,1027,-15.795
RollerBallRayBrain,0.062,127.648,0.202,1024,-15.766
RollerBallRayBrain,0.060,127.934,0.207,1039,-15.749
RollerBallRayBrain,0.061,128.220,0.214,1008,-15.717
RollerBallRayBrain,0.062,128.504,0.207,1062,-15.698
RollerBallRayBrain,0.062,128.746,0.172,1032,-15.684
RollerBallRayBrain,0.061,129.030,0.206,1001,-15.650
RollerBallRayBrain,0.066,129.329,0.221,1105,-15.633
RollerBallRayBrain,0.060,129.587,0.189,1026,-15.605
RollerBallRayBrain,0.060,129.930,0.260,1008,-15.545
RollerBallRayBrain,0.059,130.164,0.165,1036,-15.529
RollerBallRayBrain,0.062,130.458,0.214,1034,-15.486
RollerBallRayBrain,0.061,130.752,0.218,1028,-15.498
RollerBallRayBrain,0.062,131.015,0.187,1008,-15.470
RollerBallRayBrain,0.059,131.285,0.196,1012,-15.432
RollerBallRayBrain,0.060,131.585,0.222,1011,-15.367
RollerBallRayBrain,0.063,131.878,0.213,1009,-15.339
RollerBallRayBrain,0.060,132.131,0.181,1032,-15.287
RollerBallRayBrain,0.062,132.431,0.220,1055,-15.275
RollerBallRayBrain,0.067,132.748,0.230,1116,-15.218
RollerBallRayBrain,0.062,132.997,0.176,1044,-15.198
RollerBallRayBrain,0.064,133.297,0.220,1058,-15.162
RollerBallRayBrain,0.062,133.627,0.247,1078,-15.128
RollerBallRayBrain,0.066,133.879,0.170,1052,-15.107
RollerBallRayBrain,0.059,134.158,0.204,1015,-15.112
RollerBallRayBrain,0.063,134.420,0.183,1093,-15.083
RollerBallRayBrain,0.061,134.694,0.197,1049,-15.081
RollerBallRayBrain,0.062,135.026,0.252,1011,-15.036
RollerBallRayBrain,0.061,135.264,0.159,1059,-15.012
RollerBallRayBrain,0.061,135.569,0.230,1077,-14.959
RollerBallRayBrain,0.060,135.835,0.193,1021,-14.940
RollerBallRayBrain,0.059,136.107,0.199,1018,-14.902
RollerBallRayBrain,0.060,136.395,0.213,1014,-14.852
RollerBallRayBrain,0.061,136.681,0.213,1005,-14.806
RollerBallRayBrain,0.063,137.001,0.237,1002,-14.789
RollerBallRayBrain,0.076,137.272,0.185,1211,-14.747
RollerBallRayBrain,0.061,137.613,0.263,1083,-14.732
RollerBallRayBrain,0.064,137.888,0.195,1054,-14.696
RollerBallRayBrain,0.060,138.184,0.219,1049,-14.656
RollerBallRayBrain,0.062,138.487,0.226,1055,-14.607
RollerBallRayBrain,0.061,138.756,0.193,1038,-14.583
RollerBallRayBrain,0.062,139.012,0.174,1062,-14.563
RollerBallRayBrain,0.061,139.295,0.206,1025,-14.535
RollerBallRayBrain,0.060,139.613,0.240,1051,-14.497
RollerBallRayBrain,0.065,139.903,0.205,1025,-14.471
RollerBallRayBrain,0.060,140.170,0.185,1019,-14.460
RollerBallRayBrain,0.061,140.432,0.188,1002,-14.436
RollerBallRayBrain,0.061,140.693,0.186,1064,-14.426
RollerBallRayBrain,0.061,140.990,0.220,1016,-14.359
RollerBallRayBrain,0.059,141.262,0.195,1031,-14.358
RollerBallRayBrain,0.060,141.584,0.237,1021,-14.320
RollerBallRayBrain,0.059,141.819,0.163,1014,-14.293
RollerBallRayBrain,0.062,142.109,0.208,1092,-14.266
RollerBallRayBrain,0.061,142.384,0.199,1092,-14.263
RollerBallRayBrain,0.060,142.706,0.237,1050,-14.249
RollerBallRayBrain,0.063,143.008,0.225,1036,-14.211
RollerBallRayBrain,0.063,143.251,0.173,1061,-14.199
RollerBallRayBrain,0.061,143.586,0.251,1065,-14.163
RollerBallRayBrain,0.061,143.780,0.122,1021,-14.163
RollerBallRayBrain,0.060,144.126,0.260,1033,-14.157
RollerBallRayBrain,0.062,144.392,0.188,1044,-14.134
RollerBallRayBrain,0.060,144.697,0.225,1050,-14.119
RollerBallRayBrain,0.062,144.954,0.177,1028,-14.090
RollerBallRayBrain,0.060,145.227,0.198,1040,-14.099
RollerBallRayBrain,0.061,145.553,0.244,1039,-14.063
RollerBallRayBrain,0.062,145.814,0.185,1043,-14.039
RollerBallRayBrain,0.062,146.093,0.196,1018,-14.006
RollerBallRayBrain,0.061,146.331,0.171,1060,-14.008
RollerBallRayBrain,0.060,146.679,0.260,1040,-13.997
RollerBallRayBrain,0.066,146.942,0.186,1126,-13.981
RollerBallRayBrain,0.061,147.256,0.232,1054,-13.924
RollerBallRayBrain,0.066,147.571,0.239,1115,-13.881
RollerBallRayBrain,0.064,147.878,0.223,1045,-13.844
RollerBallRayBrain,0.060,148.133,0.180,1046,-13.832
RollerBallRayBrain,0.060,148.394,0.189,1002,-13.792
RollerBallRayBrain,0.061,148.689,0.215,1023,-13.770
RollerBallRayBrain,0.063,149.019,0.240,1053,-13.770
RollerBallRayBrain,0.059,149.230,0.140,1017,-13.740
RollerBallRayBrain,0.061,149.574,0.260,1037,-13.738
RollerBallRayBrain,0.060,149.832,0.180,1049,-13.689
RollerBallRayBrain,0.062,150.141,0.223,1059,-13.678
RollerBallRayBrain,0.061,150.418,0.200,1033,-13.659
RollerBallRayBrain,0.061,150.682,0.187,1030,-13.654
RollerBallRayBrain,0.061,151.018,0.256,1046,-13.628
RollerBallRayBrain,0.062,151.240,0.150,1065,-13.608
RollerBallRayBrain,0.060,151.566,0.251,1015,-13.583
RollerBallRayBrain,0.063,151.829,0.184,1067,-13.567
RollerBallRayBrain,0.062,152.118,0.205,1097,-13.551
RollerBallRayBrain,0.064,152.450,0.249,1021,-13.518
RollerBallRayBrain,0.061,152.690,0.167,1067,-13.491
RollerBallRayBrain,0.060,153.040,0.271,1031,-13.476
RollerBallRayBrain,0.061,153.297,0.180,1092,-13.432
RollerBallRayBrain,0.061,153.583,0.206,1078,-13.395
RollerBallRayBrain,0.063,153.907,0.236,1015,-13.361
RollerBallRayBrain,0.061,154.196,0.209,1065,-13.320
RollerBallRayBrain,0.062,154.506,0.233,1059,-13.284
RollerBallRayBrain,0.060,154.775,0.196,1006,-13.255
RollerBallRayBrain,0.059,155.087,0.230,1018,-13.216
RollerBallRayBrain,0.060,155.343,0.182,1023,-13.193
RollerBallRayBrain,0.060,155.628,0.202,1029,-13.167
RollerBallRayBrain,0.064,155.899,0.186,1054,-13.133
RollerBallRayBrain,0.061,156.195,0.216,1069,-13.098
RollerBallRayBrain,0.063,156.501,0.226,1024,-13.078
RollerBallRayBrain,0.061,156.794,0.218,1049,-13.043
RollerBallRayBrain,0.060,157.065,0.191,1014,-12.994
RollerBallRayBrain,0.059,157.346,0.203,1009,-12.959
RollerBallRayBrain,0.066,157.652,0.222,1121,-12.943
RollerBallRayBrain,0.061,157.944,0.218,1015,-12.923
RollerBallRayBrain,0.061,158.196,0.176,1052,-12.901
RollerBallRayBrain,0.062,158.546,0.268,1062,-12.882
RollerBallRayBrain,0.061,158.812,0.185,1056,-12.870
RollerBallRayBrain,0.066,159.119,0.224,1108,-12.831
RollerBallRayBrain,0.063,159.454,0.258,1043,-12.801
RollerBallRayBrain,0.060,159.714,0.188,1012,-12.795
RollerBallRayBrain,0.061,160.006,0.215,1007,-12.752
RollerBallRayBrain,0.060,160.272,0.188,1026,-12.722
RollerBallRayBrain,0.060,160.570,0.220,1040,-12.686
RollerBallRayBrain,0.060,160.835,0.189,1017,-12.649
RollerBallRayBrain,0.061,161.175,0.257,1047,-12.632
RollerBallRayBrain,0.059,161.382,0.137,1017,-12.607
RollerBallRayBrain,0.061,161.712,0.255,1061,-12.579
RollerBallRayBrain,0.061,162.007,0.213,1002,-12.535
RollerBallRayBrain,0.062,162.265,0.187,1075,-12.529
RollerBallRayBrain,0.059,162.590,0.242,1008,-12.522
RollerBallRayBrain,0.060,162.803,0.143,1001,-12.490
RollerBallRayBrain,0.060,163.133,0.247,1025,-12.442
RollerBallRayBrain,0.061,163.450,0.237,1024,-12.437
RollerBallRayBrain,0.060,163.674,0.154,1073,-12.415
RollerBallRayBrain,0.063,164.023,0.262,1044,-12.376
RollerBallRayBrain,0.060,164.316,0.214,1097,-12.350
RollerBallRayBrain,0.067,164.615,0.207,1172,-12.327
RollerBallRayBrain,0.061,164.945,0.252,1001,-12.277
RollerBallRayBrain,0.061,165.191,0.176,1055,-12.250
RollerBallRayBrain,0.060,165.523,0.251,1037,-12.211
RollerBallRayBrain,0.061,165.810,0.210,1064,-12.172
RollerBallRayBrain,0.061,166.100,0.201,1058,-12.146
RollerBallRayBrain,0.059,166.394,0.218,1007,-12.137
RollerBallRayBrain,0.060,166.669,0.195,1008,-12.123
RollerBallRayBrain,0.069,166.956,0.205,1022,-12.089
RollerBallRayBrain,0.061,167.284,0.245,1039,-12.070
RollerBallRayBrain,0.061,167.522,0.163,1007,-12.042
RollerBallRayBrain,0.061,167.827,0.227,1040,-12.031
RollerBallRayBrain,0.059,168.128,0.223,1035,-11.998
RollerBallRayBrain,0.060,168.401,0.196,1043,-11.984
RollerBallRayBrain,0.060,168.693,0.212,1012,-11.956
RollerBallRayBrain,0.066,168.965,0.194,1072,-11.925
RollerBallRayBrain,0.060,169.285,0.243,1018,-11.894
RollerBallRayBrain,0.060,169.563,0.198,1040,-11.869
RollerBallRayBrain,0.061,169.845,0.197,1038,-11.847
RollerBallRayBrain,0.060,170.137,0.210,1041,-11.831
RollerBallRayBrain,0.062,170.386,0.173,1063,-11.824
RollerBallRayBrain,0.060,170.743,0.284,1012,-11.804
RollerBallRayBrain,0.062,170.997,0.184,1036,-11.792
RollerBallRayBrain,0.061,171.286,0.209,1021,-11.783
RollerBallRayBrain,0.060,171.595,0.227,1023,-11.741
RollerBallRayBrain,0.061,171.832,0.164,1020,-11.736
RollerBallRayBrain,0.061,172.188,0.273,1064,-11.711
RollerBallRayBrain,0.059,172.376,0.120,1003,-11.707
RollerBallRayBrain,0.066,172.727,0.266,1108,-11.675
RollerBallRayBrain,0.062,173.010,0.205,1053,-11.641
RollerBallRayBrain,0.060,173.304,0.216,1006,-11.625
RollerBallRayBrain,0.061,173.595,0.215,1048,-11.605
RollerBallRayBrain,0.064,173.871,0.193,1040,-11.608
RollerBallRayBrain,0.066,174.192,0.233,1162,-11.585
RollerBallRayBrain,0.062,174.455,0.191,1032,-11.569
RollerBallRayBrain,0.060,174.776,0.241,1055,-11.540
RollerBallRayBrain,0.061,175.079,0.223,1058,-11.521
RollerBallRayBrain,0.059,175.362,0.204,1013,-11.505
RollerBallRayBrain,0.061,175.658,0.214,1049,-11.495
RollerBallRayBrain,0.060,175.917,0.179,1010,-11.474
RollerBallRayBrain,0.061,176.221,0.226,1047,-11.447
RollerBallRayBrain,0.060,176.518,0.220,1054,-11.409
RollerBallRayBrain,0.060,176.818,0.222,1028,-11.381
RollerBallRayBrain,0.061,177.154,0.258,1058,-11.347
RollerBallRayBrain,0.060,177.396,0.170,1047,-11.323
RollerBallRayBrain,0.060,177.724,0.242,1037,-11.296
RollerBallRayBrain,0.061,178.001,0.203,1001,-11.281
RollerBallRayBrain,0.061,178.281,0.198,1081,-11.259
RollerBallRayBrain,0.063,178.599,0.235,1062,-11.224
RollerBallRayBrain,0.065,178.900,0.219,1098,-11.213
RollerBallRayBrain,0.060,179.161,0.188,1017,-11.201
RollerBallRayBrain,0.065,179.439,0.195,1078,-11.197
RollerBallRayBrain,0.060,179.740,0.218,1006,-11.165
RollerBallRayBrain,0.060,180.087,0.256,1003,-11.140
RollerBallRayBrain,0.061,180.303,0.144,1030,-11.103
RollerBallRayBrain,0.060,180.647,0.261,1052,-11.068
RollerBallRayBrain,0.059,180.928,0.207,1027,-11.056
RollerBallRayBrain,0.064,181.214,0.202,1030,-11.035
RollerBallRayBrain,0.061,181.532,0.235,1026,-10.998
RollerBallRayBrain,0.066,181.791,0.180,1116,-10.976
RollerBallRayBrain,0.061,182.132,0.259,1040,-10.974
RollerBallRayBrain,0.060,182.366,0.158,1027,-10.965
RollerBallRayBrain,0.061,182.667,0.227,1056,-10.952
RollerBallRayBrain,0.068,182.999,0.250,1143,-10.928
RollerBallRayBrain,0.060,183.282,0.202,1013,-10.913
RollerBallRayBrain,0.060,183.569,0.209,1049,-10.920
RollerBallRayBrain,0.066,183.873,0.220,1008,-10.891
RollerBallRayBrain,0.060,184.142,0.199,1045,-10.870
RollerBallRayBrain,0.063,184.479,0.252,1080,-10.828
RollerBallRayBrain,0.060,184.747,0.190,1001,-10.814
RollerBallRayBrain,0.070,185.049,0.215,1128,-10.810
RollerBallRayBrain,0.061,185.376,0.254,1061,-10.792
RollerBallRayBrain,0.062,185.656,0.202,1057,-10.772
RollerBallRayBrain,0.063,185.986,0.249,1020,-10.745
RollerBallRayBrain,0.061,186.259,0.196,1034,-10.730
RollerBallRayBrain,0.061,186.543,0.205,1003,-10.709
RollerBallRayBrain,0.060,186.805,0.192,1022,-10.674
RollerBallRayBrain,0.060,187.110,0.231,1019,-10.638
RollerBallRayBrain,0.061,187.407,0.212,1026,-10.619
RollerBallRayBrain,0.060,187.722,0.237,1023,-10.602
RollerBallRayBrain,0.063,187.958,0.156,1028,-10.583
RollerBallRayBrain,0.062,188.279,0.243,1061,-10.568
RollerBallRayBrain,0.061,188.574,0.216,1021,-10.564
RollerBallRayBrain,0.067,188.852,0.196,1063,-10.551
RollerBallRayBrain,0.060,189.167,0.230,1054,-10.527
RollerBallRayBrain,0.061,189.460,0.211,1003,-10.537
RollerBallRayBrain,0.061,189.692,0.158,1006,-10.530
RollerBallRayBrain,0.062,189.974,0.203,1025,-10.520
RollerBallRayBrain,0.060,190.268,0.217,1032,-10.514
RollerBallRayBrain,0.061,190.532,0.192,1072,-10.500
RollerBallRayBrain,0.060,190.821,0.209,1052,-10.482
RollerBallRayBrain,0.061,191.132,0.231,1049,-10.471
RollerBallRayBrain,0.061,191.413,0.207,1041,-10.449
RollerBallRayBrain,0.061,191.710,0.216,1047,-10.449
RollerBallRayBrain,0.062,192.015,0.222,1075,-10.451
RollerBallRayBrain,0.060,192.323,0.228,1034,-10.431
RollerBallRayBrain,0.061,192.586,0.185,1054,-10.412
RollerBallRayBrain,0.064,192.911,0.240,1059,-10.398
RollerBallRayBrain,0.059,193.160,0.177,1031,-10.389
RollerBallRayBrain,0.064,193.474,0.231,1041,-10.379
RollerBallRayBrain,0.062,193.733,0.187,1034,-10.368
RollerBallRayBrain,0.061,194.017,0.206,1054,-10.357
RollerBallRayBrain,0.066,194.359,0.255,1121,-10.334
RollerBallRayBrain,0.059,194.639,0.205,1003,-10.326
RollerBallRayBrain,0.062,194.953,0.236,1030,-10.307
RollerBallRayBrain,0.059,195.211,0.183,1004,-10.296
RollerBallRayBrain,0.063,195.496,0.203,1082,-10.283
RollerBallRayBrain,0.065,195.825,0.247,1105,-10.266
RollerBallRayBrain,0.061,196.135,0.229,1047,-10.248
RollerBallRayBrain,0.060,196.401,0.193,1021,-10.223
RollerBallRayBrain,0.062,196.743,0.253,1077,-10.191
RollerBallRayBrain,0.061,197.042,0.226,1049,-10.182
RollerBallRayBrain,0.060,197.351,0.231,1053,-10.166
RollerBallRayBrain,0.060,197.599,0.173,1038,-10.154
RollerBallRayBrain,0.068,197.927,0.243,1128,-10.133
RollerBallRayBrain,0.060,198.215,0.210,1026,-10.120
RollerBallRayBrain,0.061,198.541,0.250,1045,-10.102
RollerBallRayBrain,0.066,198.794,0.176,1009,-10.094
RollerBallRayBrain,0.060,199.097,0.221,1047,-10.082
RollerBallRayBrain,0.060,199.362,0.186,1001,-10.065
RollerBallRayBrain,0.061,199.713,0.278,1045,-10.050
RollerBallRayBrain,0.061,199.926,0.142,1007,-10.029
RollerBallRayBrain,0.061,200.254,0.251,1061,-10.009
RollerBallRayBrain,0.059,200.526,0.195,1002,-9.997
RollerBallRayBrain,0.067,200.808,0.204,1127,-9.989
RollerBallRayBrain,0.059,201.151,0.264,1001,-9.961
RollerBallRayBrain,0.063,201.460,0.221,1063,-9.947
RollerBallRayBrain,0.059,201.712,0.178,1030,-9.932
RollerBallRayBrain,0.062,201.985,0.191,1021,-9.916
RollerBallRayBrain,0.060,202.268,0.205,1071,-9.905
RollerBallRayBrain,0.059,202.560,0.215,1007,-9.897
RollerBallRayBrain,0.064,202.894,0.254,1037,-9.873
RollerBallRayBrain,0.060,203.168,0.197,1015,-9.868
RollerBallRayBrain,0.067,203.475,0.221,1112,-9.857
RollerBallRayBrain,0.061,203.735,0.185,1028,-9.842
RollerBallRayBrain,0.061,204.054,0.235,1041,-9.826
RollerBallRayBrain,0.066,204.358,0.222,1117,-9.812
RollerBallRayBrain,0.060,204.685,0.245,1051,-9.798
RollerBallRayBrain,0.067,204.957,0.192,1115,-9.793
RollerBallRayBrain,0.061,205.273,0.238,1044,-9.776
RollerBallRayBrain,0.060,205.543,0.196,1025,-9.762
RollerBallRayBrain,0.061,205.825,0.204,1046,-9.746
RollerBallRayBrain,0.066,206.168,0.253,1032,-9.720
RollerBallRayBrain,0.063,206.432,0.186,1057,-9.709
RollerBallRayBrain,0.061,206.760,0.246,1045,-9.699
RollerBallRayBrain,0.060,206.989,0.156,1033,-9.693
RollerBallRayBrain,0.061,207.324,0.251,1053,-9.682
RollerBallRayBrain,0.060,207.595,0.195,1040,-9.675
RollerBallRayBrain,0.065,207.892,0.216,1011,-9.671
RollerBallRayBrain,0.059,208.163,0.200,1008,-9.655
RollerBallRayBrain,0.063,208.443,0.203,1018,-9.642
RollerBallRayBrain,0.062,208.732,0.213,1018,-9.635
RollerBallRayBrain,0.060,209.047,0.235,1014,-9.613
RollerBallRayBrain,0.062,209.316,0.192,1060,-9.601
RollerBallRayBrain,0.059,209.625,0.229,1019,-9.585
RollerBallRayBrain,0.061,209.935,0.230,1045,-9.571
RollerBallRayBrain,0.060,210.190,0.179,1026,-9.562
RollerBallRayBrain,0.062,210.503,0.229,1044,-9.545
RollerBallRayBrain,0.061,210.769,0.187,1046,-9.537
RollerBallRayBrain,0.060,211.075,0.222,1022,-9.538
RollerBallRayBrain,0.061,211.388,0.236,1045,-9.531
RollerBallRayBrain,0.061,211.610,0.147,1094,-9.521
RollerBallRayBrain,0.067,211.976,0.279,1105,-9.514
RollerBallRayBrain,0.061,212.269,0.206,1008,-9.500
RollerBallRayBrain,0.068,212.528,0.174,1120,-9.490
RollerBallRayBrain,0.074,212.905,0.282,1140,-9.469
RollerBallRayBrain,0.060,213.200,0.221,1037,-9.458
RollerBallRayBrain,0.063,213.474,0.188,1030,-9.445
RollerBallRayBrain,0.061,213.816,0.259,1036,-9.421
RollerBallRayBrain,0.061,214.085,0.193,1037,-9.405
RollerBallRayBrain,0.061,214.392,0.226,1028,-9.384
RollerBallRayBrain,0.060,214.666,0.205,1011,-9.372
RollerBallRayBrain,0.062,214.939,0.195,1088,-9.366
RollerBallRayBrain,0.061,215.255,0.232,1038,-9.344
RollerBallRayBrain,0.061,215.557,0.220,1033,-9.337
RollerBallRayBrain,0.065,215.863,0.225,1094,-9.315
RollerBallRayBrain,0.061,216.171,0.227,1044,-9.294
RollerBallRayBrain,0.065,216.490,0.239,1042,-9.280
RollerBallRayBrain,0.060,216.748,0.184,1077,-9.269
RollerBallRayBrain,0.061,217.054,0.232,1037,-9.259
RollerBallRayBrain,0.061,217.323,0.192,1046,-9.246
RollerBallRayBrain,0.061,217.667,0.264,1050,-9.232
RollerBallRayBrain,0.062,217.980,0.240,1020,-9.227
RollerBallRayBrain,0.059,218.230,0.179,1005,-9.215
RollerBallRayBrain,0.061,218.534,0.225,1017,-9.197
RollerBallRayBrain,0.060,218.826,0.209,1032,-9.187
RollerBallRayBrain,0.067,219.130,0.219,1112,-9.169
RollerBallRayBrain,0.062,219.438,0.223,1064,-9.155
RollerBallRayBrain,0.060,219.762,0.236,1018,-9.143
RollerBallRayBrain,0.063,220.000,0.162,1048,-9.136
RollerBallRayBrain,0.060,220.313,0.233,1049,-9.125
RollerBallRayBrain,0.061,220.610,0.217,1028,-9.113
RollerBallRayBrain,0.063,220.866,0.179,1022,-9.109
RollerBallRayBrain,0.060,221.138,0.201,1052,-9.097
RollerBallRayBrain,0.062,221.463,0.244,1045,-9.081
RollerBallRayBrain,0.061,221.768,0.227,1083,-9.080
RollerBallRayBrain,0.061,222.065,0.225,1037,-9.063
RollerBallRayBrain,0.061,222.394,0.253,1022,-9.047
RollerBallRayBrain,0.060,222.640,0.176,1003,-9.032
RollerBallRayBrain,0.063,222.951,0.227,1040,-9.020
RollerBallRayBrain,0.060,223.241,0.213,1002,-9.004
RollerBallRayBrain,0.061,223.551,0.236,1063,-8.996
RollerBallRayBrain,0.064,223.878,0.235,1005,-8.987
RollerBallRayBrain,0.060,224.100,0.153,1027,-8.977
RollerBallRayBrain,0.062,224.433,0.247,1088,-8.959
RollerBallRayBrain,0.061,224.739,0.233,1027,-8.941
RollerBallRayBrain,0.060,225.037,0.221,1057,-8.936
RollerBallRayBrain,0.061,225.337,0.220,1027,-8.924
RollerBallRayBrain,0.068,225.645,0.225,1102,-8.911
RollerBallRayBrain,0.064,225.894,0.173,1058,-8.893
RollerBallRayBrain,0.061,226.262,0.290,1081,-8.875
RollerBallRayBrain,0.059,226.536,0.197,1005,-8.858
RollerBallRayBrain,0.064,226.866,0.245,1069,-8.838
RollerBallRayBrain,0.067,227.151,0.202,1015,-8.825
RollerBallRayBrain,0.063,227.470,0.231,1030,-8.823
RollerBallRayBrain,0.061,227.735,0.190,1055,-8.812
RollerBallRayBrain,0.062,228.043,0.232,1050,-8.797
RollerBallRayBrain,0.065,228.373,0.244,1125,-8.778
RollerBallRayBrain,0.063,228.704,0.251,1041,-8.771
RollerBallRayBrain,0.063,228.997,0.212,1074,-8.766
RollerBallRayBrain,0.060,229.283,0.205,1029,-8.757
RollerBallRayBrain,0.061,229.544,0.188,1037,-8.749
RollerBallRayBrain,0.064,229.857,0.229,1059,-8.737
RollerBallRayBrain,0.060,230.096,0.165,1010,-8.729
RollerBallRayBrain,0.062,230.446,0.270,1029,-8.712
RollerBallRayBrain,0.060,230.745,0.228,1068,-8.703
RollerBallRayBrain,0.063,230.997,0.175,1021,-8.695
RollerBallRayBrain,0.061,231.295,0.217,1011,-8.691
RollerBallRayBrain,0.060,231.535,0.162,1009,-8.683
RollerBallRayBrain,0.064,231.918,0.295,1058,-8.659
RollerBallRayBrain,0.061,232.176,0.181,1065,-8.649
RollerBallRayBrain,0.062,232.477,0.223,1029,-8.633
RollerBallRayBrain,0.062,232.768,0.216,1045,-8.630
RollerBallRayBrain,0.061,233.068,0.216,1031,-8.626
RollerBallRayBrain,0.061,233.367,0.215,1037,-8.616
RollerBallRayBrain,0.060,233.689,0.240,1043,-8.604
RollerBallRayBrain,0.061,233.957,0.192,1019,-8.595
RollerBallRayBrain,0.061,234.234,0.199,1011,-8.589
RollerBallRayBrain,0.060,234.578,0.269,1067,-8.573
RollerBallRayBrain,0.065,234.889,0.229,1035,-8.551
RollerBallRayBrain,0.061,235.183,0.214,1065,-8.529
RollerBallRayBrain,0.061,235.517,0.255,1040,-8.511
RollerBallRayBrain,0.061,235.780,0.189,1054,-8.497
RollerBallRayBrain,0.059,236.121,0.261,1012,-8.476
RollerBallRayBrain,0.060,236.382,0.187,1001,-8.463
RollerBallRayBrain,0.060,236.690,0.230,1038,-8.452
RollerBallRayBrain,0.068,237.011,0.239,1125,-8.434
RollerBallRayBrain,0.061,237.322,0.239,1054,-8.423
RollerBallRayBrain,0.059,237.606,0.208,1009,-8.414
RollerBallRayBrain,0.066,237.967,0.276,1064,-8.392
RollerBallRayBrain,0.060,238.218,0.177,1042,-8.377
RollerBallRayBrain,0.066,238.599,0.287,1123,-8.353
RollerBallRayBrain,0.064,238.891,0.219,1090,-8.341
RollerBallRayBrain,0.060,239.184,0.219,1033,-8.331
RollerBallRayBrain,0.064,239.441,0.180,1014,-8.323
RollerBallRayBrain,0.059,239.787,0.263,1025,-8.305
RollerBallRayBrain,0.065,240.105,0.232,1095,-8.299
RollerBallRayBrain,0.071,240.433,0.243,1128,-8.288
RollerBallRayBrain,0.060,240.735,0.217,1015,-8.276
RollerBallRayBrain,0.060,241.038,0.219,1023,-8.266
RollerBallRayBrain,0.059,241.308,0.190,1006,-8.253
RollerBallRayBrain,0.060,241.629,0.245,1023,-8.240
RollerBallRayBrain,0.061,241.935,0.233,1062,-8.227
RollerBallRayBrain,0.059,242.231,0.216,1001,-8.225
RollerBallRayBrain,0.069,242.509,0.192,1109,-8.218
RollerBallRayBrain,0.060,242.811,0.227,1058,-8.209
RollerBallRayBrain,0.061,243.140,0.249,1019,-8.196
RollerBallRayBrain,0.061,243.419,0.205,1058,-8.193
RollerBallRayBrain,0.063,243.717,0.223,1094,-8.185
RollerBallRayBrain,0.061,244.024,0.232,1004,-8.167
RollerBallRayBrain,0.061,244.354,0.250,1030,-8.151
RollerBallRayBrain,0.062,244.658,0.225,1060,-8.132
RollerBallRayBrain,0.061,244.967,0.231,1056,-8.119
RollerBallRayBrain,0.060,245.238,0.196,1041,-8.111
RollerBallRayBrain,0.059,245.597,0.279,1010,-8.093
RollerBallRayBrain,0.063,245.864,0.185,1016,-8.085
RollerBallRayBrain,0.061,246.152,0.212,1020,-8.073
RollerBallRayBrain,0.062,246.452,0.219,1057,-8.064
RollerBallRayBrain,0.061,246.755,0.222,1036,-8.060
RollerBallRayBrain,0.062,247.003,0.170,1050,-8.049
RollerBallRayBrain,0.061,247.356,0.268,1007,-8.037
RollerBallRayBrain,0.060,247.635,0.200,1080,-8.027
RollerBallRayBrain,0.063,247.886,0.178,1031,-8.028
RollerBallRayBrain,0.062,248.231,0.264,1076,-8.010
RollerBallRayBrain,0.062,248.541,0.235,1006,-7.992
RollerBallRayBrain,0.062,248.830,0.207,1013,-7.986
RollerBallRayBrain,0.061,249.148,0.229,1017,-7.969
RollerBallRayBrain,0.062,249.456,0.229,1033,-7.957
RollerBallRayBrain,0.062,249.749,0.216,1084,-7.941
RollerBallRayBrain,0.060,250.069,0.241,1031,-7.922
RollerBallRayBrain,0.061,250.391,0.244,1052,-7.904
RollerBallRayBrain,0.061,250.688,0.217,1098,-7.890
RollerBallRayBrain,0.067,251.034,0.260,1127,-7.878
RollerBallRayBrain,0.062,251.321,0.212,1042,-7.868
RollerBallRayBrain,0.061,251.651,0.253,1054,-7.855
RollerBallRayBrain,0.062,251.934,0.204,1044,-7.844
RollerBallRayBrain,0.061,252.227,0.215,1042,-7.839
RollerBallRayBrain,0.063,252.497,0.192,1004,-7.825
RollerBallRayBrain,0.061,252.818,0.246,1009,-7.817
RollerBallRayBrain,0.060,253.108,0.216,1023,-7.805
RollerBallRayBrain,0.062,253.408,0.224,1055,-7.793
RollerBallRayBrain,0.067,253.730,0.233,1170,-7.785
RollerBallRayBrain,0.061,254.054,0.247,1025,-7.775
RollerBallRayBrain,0.063,254.324,0.191,1045,-7.768
RollerBallRayBrain,0.062,254.669,0.266,1029,-7.754
RollerBallRayBrain,0.062,254.944,0.196,1048,-7.742
RollerBallRayBrain,0.061,255.260,0.234,1074,-7.739
RollerBallRayBrain,0.066,255.570,0.233,1138,-7.722
RollerBallRayBrain,0.062,255.852,0.201,1037,-7.714
RollerBallRayBrain,0.060,256.197,0.262,1046,-7.697
RollerBallRayBrain,0.063,256.501,0.223,1035,-7.682
RollerBallRayBrain,0.060,256.803,0.227,1049,-7.669
RollerBallRayBrain,0.061,257.118,0.237,1061,-7.661
RollerBallRayBrain,0.062,257.430,0.225,1063,-7.649
RollerBallRayBrain,0.070,257.756,0.229,1109,-7.638
RollerBallRayBrain,0.060,258.051,0.218,1040,-7.627
RollerBallRayBrain,0.061,258.365,0.232,1045,-7.623
RollerBallRayBrain,0.061,258.672,0.231,1063,-7.610
RollerBallRayBrain,0.068,258.961,0.205,1101,-7.597
RollerBallRayBrain,0.063,259.289,0.243,1083,-7.583
RollerBallRayBrain,0.059,259.632,0.255,1022,-7.574
RollerBallRayBrain,0.063,259.921,0.206,1080,-7.559
RollerBallRayBrain,0.060,260.251,0.250,1025,-7.549
RollerBallRayBrain,0.061,260.531,0.205,1014,-7.547
RollerBallRayBrain,0.062,260.806,0.199,1001,-7.537
RollerBallRayBrain,0.060,261.116,0.222,1032,-7.529
RollerBallRayBrain,0.059,261.378,0.187,1008,-7.518
RollerBallRayBrain,0.061,261.737,0.279,1067,-7.505
RollerBallRayBrain,0.062,261.996,0.186,1042,-7.493
RollerBallRayBrain,0.062,262.332,0.252,1027,-7.476
RollerBallRayBrain,0.060,262.627,0.224,1024,-7.463
RollerBallRayBrain,0.062,262.930,0.220,1049,-7.453
RollerBallRayBrain,0.060,263.241,0.234,1011,-7.442
RollerBallRayBrain,0.061,263.538,0.219,1046,-7.427
RollerBallRayBrain,0.063,263.897,0.272,1006,-7.410
RollerBallRayBrain,0.061,264.175,0.200,1077,-7.403
RollerBallRayBrain,0.061,264.467,0.213,1012,-7.390
RollerBallRayBrain,0.060,264.773,0.238,1002,-7.383
RollerBallRayBrain,0.062,265.044,0.193,1099,-7.374
RollerBallRayBrain,0.063,265.409,0.283,1073,-7.361
RollerBallRayBrain,0.061,265.697,0.204,1042,-7.353
RollerBallRayBrain,0.062,266.012,0.237,1070,-7.346
RollerBallRayBrain,0.062,266.305,0.212,1002,-7.336
RollerBallRayBrain,0.062,266.567,0.185,1050,-7.331
RollerBallRayBrain,0.064,266.867,0.216,1026,-7.327
RollerBallRayBrain,0.061,267.191,0.248,1026,-7.316
RollerBallRayBrain,0.063,267.472,0.204,1073,-7.310
RollerBallRayBrain,0.061,267.768,0.214,1004,-7.306
RollerBallRayBrain,0.060,268.053,0.212,1012,-7.297
RollerBallRayBrain,0.062,268.349,0.219,1049,-7.297
RollerBallRayBrain,0.060,268.628,0.204,1037,-7.287
RollerBallRayBrain,0.062,268.982,0.268,1040,-7.275
RollerBallRayBrain,0.061,269.260,0.202,1038,-7.264
RollerBallRayBrain,0.060,269.577,0.240,1006,-7.251
RollerBallRayBrain,0.060,269.819,0.170,1023,-7.245
RollerBallRayBrain,0.061,270.148,0.246,1011,-7.245
RollerBallRayBrain,0.062,270.443,0.212,1033,-7.248
RollerBallRayBrain,0.060,270.724,0.212,1045,-7.237
RollerBallRayBrain,0.061,271.073,0.268,1052,-7.227
RollerBallRayBrain,0.061,271.312,0.166,1001,-7.223
RollerBallRayBrain,0.061,271.660,0.269,1084,-7.215
RollerBallRayBrain,0.060,271.928,0.193,1018,-7.210
RollerBallRayBrain,0.061,272.216,0.209,1060,-7.203
RollerBallRayBrain,0.060,272.527,0.223,1038,-7.198
RollerBallRayBrain,0.062,272.783,0.176,1018,-7.193
RollerBallRayBrain,0.061,273.089,0.222,1015,-7.185
RollerBallRayBrain,0.061,273.424,0.257,1006,-7.175
RollerBallRayBrain,0.060,273.671,0.176,1020,-7.167
RollerBallRayBrain,0.063,273.980,0.230,1034,-7.162
RollerBallRayBrain,0.060,274.271,0.215,1061,-7.150
RollerBallRayBrain,0.060,274.576,0.228,1010,-7.147
RollerBallRayBrain,0.062,274.852,0.201,1016,-7.154
RollerBallRayBrain,0.061,275.194,0.264,1086,-7.146
RollerBallRayBrain,0.062,275.470,0.204,1018,-7.141
RollerBallRayBrain,0.061,275.747,0.204,1021,-7.132
RollerBallRayBrain,0.060,276.087,0.260,1062,-7.131
RollerBallRayBrain,0.067,276.370,0.204,1114,-7.127
RollerBallRayBrain,0.060,276.679,0.233,1016,-7.121
RollerBallRayBrain,0.062,276.951,0.196,1021,-7.115
RollerBallRayBrain,0.061,277.295,0.270,1072,-7.106
RollerBallRayBrain,0.061,277.568,0.197,1055,-7.097
RollerBallRayBrain,0.065,277.877,0.226,1061,-7.087
RollerBallRayBrain,0.061,278.237,0.277,1054,-7.074
RollerBallRayBrain,0.063,278.505,0.185,1016,-7.066
RollerBallRayBrain,0.065,278.840,0.251,1023,-7.057
RollerBallRayBrain,0.060,279.128,0.208,1038,-7.051
RollerBallRayBrain,0.063,279.441,0.235,1030,-7.043
RollerBallRayBrain,0.067,279.769,0.245,1142,-7.036
RollerBallRayBrain,0.061,280.057,0.207,1016,-7.027
RollerBallRayBrain,0.060,280.382,0.249,1060,-7.016
RollerBallRayBrain,0.059,280.658,0.197,1021,-7.010
RollerBallRayBrain,0.062,280.983,0.241,1031,-7.004
RollerBallRayBrain,0.060,281.256,0.199,1029,-7.001
RollerBallRayBrain,0.061,281.580,0.245,1076,-6.995
RollerBallRayBrain,0.067,281.870,0.201,1064,-6.989
RollerBallRayBrain,0.060,282.160,0.207,1063,-6.985
RollerBallRayBrain,0.061,282.436,0.200,1011,-6.979
RollerBallRayBrain,0.060,282.741,0.230,1001,-6.970
RollerBallRayBrain,0.061,283.031,0.207,1025,-6.966
RollerBallRayBrain,0.059,283.339,0.232,1012,-6.957
RollerBallRayBrain,0.061,283.658,0.234,1044,-6.951
RollerBallRayBrain,0.061,283.946,0.210,1020,-6.947
RollerBallRayBrain,0.061,284.261,0.233,1064,-6.944
RollerBallRayBrain,0.061,284.528,0.194,1026,-6.936
RollerBallRayBrain,0.063,284.830,0.225,1060,-6.927
RollerBallRayBrain,0.061,285.171,0.258,1063,-6.918
RollerBallRayBrain,0.061,285.440,0.193,1019,-6.909
RollerBallRayBrain,0.060,285.761,0.242,1001,-6.899
RollerBallRayBrain,0.059,286.070,0.228,1003,-6.887
RollerBallRayBrain,0.066,286.354,0.205,1113,-6.881
RollerBallRayBrain,0.058,286.695,0.259,1012,-6.871
RollerBallRayBrain,0.061,286.937,0.168,1010,-6.866
RollerBallRayBrain,0.061,287.268,0.251,1029,-6.860
RollerBallRayBrain,0.067,287.590,0.230,1146,-6.850
RollerBallRayBrain,0.064,287.960,0.287,1090,-6.840
RollerBallRayBrain,0.061,288.250,0.214,1015,-6.832
RollerBallRayBrain,0.061,288.524,0.200,1031,-6.824
RollerBallRayBrain,0.064,288.858,0.245,1033,-6.817
RollerBallRayBrain,0.062,289.165,0.227,1085,-6.811
RollerBallRayBrain,0.061,289.469,0.225,1058,-6.803
RollerBallRayBrain,0.061,289.789,0.236,1013,-6.794
RollerBallRayBrain,0.061,290.060,0.197,1038,-6.790
RollerBallRayBrain,0.060,290.346,0.209,1024,-6.785
RollerBallRayBrain,0.066,290.691,0.257,1105,-6.775
RollerBallRayBrain,0.063,291.009,0.233,1087,-6.768
RollerBallRayBrain,0.062,291.291,0.205,1042,-6.761
RollerBallRayBrain,0.060,291.635,0.265,1034,-6.752
RollerBallRayBrain,0.064,291.871,0.160,1007,-6.746
RollerBallRayBrain,0.061,292.203,0.253,1035,-6.736
RollerBallRayBrain,0.063,292.496,0.212,1017,-6.730
RollerBallRayBrain,0.061,292.779,0.212,1035,-6.726
RollerBallRayBrain,0.061,293.090,0.238,1048,-6.721
RollerBallRayBrain,0.060,293.355,0.187,1024,-6.717
RollerBallRayBrain,0.063,293.691,0.247,1031,-6.714
RollerBallRayBrain,0.062,293.968,0.202,1005,-6.708
RollerBallRayBrain,0.060,294.265,0.218,1010,-6.703
RollerBallRayBrain,0.064,294.570,0.222,1086,-6.698
RollerBallRayBrain,0.061,294.825,0.178,1085,-6.699
RollerBallRayBrain,0.061,295.159,0.253,1029,-6.694
RollerBallRayBrain,0.061,295.408,0.177,1004,-6.691
RollerBallRayBrain,0.061,295.697,0.209,1055,-6.689
RollerBallRayBrain,0.060,296.070,0.292,1023,-6.681
RollerBallRayBrain,0.063,296.337,0.188,1049,-6.676
RollerBallRayBrain,0.060,296.670,0.258,1024,-6.671
RollerBallRayBrain,0.061,296.938,0.192,1038,-6.667
RollerBallRayBrain,0.060,297.255,0.239,1053,-6.661
RollerBallRayBrain,0.062,297.544,0.210,1039,-6.659
RollerBallRayBrain,0.061,297.807,0.191,1065,-6.651
RollerBallRayBrain,0.061,298.162,0.279,1017,-6.641
RollerBallRayBrain,0.062,298.458,0.217,1027,-6.636
RollerBallRayBrain,0.063,298.742,0.211,1007,-6.631
RollerBallRayBrain,0.061,299.052,0.233,1067,-6.629
RollerBallRayBrain,0.060,299.312,0.189,1034,-6.622
RollerBallRayBrain,0.061,299.647,0.253,1029,-6.614
RollerBallRayBrain,0.062,299.968,0.237,1054,-6.607
RollerBallRayBrain,0.062,300.282,0.235,1065,-6.600
RollerBallRayBrain,0.062,300.564,0.205,1098,-6.593
RollerBallRayBrain,0.064,300.904,0.261,1043,-6.592
RollerBallRayBrain,0.061,301.173,0.194,1043,-6.586
RollerBallRayBrain,0.064,301.512,0.260,1050,-6.581
RollerBallRayBrain,0.062,301.784,0.193,1003,-6.576
RollerBallRayBrain,0.060,302.121,0.261,1031,-6.567
RollerBallRayBrain,0.061,302.383,0.191,1091,-6.563
RollerBallRayBrain,0.060,302.768,0.296,1034,-6.550
RollerBallRayBrain,0.062,303.031,0.187,1055,-6.543
RollerBallRayBrain,0.060,303.367,0.264,1031,-6.538
RollerBallRayBrain,0.063,303.630,0.188,1039,-6.532
RollerBallRayBrain,0.060,303.922,0.219,1007,-6.526
RollerBallRayBrain,0.060,304.249,0.243,1036,-6.515
RollerBallRayBrain,0.061,304.527,0.200,1050,-6.512
RollerBallRayBrain,0.064,304.872,0.264,1023,-6.505
RollerBallRayBrain,0.061,305.170,0.226,1060,-6.497
RollerBallRayBrain,0.062,305.455,0.207,1021,-6.492
RollerBallRayBrain,0.062,305.757,0.227,1095,-6.485
RollerBallRayBrain,0.060,306.073,0.236,1008,-6.476
RollerBallRayBrain,0.062,306.395,0.238,1061,-6.471
RollerBallRayBrain,0.062,306.650,0.183,1051,-6.473
RollerBallRayBrain,0.063,306.989,0.255,1043,-6.466
RollerBallRayBrain,0.061,307.248,0.188,1012,-6.460
RollerBallRayBrain,0.062,307.607,0.274,1082,-6.450
RollerBallRayBrain,0.061,307.924,0.230,1048,-6.443
RollerBallRayBrain,0.067,308.175,0.171,1092,-6.446
RollerBallRayBrain,0.060,308.498,0.244,1006,-6.441
RollerBallRayBrain,0.060,308.806,0.228,1023,-6.434
RollerBallRayBrain,0.061,309.104,0.221,1022,-6.429
RollerBallRayBrain,0.061,309.399,0.223,1036,-6.425
RollerBallRayBrain,0.064,309.702,0.222,1090,-6.419
RollerBallRayBrain,0.061,310.000,0.218,1052,-6.414
RollerBallRayBrain,0.060,310.334,0.247,1046,-6.412
RollerBallRayBrain,0.061,310.602,0.193,1018,-6.408
RollerBallRayBrain,0.067,310.909,0.225,1051,-6.403
RollerBallRayBrain,0.062,311.178,0.194,1011,-6.402
RollerBallRayBrain,0.061,311.522,0.263,1021,-6.395
RollerBallRayBrain,0.062,311.766,0.171,1037,-6.391
RollerBallRayBrain,0.060,312.106,0.257,1038,-6.385
RollerBallRayBrain,0.061,312.440,0.254,1038,-6.378
RollerBallRayBrain,0.062,312.666,0.158,1036,-6.371
RollerBallRayBrain,0.060,313.008,0.272,1019,-6.362
RollerBallRayBrain,0.060,313.344,0.260,1031,-6.356
RollerBallRayBrain,0.061,313.609,0.186,1018,-6.350
RollerBallRayBrain,0.066,313.937,0.242,1119,-6.345
RollerBallRayBrain,0.060,314.262,0.250,1020,-6.339
RollerBallRayBrain,0.062,314.588,0.249,1073,-6.334
RollerBallRayBrain,0.063,314.855,0.190,1023,-6.332
RollerBallRayBrain,0.064,315.187,0.250,1014,-6.326
RollerBallRayBrain,0.061,315.491,0.221,1058,-6.323
RollerBallRayBrain,0.062,315.739,0.175,1010,-6.319
RollerBallRayBrain,0.062,316.026,0.208,1059,-6.314
RollerBallRayBrain,0.060,316.350,0.245,1005,-6.305
RollerBallRayBrain,0.061,316.617,0.188,1001,-6.299
RollerBallRayBrain,0.060,316.925,0.235,1023,-6.294
RollerBallRayBrain,0.061,317.222,0.218,1017,-6.292
RollerBallRayBrain,0.060,317.513,0.216,1044,-6.288
RollerBallRayBrain,0.062,317.808,0.216,1001,-6.284
RollerBallRayBrain,0.060,318.100,0.213,1057,-6.281
RollerBallRayBrain,0.060,318.377,0.198,1035,-6.278
RollerBallRayBrain,0.062,318.683,0.222,1056,-6.274
RollerBallRayBrain,0.062,319.020,0.259,1031,-6.273
RollerBallRayBrain,0.060,319.339,0.234,1060,-6.268
RollerBallRayBrain,0.067,319.635,0.211,1130,-6.262
RollerBallRayBrain,0.063,319.967,0.250,1057,-6.256
RollerBallRayBrain,0.060,320.229,0.186,1007,-6.255
RollerBallRayBrain,0.062,320.588,0.273,1030,-6.251
RollerBallRayBrain,0.066,320.824,0.158,1049,-6.248
RollerBallRayBrain,0.061,321.142,0.243,1019,-6.243
RollerBallRayBrain,0.060,321.469,0.254,1036,-6.237
RollerBallRayBrain,0.063,321.762,0.217,1090,-6.230
RollerBallRayBrain,0.061,322.050,0.205,1028,-6.224
RollerBallRayBrain,0.060,322.380,0.251,1050,-6.218
RollerBallRayBrain,0.064,322.672,0.209,1081,-6.214
RollerBallRayBrain,0.060,322.956,0.210,1005,-6.213
RollerBallRayBrain,0.066,323.283,0.244,1110,-6.208
RollerBallRayBrain,0.060,323.584,0.224,1021,-6.202
RollerBallRayBrain,0.069,323.910,0.248,1105,-6.196
RollerBallRayBrain,0.061,324.242,0.248,1057,-6.189
RollerBallRayBrain,0.060,324.501,0.178,1036,-6.183
RollerBallRayBrain,0.061,324.843,0.260,1064,-6.180
RollerBallRayBrain,0.061,325.133,0.207,1078,-6.178
RollerBallRayBrain,0.059,325.456,0.243,1002,-6.175
RollerBallRayBrain,0.062,325.691,0.161,1035,-6.171
RollerBallRayBrain,0.060,326.001,0.231,1042,-6.169
RollerBallRayBrain,0.060,326.298,0.213,1010,-6.164
RollerBallRayBrain,0.061,326.614,0.239,1030,-6.161
RollerBallRayBrain,0.061,326.914,0.222,1033,-6.157
RollerBallRayBrain,0.062,327.188,0.196,1015,-6.153
RollerBallRayBrain,0.061,327.517,0.242,1014,-6.148
RollerBallRayBrain,0.064,327.813,0.222,1072,-6.145
RollerBallRayBrain,0.061,328.073,0.187,1036,-6.144
RollerBallRayBrain,0.061,328.377,0.228,1053,-6.139
RollerBallRayBrain,0.062,328.691,0.232,1033,-6.133
RollerBallRayBrain,0.061,328.999,0.234,1033,-6.127
RollerBallRayBrain,0.066,329.356,0.273,1117,-6.124
RollerBallRayBrain,0.063,329.650,0.218,1026,-6.118
RollerBallRayBrain,0.061,329.938,0.212,1059,-6.112
RollerBallRayBrain,0.060,330.266,0.246,1006,-6.107
RollerBallRayBrain,0.060,330.536,0.194,1033,-6.102
RollerBallRayBrain,0.065,330.879,0.259,1013,-6.093
RollerBallRayBrain,0.063,331.163,0.201,1029,-6.089
RollerBallRayBrain,0.061,331.493,0.241,1019,-6.085
RollerBallRayBrain,0.062,331.732,0.168,1047,-6.082
RollerBallRayBrain,0.061,332.064,0.248,1023,-6.079
RollerBallRayBrain,0.059,332.347,0.209,1020,-6.074
RollerBallRayBrain,0.061,332.638,0.211,1036,-6.068
RollerBallRayBrain,0.062,332.955,0.237,1060,-6.063
RollerBallRayBrain,0.060,333.264,0.228,1019,-6.054
RollerBallRayBrain,0.066,333.581,0.229,1118,-6.048
RollerBallRayBrain,0.062,333.942,0.277,1090,-6.040
RollerBallRayBrain,0.061,334.237,0.220,1083,-6.035
RollerBallRayBrain,0.060,334.536,0.218,1009,-6.029
RollerBallRayBrain,0.065,334.869,0.245,1048,-6.024
RollerBallRayBrain,0.069,335.208,0.248,1109,-6.020
RollerBallRayBrain,0.066,335.472,0.180,1111,-6.016
RollerBallRayBrain,0.060,335.780,0.232,1017,-6.010
RollerBallRayBrain,0.062,336.132,0.269,1051,-6.006
RollerBallRayBrain,0.060,336.430,0.214,1030,-6.002
RollerBallRayBrain,0.061,336.691,0.185,1032,-5.997
RollerBallRayBrain,0.060,337.006,0.231,1011,-5.994
RollerBallRayBrain,0.060,337.296,0.216,1027,-5.990
RollerBallRayBrain,0.060,337.591,0.221,1025,-5.983
RollerBallRayBrain,0.063,337.936,0.263,1056,-5.975
RollerBallRayBrain,0.062,338.210,0.196,1069,-5.969
RollerBallRayBrain,0.060,338.563,0.271,1005,-5.964
RollerBallRayBrain,0.061,338.836,0.199,1041,-5.960
RollerBallRayBrain,0.062,339.140,0.225,1057,-5.954
RollerBallRayBrain,0.060,339.484,0.262,1039,-5.948
RollerBallRayBrain,0.063,339.754,0.193,1048,-5.944
RollerBallRayBrain,0.060,340.051,0.222,1006,-5.940
RollerBallRayBrain,0.066,340.327,0.195,1121,-5.939
RollerBallRayBrain,0.064,340.664,0.260,1018,-5.931
RollerBallRayBrain,0.066,341.028,0.276,1114,-5.922
RollerBallRayBrain,0.063,341.331,0.226,1080,-5.917
RollerBallRayBrain,0.060,341.642,0.238,1004,-5.913
RollerBallRayBrain,0.061,341.929,0.212,1008,-5.909
RollerBallRayBrain,0.062,342.198,0.195,1014,-5.906
RollerBallRayBrain,0.065,342.597,0.311,1063,-5.904
RollerBallRayBrain,0.069,342.840,0.165,1060,-5.906
RollerBallRayBrain,0.065,343.202,0.274,1055,-5.902
RollerBallRayBrain,0.068,343.477,0.190,1018,-5.898
RollerBallRayBrain,0.068,343.829,0.263,1065,-5.895
RollerBallRayBrain,0.066,344.154,0.242,1038,-5.891
RollerBallRayBrain,0.065,344.452,0.215,1048,-5.885
RollerBallRayBrain,0.074,344.829,0.276,1023,-5.880
RollerBallRayBrain,0.069,345.168,0.244,1002,-5.876
RollerBallRayBrain,0.067,345.448,0.195,1039,-5.870
RollerBallRayBrain,0.069,345.802,0.262,1016,-5.870
RollerBallRayBrain,0.061,346.119,0.236,1025,-5.865
RollerBallRayBrain,0.060,346.381,0.183,1002,-5.861
RollerBallRayBrain,0.062,346.701,0.240,1026,-5.855
RollerBallRayBrain,0.067,347.046,0.253,1045,-5.848
RollerBallRayBrain,0.060,347.309,0.191,1011,-5.843
RollerBallRayBrain,0.067,347.650,0.257,1028,-5.836
RollerBallRayBrain,0.062,347.925,0.193,1004,-5.833
RollerBallRayBrain,0.060,348.240,0.237,1022,-5.828
RollerBallRayBrain,0.061,348.566,0.242,1045,-5.822
RollerBallRayBrain,0.061,348.838,0.199,1071,-5.818
RollerBallRayBrain,0.062,349.154,0.237,1060,-5.813
RollerBallRayBrain,0.061,349.491,0.256,1049,-5.808
RollerBallRayBrain,0.061,349.793,0.228,1039,-5.803
RollerBallRayBrain,0.061,350.092,0.223,1086,-5.800
RollerBallRayBrain,0.061,350.404,0.236,1089,-5.795
RollerBallRayBrain,0.072,350.715,0.220,1050,-5.791
RollerBallRayBrain,0.066,351.058,0.256,1107,-5.789
RollerBallRayBrain,0.062,351.393,0.248,1031,-5.783
RollerBallRayBrain,0.060,351.648,0.183,1021,-5.780
RollerBallRayBrain,0.060,351.967,0.239,1002,-5.774
RollerBallRayBrain,0.063,352.260,0.217,1035,-5.769
RollerBallRayBrain,0.059,352.532,0.199,1009,-5.766
RollerBallRayBrain,0.060,352.846,0.234,1014,-5.765
RollerBallRayBrain,0.060,353.152,0.221,1001,-5.762
RollerBallRayBrain,0.060,353.412,0.189,1014,-5.759
RollerBallRayBrain,0.061,353.707,0.216,1001,-5.754
RollerBallRayBrain,0.067,354.020,0.229,1058,-5.752
RollerBallRayBrain,0.062,354.366,0.263,1077,-5.746
RollerBallRayBrain,0.061,354.633,0.190,1034,-5.741
RollerBallRayBrain,0.061,354.971,0.249,1027,-5.740
RollerBallRayBrain,0.062,355.247,0.204,1001,-5.736
RollerBallRayBrain,0.060,355.554,0.228,1042,-5.733
RollerBallRayBrain,0.065,355.874,0.234,1091,-5.735
RollerBallRayBrain,0.062,356.147,0.192,1057,-5.733
RollerBallRayBrain,0.061,356.455,0.227,1050,-5.728
RollerBallRayBrain,0.063,356.776,0.235,1053,-5.724
RollerBallRayBrain,0.063,357.107,0.251,1051,-5.720
RollerBallRayBrain,0.062,357.401,0.217,1034,-5.717
RollerBallRayBrain,0.062,357.672,0.198,1048,-5.715
RollerBallRayBrain,0.060,357.992,0.248,1007,-5.711
RollerBallRayBrain,0.062,358.288,0.222,1011,-5.709
RollerBallRayBrain,0.060,358.546,0.185,1007,-5.707
RollerBallRayBrain,0.061,358.951,0.312,1047,-5.701
RollerBallRayBrain,0.061,359.172,0.152,1003,-5.699
RollerBallRayBrain,0.061,359.489,0.235,1064,-5.696
RollerBallRayBrain,0.062,359.745,0.179,1034,-5.693
RollerBallRayBrain,0.062,360.059,0.239,1009,-5.690
RollerBallRayBrain,0.060,360.352,0.218,1036,-5.686
RollerBallRayBrain,0.060,360.650,0.226,1007,-5.684
RollerBallRayBrain,0.061,360.988,0.258,1009,-5.678
RollerBallRayBrain,0.060,361.257,0.195,1003,-5.674
RollerBallRayBrain,0.062,361.538,0.212,1029,-5.669
RollerBallRayBrain,0.064,361.890,0.272,1032,-5.662
RollerBallRayBrain,0.062,362.146,0.182,1059,-5.658
RollerBallRayBrain,0.061,362.506,0.271,1004,-5.655
RollerBallRayBrain,0.061,362.738,0.162,1011,-5.651
RollerBallRayBrain,0.063,363.089,0.266,1053,-5.649
RollerBallRayBrain,0.061,363.361,0.196,1008,-5.648
RollerBallRayBrain,0.063,363.704,0.259,1088,-5.645
RollerBallRayBrain,0.059,364.012,0.236,1018,-5.642
RollerBallRayBrain,0.059,364.253,0.168,1001,-5.639
RollerBallRayBrain,0.060,364.592,0.262,1041,-5.635
RollerBallRayBrain,0.063,364.886,0.212,1020,-5.631
RollerBallRayBrain,0.062,365.202,0.231,1033,-5.625
RollerBallRayBrain,0.062,365.504,0.226,1065,-5.624
RollerBallRayBrain,0.061,365.837,0.246,1023,-5.622
RollerBallRayBrain,0.078,366.132,0.196,1012,-5.617
RollerBallRayBrain,0.090,366.584,0.332,1048,-5.611
RollerBallRayBrain,0.065,366.893,0.223,1057,-5.606
RollerBallRayBrain,0.067,367.261,0.286,1120,-5.600
RollerBallRayBrain,0.074,367.579,0.224,1037,-5.594
RollerBallRayBrain,0.060,367.942,0.276,1086,-5.592
RollerBallRayBrain,0.061,368.229,0.207,1007,-5.587
RollerBallRayBrain,0.062,368.538,0.233,1073,-5.581
RollerBallRayBrain,0.068,368.873,0.254,1008,-5.578
RollerBallRayBrain,0.071,369.168,0.212,1031,-5.573
RollerBallRayBrain,0.064,369.491,0.239,1048,-5.570
RollerBallRayBrain,0.060,369.807,0.242,1008,-5.566
RollerBallRayBrain,0.061,370.091,0.204,1013,-5.561
RollerBallRayBrain,0.067,370.430,0.253,1013,-5.557
RollerBallRayBrain,0.061,370.737,0.225,1061,-5.554
RollerBallRayBrain,0.060,371.031,0.219,1039,-5.549
RollerBallRayBrain,0.060,371.341,0.230,1030,-5.546
RollerBallRayBrain,0.064,371.679,0.254,1054,-5.540
RollerBallRayBrain,0.061,371.973,0.218,1040,-5.535
RollerBallRayBrain,0.060,372.340,0.287,1008,-5.530
RollerBallRayBrain,0.069,372.624,0.203,1035,-5.527
RollerBallRayBrain,0.060,372.945,0.251,1016,-5.522
RollerBallRayBrain,0.060,373.268,0.246,1013,-5.515
RollerBallRayBrain,0.061,373.543,0.205,1009,-5.511
RollerBallRayBrain,0.064,373.890,0.268,1027,-5.507
RollerBallRayBrain,0.068,374.186,0.209,1139,-5.504
RollerBallRayBrain,0.061,374.503,0.233,1012,-5.501
RollerBallRayBrain,0.061,374.783,0.200,1039,-5.497
