Brain name,Time to update policy,Time since start of training,Time for last experience collection,Number of experiences used for training,Mean return
RollerBallRayBrain,0.937,7.109,4.435,21375,-29.984
RollerBallRayBrain,0.909,12.247,3.866,20022,-30.606
RollerBallRayBrain,0.908,17.183,3.728,21072,-30.869
RollerBallRayBrain,0.863,22.124,3.732,20063,-31.310
RollerBallRayBrain,0.864,27.095,3.785,21066,-31.176
RollerBallRayBrain,0.817,32.004,3.765,20055,-30.957
RollerBallRayBrain,0.825,36.843,3.674,20062,-31.089
RollerBallRayBrain,0.819,41.772,3.765,20014,-31.234
RollerBallRayBrain,0.820,46.564,3.652,20044,-31.273
RollerBallRayBrain,0.846,51.377,3.653,20437,-31.220
RollerBallRayBrain,0.829,56.336,3.787,20062,-31.325
RollerBallRayBrain,0.834,61.188,3.696,20033,-31.326
RollerBallRayBrain,0.850,66.200,3.830,20011,-31.137
RollerBallRayBrain,0.882,71.400,3.950,20056,-30.995
RollerBallRayBrain,0.927,76.558,3.879,20031,-30.892
RollerBallRayBrain,0.857,81.592,3.839,20158,-30.828
RollerBallRayBrain,0.815,86.408,3.684,20035,-30.798
RollerBallRayBrain,0.811,91.237,3.712,20044,-30.832
RollerBallRayBrain,0.839,96.173,3.776,20040,-30.731
RollerBallRayBrain,0.816,101.008,3.709,20029,-30.638
RollerBallRayBrain,0.810,105.816,3.684,20019,-30.679
RollerBallRayBrain,0.825,110.712,3.725,20040,-30.632
RollerBallRayBrain,0.839,115.672,3.791,20012,-30.674
RollerBallRayBrain,0.845,120.779,3.910,20024,-30.687
RollerBallRayBrain,0.903,126.055,4.026,20042,-30.692
RollerBallRayBrain,0.885,131.268,3.962,20108,-30.665
RollerBallRayBrain,0.813,136.318,3.888,20008,-30.682
RollerBallRayBrain,0.860,141.342,3.820,20155,-30.451
RollerBallRayBrain,0.865,146.363,3.830,20004,-30.392
RollerBallRayBrain,0.948,151.731,4.032,20017,-30.310
RollerBallRayBrain,0.842,156.862,3.922,20013,-30.309
RollerBallRayBrain,0.901,162.020,3.907,20002,-30.267
RollerBallRayBrain,0.881,167.686,4.356,20073,-30.202
RollerBallRayBrain,0.834,172.778,3.921,20019,-30.147
RollerBallRayBrain,0.844,177.770,3.825,20061,-30.048
RollerBallRayBrain,0.858,182.829,3.863,20044,-29.998
RollerBallRayBrain,0.861,187.976,3.954,20065,-29.915
RollerBallRayBrain,0.908,193.179,3.933,20022,-29.850
RollerBallRayBrain,0.844,198.149,3.818,20010,-29.715
RollerBallRayBrain,0.857,203.104,3.753,20016,-29.594
RollerBallRayBrain,0.840,208.050,3.744,20038,-29.403
RollerBallRayBrain,0.824,212.892,3.683,20054,-29.272
RollerBallRayBrain,0.822,218.102,4.006,20050,-29.113
RollerBallRayBrain,0.821,223.039,3.799,20047,-28.911
RollerBallRayBrain,0.826,227.896,3.712,20090,-28.703
RollerBallRayBrain,0.817,232.820,3.782,20031,-28.666
RollerBallRayBrain,0.819,237.700,3.735,20034,-28.540
RollerBallRayBrain,0.832,242.494,3.675,20015,-28.414
RollerBallRayBrain,0.829,247.393,3.763,20107,-28.315
RollerBallRayBrain,0.818,252.330,3.782,20011,-28.225
RollerBallRayBrain,0.820,257.221,3.767,20016,-28.032
RollerBallRayBrain,0.823,262.110,3.726,20044,-27.871
RollerBallRayBrain,0.823,266.987,3.755,20061,-27.813
RollerBallRayBrain,0.825,271.938,3.788,20087,-27.656
RollerBallRayBrain,0.824,276.813,3.745,20031,-27.547
RollerBallRayBrain,0.817,281.700,3.739,20001,-27.491
RollerBallRayBrain,0.824,286.610,3.777,20033,-27.328
RollerBallRayBrain,0.879,291.526,3.717,20058,-27.249
RollerBallRayBrain,0.831,296.413,3.726,20061,-27.134
RollerBallRayBrain,0.836,301.490,3.889,20039,-27.060
RollerBallRayBrain,0.850,306.657,3.937,20011,-26.886
RollerBallRayBrain,0.876,311.788,3.900,20061,-26.762
RollerBallRayBrain,0.879,316.950,3.956,20010,-26.608
RollerBallRayBrain,0.857,322.049,3.887,20023,-26.553
RollerBallRayBrain,0.885,327.191,3.932,20104,-26.388
RollerBallRayBrain,0.853,332.368,3.967,20004,-26.305
RollerBallRayBrain,0.900,337.532,3.916,20050,-26.208
