Brain name,Time to update policy,Time since start of training,Time for last experience collection,Number of experiences used for training,Mean return
RollerBallRayBrain,1.970,12.309,8.374,40806,-30.145
RollerBallRayBrain,1.934,22.640,7.680,40036,-30.206
RollerBallRayBrain,1.937,32.823,7.574,40532,-30.348
RollerBallRayBrain,1.900,43.179,7.762,40022,-30.827
RollerBallRayBrain,1.986,53.520,7.719,40035,-30.921
RollerBallRayBrain,2.022,63.948,7.735,40468,-31.245
RollerBallRayBrain,1.901,74.622,8.031,40109,-31.406
RollerBallRayBrain,1.916,84.840,7.640,40013,-31.306
RollerBallRayBrain,1.901,95.149,7.723,40366,-31.248
RollerBallRayBrain,2.015,105.493,7.658,40015,-31.363
RollerBallRayBrain,1.952,116.377,8.160,40138,-31.540
RollerBallRayBrain,1.984,126.894,7.852,40084,-31.516
RollerBallRayBrain,1.925,137.413,7.913,40062,-31.483
RollerBallRayBrain,1.903,147.513,7.565,40021,-31.447
RollerBallRayBrain,1.882,157.563,7.535,40046,-31.498
RollerBallRayBrain,1.866,167.495,7.515,40012,-31.437
RollerBallRayBrain,1.862,177.493,7.548,40061,-31.444
RollerBallRayBrain,1.863,187.428,7.480,40062,-31.501
RollerBallRayBrain,1.879,197.437,7.550,40003,-31.521
RollerBallRayBrain,1.891,207.397,7.473,40051,-31.472
RollerBallRayBrain,1.865,217.388,7.516,40025,-31.415
RollerBallRayBrain,1.859,227.347,7.471,40090,-31.445
RollerBallRayBrain,1.860,237.288,7.509,40018,-31.391
RollerBallRayBrain,1.867,247.238,7.489,40010,-31.447
RollerBallRayBrain,1.886,257.242,7.477,40102,-31.433
RollerBallRayBrain,1.860,267.155,7.449,40006,-31.429
RollerBallRayBrain,1.863,277.081,7.482,40032,-31.438
RollerBallRayBrain,1.859,287.033,7.468,40001,-31.465
RollerBallRayBrain,1.858,297.004,7.508,40111,-31.409
RollerBallRayBrain,1.905,306.968,7.453,40060,-31.426
RollerBallRayBrain,1.962,317.366,7.808,40011,-31.349
RollerBallRayBrain,1.915,327.542,7.657,40030,-31.336
RollerBallRayBrain,1.915,337.739,7.628,40024,-31.345
