Brain name,Time to update policy,Time since start of training,Time for last experience collection,Number of experiences used for training,Mean return
RollerBallRayBrain,0.256,3.154,1.547,5106,-4.275
RollerBallRayBrain,0.241,4.400,0.933,5265,-4.275
RollerBallRayBrain,0.246,5.692,0.962,5265,-4.275
RollerBallRayBrain,0.270,7.130,1.078,5682,-28.658
RollerBallRayBrain,0.247,8.400,0.935,5283,-28.098
RollerBallRayBrain,0.247,9.673,0.940,5222,-27.751
RollerBallRayBrain,0.258,11.122,1.089,5651,-29.363
RollerBallRayBrain,0.236,12.395,0.952,5248,-29.216
RollerBallRayBrain,0.235,13.652,0.943,5297,-29.345
RollerBallRayBrain,0.227,14.889,0.927,5265,-29.345
RollerBallRayBrain,0.268,16.493,1.232,5666,-29.841
RollerBallRayBrain,0.235,17.799,0.981,5297,-29.916
RollerBallRayBrain,0.222,19.071,0.983,5265,-29.916
RollerBallRayBrain,0.263,20.574,1.141,5575,-30.158
RollerBallRayBrain,0.227,21.849,0.969,5304,-29.982
RollerBallRayBrain,0.221,23.116,0.942,5281,-30.009
RollerBallRayBrain,0.245,24.528,1.073,5634,-30.453
RollerBallRayBrain,0.252,25.838,0.981,5278,-30.393
RollerBallRayBrain,0.233,27.169,0.998,5297,-30.432
RollerBallRayBrain,0.219,28.445,0.974,5316,-30.184
RollerBallRayBrain,0.245,29.886,1.110,5665,-30.624
RollerBallRayBrain,0.247,31.165,0.939,5259,-30.536
RollerBallRayBrain,0.222,32.429,0.963,5281,-30.551
RollerBallRayBrain,0.236,33.849,1.098,5568,-30.864
RollerBallRayBrain,0.219,35.104,0.956,5313,-30.900
RollerBallRayBrain,0.247,36.393,0.972,5245,-30.764
RollerBallRayBrain,0.242,37.819,1.092,5618,-30.967
RollerBallRayBrain,0.238,39.118,0.979,5330,-30.809
RollerBallRayBrain,0.220,40.380,0.957,5208,-30.658
RollerBallRayBrain,0.226,41.629,0.935,5297,-30.681
RollerBallRayBrain,0.242,43.059,1.088,5637,-30.777
RollerBallRayBrain,0.221,44.316,0.959,5248,-30.805
RollerBallRayBrain,0.223,45.567,0.956,5297,-30.824
RollerBallRayBrain,0.241,46.978,1.079,5593,-30.898
RollerBallRayBrain,0.222,48.249,0.953,5256,-30.854
RollerBallRayBrain,0.230,49.515,0.950,5335,-30.840
RollerBallRayBrain,0.215,50.845,1.019,5023,-30.625
RollerBallRayBrain,0.218,52.058,0.918,5003,-30.590
RollerBallRayBrain,0.223,53.280,0.919,5062,-30.527
RollerBallRayBrain,0.216,54.477,0.907,5032,-30.522
RollerBallRayBrain,0.226,55.754,0.971,5259,-30.574
RollerBallRayBrain,0.221,57.028,0.973,5230,-30.568
RollerBallRayBrain,0.218,58.282,0.964,5207,-30.490
RollerBallRayBrain,0.218,59.603,1.018,5002,-30.581
RollerBallRayBrain,0.222,60.858,0.945,5052,-30.631
RollerBallRayBrain,0.220,62.080,0.932,5020,-30.666
RollerBallRayBrain,0.224,63.228,0.855,5004,-30.693
RollerBallRayBrain,0.226,64.605,1.063,5004,-30.722
RollerBallRayBrain,0.222,65.916,0.999,5064,-30.632
RollerBallRayBrain,0.216,67.152,0.927,5062,-30.636
RollerBallRayBrain,0.224,68.356,0.910,5019,-30.692
RollerBallRayBrain,0.229,69.650,0.969,5035,-30.752
RollerBallRayBrain,0.217,70.894,0.956,5053,-30.769
RollerBallRayBrain,0.224,72.177,0.975,5296,-30.804
RollerBallRayBrain,0.220,73.466,0.988,5002,-30.869
RollerBallRayBrain,0.246,74.772,0.990,5035,-30.802
RollerBallRayBrain,0.249,75.978,0.884,5069,-30.823
RollerBallRayBrain,0.223,77.350,1.044,5053,-30.839
RollerBallRayBrain,0.262,78.802,1.100,5034,-30.910
RollerBallRayBrain,0.227,80.135,1.023,5060,-30.883
RollerBallRayBrain,0.236,81.421,0.971,5036,-30.912
RollerBallRayBrain,0.221,82.615,0.888,5015,-30.892
RollerBallRayBrain,0.221,83.847,0.935,5019,-30.934
RollerBallRayBrain,0.230,85.140,0.969,5020,-30.956
RollerBallRayBrain,0.229,86.450,0.993,5020,-30.978
RollerBallRayBrain,0.221,87.975,1.200,5058,-31.015
RollerBallRayBrain,0.218,89.158,0.890,5052,-31.044
RollerBallRayBrain,0.299,90.463,0.930,5020,-31.064
RollerBallRayBrain,0.266,91.979,1.134,5002,-31.112
RollerBallRayBrain,0.237,93.425,1.115,5085,-31.131
RollerBallRayBrain,0.234,94.760,1.015,5052,-31.115
RollerBallRayBrain,0.236,96.031,0.943,5014,-31.081
RollerBallRayBrain,0.238,97.370,0.993,5021,-30.839
RollerBallRayBrain,0.247,98.800,1.081,5075,-30.811
RollerBallRayBrain,0.243,100.268,1.110,5020,-30.831
RollerBallRayBrain,0.234,101.554,0.978,5064,-30.822
RollerBallRayBrain,0.226,102.890,1.004,5035,-30.861
RollerBallRayBrain,0.227,104.081,0.892,5051,-30.873
RollerBallRayBrain,0.232,105.360,0.956,5019,-30.857
RollerBallRayBrain,0.260,106.737,1.029,5041,-30.876
RollerBallRayBrain,0.251,108.049,0.978,5025,-30.824
RollerBallRayBrain,0.220,109.295,0.939,5014,-30.757
RollerBallRayBrain,0.222,110.477,0.885,5004,-30.772
RollerBallRayBrain,0.225,111.824,1.025,5057,-30.749
RollerBallRayBrain,0.218,113.111,0.987,5042,-30.692
RollerBallRayBrain,0.229,114.352,0.936,5004,-30.707
RollerBallRayBrain,0.218,115.564,0.920,5002,-30.750
RollerBallRayBrain,0.236,116.843,0.966,5062,-30.700
RollerBallRayBrain,0.221,118.108,0.965,5120,-30.648
RollerBallRayBrain,0.224,119.366,0.949,5167,-30.655
RollerBallRayBrain,0.218,120.613,0.944,5004,-30.675
RollerBallRayBrain,0.219,121.860,0.948,5053,-30.624
RollerBallRayBrain,0.219,123.087,0.928,5036,-30.645
RollerBallRayBrain,0.221,124.339,0.937,5165,-30.679
RollerBallRayBrain,0.221,125.609,0.969,5003,-30.706
RollerBallRayBrain,0.220,126.841,0.925,5042,-30.667
RollerBallRayBrain,0.222,128.002,0.862,5021,-30.670
RollerBallRayBrain,0.232,129.292,0.970,5032,-30.631
RollerBallRayBrain,0.218,130.545,0.959,5047,-30.616
RollerBallRayBrain,0.231,131.783,0.931,5025,-30.603
RollerBallRayBrain,0.222,133.044,0.954,5019,-30.632
RollerBallRayBrain,0.225,134.339,0.992,5046,-30.588
RollerBallRayBrain,0.236,135.645,0.976,5026,-30.558
RollerBallRayBrain,0.220,136.847,0.908,5013,-30.540
RollerBallRayBrain,0.217,138.161,1.004,5187,-30.545
RollerBallRayBrain,0.222,139.444,0.981,5028,-30.435
RollerBallRayBrain,0.220,140.715,0.962,5077,-30.406
RollerBallRayBrain,0.221,141.937,0.915,5001,-30.399
RollerBallRayBrain,0.219,143.136,0.901,5026,-30.399
RollerBallRayBrain,0.220,144.360,0.928,5036,-30.418
RollerBallRayBrain,0.225,145.674,1.001,5023,-30.363
RollerBallRayBrain,0.224,146.912,0.927,5052,-30.385
RollerBallRayBrain,0.221,148.215,0.991,5038,-30.398
RollerBallRayBrain,0.216,149.422,0.908,5016,-30.336
RollerBallRayBrain,0.227,150.682,0.950,5036,-30.355
RollerBallRayBrain,0.224,152.027,1.026,5028,-30.288
RollerBallRayBrain,0.218,153.274,0.954,5014,-30.276
RollerBallRayBrain,0.225,154.536,0.945,5038,-30.195
RollerBallRayBrain,0.216,155.741,0.913,5007,-30.149
RollerBallRayBrain,0.214,157.026,0.997,5017,-30.060
RollerBallRayBrain,0.223,158.229,0.904,5005,-30.062
RollerBallRayBrain,0.220,159.496,0.969,5068,-30.003
RollerBallRayBrain,0.223,160.784,0.972,5048,-30.015
RollerBallRayBrain,0.220,161.974,0.894,5053,-30.025
RollerBallRayBrain,0.217,163.199,0.937,5002,-30.062
RollerBallRayBrain,0.220,164.475,0.967,5121,-29.980
RollerBallRayBrain,0.221,165.754,0.958,5047,-29.980
RollerBallRayBrain,0.222,166.995,0.940,5016,-29.954
RollerBallRayBrain,0.228,168.276,0.967,5007,-29.931
RollerBallRayBrain,0.291,169.759,1.074,5035,-29.961
RollerBallRayBrain,0.218,171.067,1.002,5032,-29.955
RollerBallRayBrain,0.218,172.323,0.950,5082,-29.966
RollerBallRayBrain,0.216,173.568,0.953,5044,-29.920
RollerBallRayBrain,0.220,174.841,0.961,5061,-29.890
RollerBallRayBrain,0.223,176.094,0.946,5036,-29.908
RollerBallRayBrain,0.222,177.327,0.926,5035,-29.937
RollerBallRayBrain,0.219,178.604,0.965,5010,-29.940
RollerBallRayBrain,0.222,179.872,0.952,5091,-29.874
RollerBallRayBrain,0.219,181.229,1.043,5011,-29.848
RollerBallRayBrain,0.219,182.451,0.928,5065,-29.832
RollerBallRayBrain,0.251,183.784,0.992,5027,-29.816
RollerBallRayBrain,0.226,185.082,0.973,5041,-29.750
RollerBallRayBrain,0.240,186.455,1.043,5064,-29.749
RollerBallRayBrain,0.236,187.832,1.037,5018,-29.745
RollerBallRayBrain,0.240,189.148,0.999,5007,-29.726
RollerBallRayBrain,0.229,190.469,0.993,5055,-29.730
RollerBallRayBrain,0.229,191.793,1.003,5028,-29.744
RollerBallRayBrain,0.225,193.108,0.977,5035,-29.724
RollerBallRayBrain,0.227,194.384,0.969,5011,-29.707
RollerBallRayBrain,0.229,195.660,0.960,5001,-29.714
RollerBallRayBrain,0.221,196.975,1.007,5008,-29.701
RollerBallRayBrain,0.229,198.223,0.926,5004,-29.712
RollerBallRayBrain,0.221,199.558,1.001,5019,-29.720
RollerBallRayBrain,0.218,200.786,0.931,5045,-29.688
RollerBallRayBrain,0.222,202.074,0.977,5035,-29.684
RollerBallRayBrain,0.240,203.370,0.973,5019,-29.709
RollerBallRayBrain,0.230,204.619,0.941,5032,-29.680
RollerBallRayBrain,0.224,205.904,0.968,5062,-29.692
RollerBallRayBrain,0.265,207.290,1.012,5053,-29.700
RollerBallRayBrain,0.263,208.638,0.984,5036,-29.716
RollerBallRayBrain,0.228,210.017,1.047,5093,-29.727
RollerBallRayBrain,0.231,211.304,0.967,5044,-29.695
RollerBallRayBrain,0.233,212.614,0.985,5024,-29.669
RollerBallRayBrain,0.240,214.003,1.039,5024,-29.654
RollerBallRayBrain,0.228,215.383,1.058,5076,-29.635
RollerBallRayBrain,0.223,216.642,0.962,5011,-29.580
RollerBallRayBrain,0.218,217.822,0.896,5004,-29.590
RollerBallRayBrain,0.222,219.069,0.941,5142,-29.577
RollerBallRayBrain,0.222,220.341,0.962,5030,-29.513
RollerBallRayBrain,0.225,221.607,0.954,5006,-29.511
RollerBallRayBrain,0.221,222.853,0.949,5043,-29.496
RollerBallRayBrain,0.216,224.105,0.963,5071,-29.448
RollerBallRayBrain,0.216,225.297,0.900,5035,-29.434
RollerBallRayBrain,0.219,226.536,0.931,5047,-29.397
RollerBallRayBrain,0.215,227.832,0.998,5047,-29.401
RollerBallRayBrain,0.218,229.086,0.952,5044,-29.398
RollerBallRayBrain,0.221,230.293,0.918,5024,-29.393
RollerBallRayBrain,0.218,231.506,0.904,5112,-29.395
RollerBallRayBrain,0.218,232.732,0.922,5037,-29.399
RollerBallRayBrain,0.217,233.987,0.958,5050,-29.374
RollerBallRayBrain,0.222,235.209,0.927,5061,-29.355
RollerBallRayBrain,0.222,236.450,0.935,5019,-29.361
RollerBallRayBrain,0.254,237.798,0.994,5021,-29.353
RollerBallRayBrain,0.222,239.076,0.983,5010,-29.341
RollerBallRayBrain,0.234,240.433,1.030,5098,-29.304
RollerBallRayBrain,0.227,241.783,1.021,5126,-29.270
RollerBallRayBrain,0.255,243.141,1.006,5030,-29.254
RollerBallRayBrain,0.218,244.388,0.954,5079,-29.217
RollerBallRayBrain,0.220,245.675,0.978,5012,-29.222
RollerBallRayBrain,0.226,246.901,0.928,5020,-29.226
RollerBallRayBrain,0.215,248.146,0.958,5024,-29.234
RollerBallRayBrain,0.229,249.464,1.001,5011,-29.214
RollerBallRayBrain,0.223,250.723,0.955,5003,-29.234
RollerBallRayBrain,0.217,251.975,0.951,5040,-29.236
RollerBallRayBrain,0.227,253.255,0.965,5020,-29.249
RollerBallRayBrain,0.222,254.552,0.980,5044,-29.252
RollerBallRayBrain,0.231,255.828,0.963,5039,-29.251
RollerBallRayBrain,0.248,257.175,1.002,5149,-29.272
RollerBallRayBrain,0.235,258.539,1.025,5067,-29.199
RollerBallRayBrain,0.218,259.832,0.996,5054,-29.186
RollerBallRayBrain,0.225,261.137,0.978,5030,-29.134
RollerBallRayBrain,0.226,262.387,0.948,5015,-29.102
RollerBallRayBrain,0.223,263.658,0.955,5003,-29.121
RollerBallRayBrain,0.220,264.945,0.985,5003,-29.097
RollerBallRayBrain,0.222,266.270,1.002,5106,-29.084
RollerBallRayBrain,0.231,267.532,0.951,5040,-29.081
RollerBallRayBrain,0.219,268.708,0.876,5006,-29.045
RollerBallRayBrain,0.217,269.963,0.952,5001,-29.049
RollerBallRayBrain,0.229,271.371,1.071,5032,-28.959
RollerBallRayBrain,0.238,272.646,0.964,5020,-28.971
RollerBallRayBrain,0.220,273.917,0.969,5061,-28.965
RollerBallRayBrain,0.219,275.157,0.938,5031,-28.927
RollerBallRayBrain,0.217,276.412,0.958,5040,-28.928
RollerBallRayBrain,0.230,277.659,0.941,5043,-28.906
RollerBallRayBrain,0.224,278.939,0.979,5127,-28.854
RollerBallRayBrain,0.218,280.225,0.980,5066,-28.806
RollerBallRayBrain,0.215,281.474,0.950,5052,-28.790
RollerBallRayBrain,0.219,282.668,0.896,5121,-28.793
RollerBallRayBrain,0.229,283.967,0.997,5058,-28.773
RollerBallRayBrain,0.226,285.313,1.032,5046,-28.687
RollerBallRayBrain,0.220,286.559,0.947,5010,-28.687
RollerBallRayBrain,0.214,287.864,0.990,5020,-28.699
RollerBallRayBrain,0.225,289.146,0.963,5061,-28.711
RollerBallRayBrain,0.232,290.505,1.044,5123,-28.625
RollerBallRayBrain,0.226,291.757,0.940,5010,-28.558
RollerBallRayBrain,0.266,293.064,0.961,5057,-28.537
RollerBallRayBrain,0.228,294.390,1.007,5058,-28.531
RollerBallRayBrain,0.235,295.728,1.001,5046,-28.518
RollerBallRayBrain,0.232,297.163,1.095,5052,-28.490
RollerBallRayBrain,0.230,298.513,1.036,5024,-28.435
RollerBallRayBrain,0.220,299.785,0.971,5040,-28.401
RollerBallRayBrain,0.230,301.063,0.959,5085,-28.370
RollerBallRayBrain,0.224,302.287,0.919,5053,-28.359
RollerBallRayBrain,0.226,303.557,0.960,5023,-28.355
RollerBallRayBrain,0.226,304.869,0.999,5035,-28.327
RollerBallRayBrain,0.221,306.157,0.974,5062,-28.280
RollerBallRayBrain,0.232,307.408,0.951,5007,-28.254
RollerBallRayBrain,0.259,308.773,1.016,5063,-28.252
RollerBallRayBrain,0.221,310.027,0.940,5008,-28.236
RollerBallRayBrain,0.229,311.370,1.026,5025,-28.212
RollerBallRayBrain,0.224,312.617,0.934,5006,-28.181
RollerBallRayBrain,0.222,313.910,0.985,5042,-28.180
RollerBallRayBrain,0.214,315.152,0.940,5025,-28.152
RollerBallRayBrain,0.220,316.408,0.953,5065,-28.125
RollerBallRayBrain,0.229,317.691,0.982,5056,-28.071
RollerBallRayBrain,0.225,318.940,0.950,5023,-28.038
RollerBallRayBrain,0.216,320.147,0.919,5027,-27.995
RollerBallRayBrain,0.217,321.428,0.974,5041,-27.989
RollerBallRayBrain,0.222,322.666,0.933,5015,-27.944
RollerBallRayBrain,0.220,323.905,0.947,5035,-27.910
RollerBallRayBrain,0.226,325.153,0.949,5019,-27.860
RollerBallRayBrain,0.216,326.394,0.939,5014,-27.821
RollerBallRayBrain,0.222,327.653,0.964,5001,-27.757
RollerBallRayBrain,0.219,328.981,1.016,5064,-27.728
RollerBallRayBrain,0.221,330.200,0.908,5058,-27.693
RollerBallRayBrain,0.220,331.396,0.903,5042,-27.685
RollerBallRayBrain,0.222,332.662,0.978,5059,-27.653
RollerBallRayBrain,0.225,333.928,0.957,5052,-27.612
RollerBallRayBrain,0.229,335.207,0.963,5002,-27.587
RollerBallRayBrain,0.217,336.438,0.928,5013,-27.558
RollerBallRayBrain,0.216,337.714,0.979,5076,-27.530
RollerBallRayBrain,0.217,338.937,0.931,5037,-27.520
RollerBallRayBrain,0.220,340.193,0.961,5065,-27.496
RollerBallRayBrain,0.221,341.393,0.908,5056,-27.479
