Brain name,Time to update policy,Time since start of training,Time for last experience collection,Number of experiences used for training,Mean return
RollerBallRayBrain,1.688,10.515,7.006,35453,-30.942
RollerBallRayBrain,1.655,19.397,6.684,35735,-31.895
RollerBallRayBrain,1.702,28.421,6.734,35880,-31.476
RollerBallRayBrain,1.624,37.388,6.771,35031,-31.595
RollerBallRayBrain,1.656,46.160,6.556,35004,-31.164
RollerBallRayBrain,1.684,55.248,6.838,35028,-31.220
RollerBallRayBrain,1.734,64.467,6.902,35101,-31.177
RollerBallRayBrain,1.629,73.747,7.011,35036,-31.077
RollerBallRayBrain,1.724,82.712,6.689,35049,-30.902
RollerBallRayBrain,1.625,91.873,6.909,35062,-30.970
RollerBallRayBrain,1.623,100.821,6.754,35062,-30.950
RollerBallRayBrain,1.651,109.904,6.820,35038,-30.892
RollerBallRayBrain,1.779,119.244,6.938,35005,-30.885
RollerBallRayBrain,1.643,128.073,6.632,35069,-30.850
RollerBallRayBrain,1.663,137.250,6.892,35023,-30.744
RollerBallRayBrain,1.634,146.302,6.783,35020,-30.757
RollerBallRayBrain,1.716,155.570,6.926,35035,-30.654
RollerBallRayBrain,1.760,164.830,6.857,35005,-30.519
RollerBallRayBrain,1.690,173.985,6.837,35058,-30.544
RollerBallRayBrain,1.677,183.017,6.770,35052,-30.386
RollerBallRayBrain,1.726,192.030,6.714,35040,-30.318
RollerBallRayBrain,1.725,201.143,6.778,35036,-30.228
RollerBallRayBrain,1.719,210.256,6.807,35006,-30.006
RollerBallRayBrain,1.662,219.473,6.966,35025,-29.861
RollerBallRayBrain,1.752,228.757,6.950,35019,-29.766
RollerBallRayBrain,1.659,237.833,6.814,35060,-29.691
RollerBallRayBrain,1.657,246.870,6.802,35058,-29.440
RollerBallRayBrain,1.687,256.018,6.876,35048,-29.409
RollerBallRayBrain,1.726,265.139,6.792,35107,-29.238
RollerBallRayBrain,1.744,274.839,7.283,35032,-29.084
RollerBallRayBrain,1.735,284.303,7.082,35048,-28.960
RollerBallRayBrain,1.699,293.389,6.806,35052,-28.789
RollerBallRayBrain,1.689,302.466,6.753,35003,-28.652
RollerBallRayBrain,1.671,311.390,6.717,35176,-28.527
RollerBallRayBrain,1.698,320.503,6.816,35049,-28.355
RollerBallRayBrain,1.666,329.609,6.859,35054,-28.171
RollerBallRayBrain,1.711,338.758,6.818,35023,-28.089
RollerBallRayBrain,1.629,347.735,6.736,35126,-27.965
