Brain name,Time to update policy,Time since start of training,Time for last experience collection,Number of experiences used for training,Mean return
RollerBallRayBrain,0.486,4.471,2.507,10337,-2.220
RollerBallRayBrain,0.467,7.155,2.052,10916,-27.900
RollerBallRayBrain,0.462,9.729,1.945,10546,-28.064
RollerBallRayBrain,0.478,12.563,2.143,10849,-29.741
RollerBallRayBrain,0.459,15.129,1.895,10475,-29.562
RollerBallRayBrain,0.462,17.893,2.090,10906,-30.401
RollerBallRayBrain,0.432,20.491,1.992,10019,-30.809
RollerBallRayBrain,0.431,22.793,1.730,10038,-30.561
RollerBallRayBrain,0.431,25.336,1.936,10393,-30.418
RollerBallRayBrain,0.417,27.838,1.917,10049,-30.299
RollerBallRayBrain,0.422,30.178,1.774,10051,-30.495
RollerBallRayBrain,0.420,32.760,1.993,10210,-30.482
RollerBallRayBrain,0.418,35.265,1.925,10026,-30.693
RollerBallRayBrain,0.414,37.691,1.868,10140,-30.737
RollerBallRayBrain,0.419,40.200,1.928,10043,-30.382
RollerBallRayBrain,0.418,42.774,1.959,10068,-30.303
RollerBallRayBrain,0.417,45.241,1.895,10110,-30.196
RollerBallRayBrain,0.415,47.726,1.921,10028,-30.250
RollerBallRayBrain,0.416,50.130,1.839,10051,-30.154
RollerBallRayBrain,0.418,52.643,1.933,10038,-30.043
RollerBallRayBrain,0.415,55.047,1.840,10043,-29.910
RollerBallRayBrain,0.415,57.545,1.914,10036,-29.831
RollerBallRayBrain,0.415,59.988,1.868,10055,-29.784
RollerBallRayBrain,0.411,62.524,1.936,10065,-29.753
RollerBallRayBrain,0.421,64.989,1.864,10023,-29.793
RollerBallRayBrain,0.416,67.482,1.915,10006,-29.711
RollerBallRayBrain,0.418,69.991,1.911,10107,-29.663
RollerBallRayBrain,0.414,72.417,1.856,10016,-29.590
RollerBallRayBrain,0.416,74.867,1.878,10103,-29.483
RollerBallRayBrain,0.417,77.314,1.882,10034,-29.532
RollerBallRayBrain,0.414,79.767,1.868,10064,-29.621
RollerBallRayBrain,0.420,82.230,1.877,10122,-29.575
RollerBallRayBrain,0.412,84.675,1.878,10064,-29.438
RollerBallRayBrain,0.423,87.174,1.902,10058,-29.397
RollerBallRayBrain,0.406,89.539,1.800,10033,-29.414
RollerBallRayBrain,0.480,92.111,1.943,10015,-29.271
RollerBallRayBrain,0.413,94.538,1.851,10011,-29.200
RollerBallRayBrain,0.416,97.014,1.877,10027,-29.073
RollerBallRayBrain,0.421,99.552,1.927,10028,-29.028
RollerBallRayBrain,0.418,102.197,2.042,10056,-28.942
RollerBallRayBrain,0.410,104.728,1.942,10122,-28.746
RollerBallRayBrain,0.451,107.184,1.862,10050,-28.498
RollerBallRayBrain,0.416,109.667,1.902,10038,-28.375
RollerBallRayBrain,0.412,112.227,1.981,10061,-28.235
RollerBallRayBrain,0.416,114.701,1.881,10043,-28.101
RollerBallRayBrain,0.414,117.207,1.911,10087,-27.909
RollerBallRayBrain,0.428,119.692,1.902,10047,-27.772
RollerBallRayBrain,0.446,122.304,1.986,10014,-27.505
RollerBallRayBrain,0.409,124.765,1.895,10018,-27.451
RollerBallRayBrain,0.431,127.291,1.927,10022,-27.259
RollerBallRayBrain,0.416,129.913,1.996,10008,-27.114
RollerBallRayBrain,0.426,132.403,1.910,10033,-27.037
RollerBallRayBrain,0.412,134.888,1.911,10050,-26.680
RollerBallRayBrain,0.417,137.373,1.899,10021,-26.442
RollerBallRayBrain,0.410,139.885,1.956,10035,-26.127
RollerBallRayBrain,0.418,142.369,1.920,10035,-25.953
RollerBallRayBrain,0.414,144.778,1.850,10001,-25.847
RollerBallRayBrain,0.416,147.275,1.913,10036,-25.837
RollerBallRayBrain,0.412,149.709,1.876,10045,-25.808
RollerBallRayBrain,0.423,152.305,1.993,10114,-25.699
RollerBallRayBrain,0.410,154.696,1.832,10013,-25.610
RollerBallRayBrain,0.411,157.211,1.929,10037,-25.455
RollerBallRayBrain,0.408,159.668,1.888,10019,-25.194
RollerBallRayBrain,0.426,162.136,1.876,10128,-25.048
RollerBallRayBrain,0.408,164.622,1.924,10031,-24.906
RollerBallRayBrain,0.413,167.113,1.908,10040,-24.869
RollerBallRayBrain,0.411,169.534,1.856,10037,-24.837
RollerBallRayBrain,0.411,172.031,1.923,10063,-24.658
RollerBallRayBrain,0.407,174.534,1.929,10031,-24.447
RollerBallRayBrain,0.412,177.005,1.904,10030,-24.279
RollerBallRayBrain,0.414,179.458,1.885,10093,-24.177
RollerBallRayBrain,0.484,181.993,1.899,10019,-24.040
RollerBallRayBrain,0.410,184.558,1.985,10032,-23.833
RollerBallRayBrain,0.415,186.959,1.826,10012,-23.641
RollerBallRayBrain,0.417,189.454,1.924,10014,-23.613
RollerBallRayBrain,0.407,191.891,1.880,10032,-23.467
RollerBallRayBrain,0.415,194.453,1.992,10064,-23.295
RollerBallRayBrain,0.414,196.950,1.930,10031,-23.054
RollerBallRayBrain,0.410,199.417,1.885,10012,-22.821
RollerBallRayBrain,0.458,202.149,2.081,10029,-22.628
RollerBallRayBrain,0.448,204.761,1.984,10022,-22.470
RollerBallRayBrain,0.421,207.349,1.995,10117,-22.273
RollerBallRayBrain,0.417,209.964,2.022,10046,-22.048
RollerBallRayBrain,0.437,212.633,2.060,10047,-21.953
RollerBallRayBrain,0.426,215.125,1.907,10043,-21.851
RollerBallRayBrain,0.417,217.700,1.972,10030,-21.761
RollerBallRayBrain,0.439,220.277,1.972,10009,-21.688
RollerBallRayBrain,0.411,222.799,1.930,10073,-21.617
RollerBallRayBrain,0.420,225.321,1.945,10012,-21.413
RollerBallRayBrain,0.420,227.841,1.930,10018,-21.305
RollerBallRayBrain,0.413,230.511,2.052,10046,-21.160
RollerBallRayBrain,0.413,233.000,1.907,10038,-21.095
RollerBallRayBrain,0.413,235.426,1.851,10012,-21.049
RollerBallRayBrain,0.411,237.973,1.979,10008,-20.984
RollerBallRayBrain,0.413,240.415,1.877,10005,-20.893
RollerBallRayBrain,0.411,242.962,1.976,10003,-20.780
RollerBallRayBrain,0.414,245.456,1.916,10019,-20.770
RollerBallRayBrain,0.416,247.921,1.865,10036,-20.654
RollerBallRayBrain,0.410,250.449,1.955,10008,-20.542
RollerBallRayBrain,0.413,252.915,1.898,10066,-20.485
RollerBallRayBrain,0.416,255.443,1.943,10010,-20.342
RollerBallRayBrain,0.417,257.889,1.851,10096,-20.274
RollerBallRayBrain,0.418,260.390,1.915,10047,-20.297
RollerBallRayBrain,0.415,262.851,1.877,10060,-20.218
RollerBallRayBrain,0.412,265.412,1.991,10002,-20.010
RollerBallRayBrain,0.410,267.902,1.928,10031,-19.953
RollerBallRayBrain,0.418,270.417,1.932,10112,-19.827
RollerBallRayBrain,0.413,273.019,2.025,10059,-19.739
RollerBallRayBrain,0.412,275.443,1.867,10009,-19.709
RollerBallRayBrain,0.423,277.997,1.966,10011,-19.595
RollerBallRayBrain,0.413,280.491,1.916,10115,-19.513
RollerBallRayBrain,0.414,283.029,1.968,10008,-19.493
RollerBallRayBrain,0.418,285.548,1.951,10062,-19.380
RollerBallRayBrain,0.428,288.109,1.966,10054,-19.277
RollerBallRayBrain,0.433,290.587,1.871,10048,-19.154
RollerBallRayBrain,0.417,293.293,2.113,10063,-19.047
RollerBallRayBrain,0.414,295.733,1.869,10039,-18.991
RollerBallRayBrain,0.416,298.299,1.969,10040,-18.925
RollerBallRayBrain,0.415,300.721,1.848,10056,-18.889
RollerBallRayBrain,0.423,303.352,2.040,10016,-18.907
RollerBallRayBrain,0.418,305.891,1.961,10005,-18.850
RollerBallRayBrain,0.419,308.503,2.027,10043,-18.676
RollerBallRayBrain,0.429,311.162,2.053,10125,-18.544
RollerBallRayBrain,0.413,313.597,1.869,10025,-18.486
RollerBallRayBrain,0.417,316.169,1.992,10047,-18.453
RollerBallRayBrain,0.412,318.720,1.961,10093,-18.335
RollerBallRayBrain,0.420,321.246,1.934,10042,-18.257
RollerBallRayBrain,0.410,323.780,1.967,10017,-18.177
RollerBallRayBrain,0.422,326.246,1.879,10046,-18.127
RollerBallRayBrain,0.415,328.795,1.987,10131,-18.086
RollerBallRayBrain,0.414,331.292,1.907,10034,-18.025
RollerBallRayBrain,0.413,333.929,2.064,10023,-17.948
RollerBallRayBrain,0.418,336.424,1.926,10057,-17.853
