Brain name,Time to update policy,Time since start of training,Time for last experience collection,Number of experiences used for training,Mean return
RollerBallRayBrain,2.155,13.344,9.206,46043,-30.943
RollerBallRayBrain,2.233,24.791,8.486,45283,-31.702
RollerBallRayBrain,2.296,36.486,8.613,45023,-31.576
RollerBallRayBrain,2.173,47.711,8.364,45017,-31.520
RollerBallRayBrain,2.156,59.178,8.562,45111,-31.516
RollerBallRayBrain,2.118,70.394,8.382,45030,-31.494
RollerBallRayBrain,2.196,81.703,8.383,45004,-31.400
RollerBallRayBrain,2.228,93.325,8.666,45015,-31.404
RollerBallRayBrain,2.258,105.429,9.051,45050,-31.306
RollerBallRayBrain,2.310,117.194,8.709,45041,-31.230
RollerBallRayBrain,2.283,129.622,9.264,45035,-31.147
RollerBallRayBrain,2.192,141.148,8.578,45030,-31.159
RollerBallRayBrain,2.162,152.564,8.535,45047,-31.217
RollerBallRayBrain,2.153,163.995,8.559,45059,-31.235
RollerBallRayBrain,2.260,175.499,8.516,45010,-31.150
RollerBallRayBrain,2.179,187.254,8.782,45077,-31.134
RollerBallRayBrain,2.169,198.669,8.479,45064,-31.079
RollerBallRayBrain,2.206,210.060,8.493,45025,-31.034
RollerBallRayBrain,2.190,221.835,8.804,45122,-31.094
RollerBallRayBrain,2.199,233.218,8.477,45006,-31.176
RollerBallRayBrain,2.172,244.918,8.764,45046,-31.218
RollerBallRayBrain,2.147,256.127,8.375,45015,-31.258
RollerBallRayBrain,2.130,267.331,8.397,45012,-31.208
RollerBallRayBrain,2.127,278.504,8.369,45004,-31.206
RollerBallRayBrain,2.133,289.656,8.326,45028,-31.224
RollerBallRayBrain,2.138,300.823,8.342,45126,-31.298
RollerBallRayBrain,2.139,312.028,8.365,45058,-31.279
RollerBallRayBrain,2.129,323.170,8.349,45048,-31.245
RollerBallRayBrain,2.132,334.367,8.390,45091,-31.261
