Brain name,Time to update policy,Time since start of training,Time for last experience collection,Number of experiences used for training,Mean return
RollerBallRayBrain,1.457,9.412,6.112,30087,-28.555
RollerBallRayBrain,1.437,17.256,5.905,30526,-30.356
RollerBallRayBrain,1.419,24.784,5.662,30582,-30.168
RollerBallRayBrain,1.392,32.242,5.583,30160,-30.047
RollerBallRayBrain,1.549,40.095,5.806,30063,-30.131
RollerBallRayBrain,1.501,47.958,5.851,30041,-30.461
RollerBallRayBrain,1.393,55.477,5.672,30053,-30.792
RollerBallRayBrain,1.423,63.198,5.809,30360,-30.912
RollerBallRayBrain,1.450,70.908,5.766,30015,-30.953
RollerBallRayBrain,1.432,78.636,5.783,30095,-31.107
RollerBallRayBrain,1.412,86.276,5.755,30057,-31.258
RollerBallRayBrain,1.489,94.128,5.887,30111,-31.380
RollerBallRayBrain,1.403,101.794,5.792,30051,-31.466
RollerBallRayBrain,1.437,109.544,5.830,30127,-31.515
RollerBallRayBrain,1.455,117.216,5.715,30075,-31.436
RollerBallRayBrain,1.414,124.980,5.822,30045,-31.358
RollerBallRayBrain,1.411,132.737,5.847,30052,-31.335
RollerBallRayBrain,1.442,140.788,6.040,30030,-31.312
RollerBallRayBrain,1.405,149.104,6.316,30032,-31.307
RollerBallRayBrain,1.435,156.915,5.843,30065,-31.261
RollerBallRayBrain,1.428,164.856,5.918,30015,-31.250
RollerBallRayBrain,1.421,172.840,6.028,30103,-31.194
RollerBallRayBrain,1.398,180.573,5.864,30030,-31.068
RollerBallRayBrain,1.410,188.356,5.863,30098,-30.999
RollerBallRayBrain,1.419,196.259,5.954,30051,-30.862
RollerBallRayBrain,1.440,204.363,6.090,30058,-30.769
RollerBallRayBrain,1.388,211.901,5.679,30044,-30.517
RollerBallRayBrain,1.414,220.020,6.124,30055,-30.333
RollerBallRayBrain,1.489,227.825,5.779,30010,-30.348
RollerBallRayBrain,1.382,235.634,5.903,30041,-30.146
RollerBallRayBrain,1.456,243.496,5.863,30095,-29.996
RollerBallRayBrain,1.554,251.670,6.059,30044,-29.867
RollerBallRayBrain,1.568,259.953,6.124,30063,-29.823
RollerBallRayBrain,1.537,268.027,5.984,30010,-29.686
RollerBallRayBrain,1.492,276.206,6.114,30084,-29.557
RollerBallRayBrain,1.474,284.092,5.896,30019,-29.370
RollerBallRayBrain,1.458,291.912,5.828,30028,-29.198
RollerBallRayBrain,1.409,299.763,5.936,30015,-28.938
RollerBallRayBrain,1.482,307.865,6.081,30115,-28.772
RollerBallRayBrain,1.644,316.272,6.188,30080,-28.576
RollerBallRayBrain,1.508,324.336,5.994,30023,-28.437
RollerBallRayBrain,1.460,332.441,6.105,30086,-28.289
RollerBallRayBrain,1.492,340.582,6.102,30059,-28.153
RollerBallRayBrain,1.418,348.405,5.863,30004,-27.966
