Brain name,Time to update policy,Time since start of training,Time for last experience collection,Number of experiences used for training,Mean return
RollerBallRayBrain,1.235,8.375,5.430,25062,-29.917
RollerBallRayBrain,1.203,14.833,4.809,25062,-28.957
RollerBallRayBrain,1.198,21.102,4.650,25032,-29.568
RollerBallRayBrain,1.241,27.563,4.817,25023,-29.650
RollerBallRayBrain,1.202,34.153,4.926,25109,-29.855
RollerBallRayBrain,1.278,40.715,4.847,25030,-29.953
RollerBallRayBrain,1.155,46.974,4.706,25064,-30.112
RollerBallRayBrain,1.421,53.533,4.732,25086,-30.143
RollerBallRayBrain,1.396,60.277,4.924,25030,-30.215
RollerBallRayBrain,1.174,66.754,4.834,25130,-30.490
RollerBallRayBrain,1.177,73.244,4.899,25063,-30.767
RollerBallRayBrain,1.168,79.610,4.777,25017,-30.746
RollerBallRayBrain,1.161,85.903,4.729,25023,-30.649
RollerBallRayBrain,1.191,92.298,4.801,25048,-30.831
RollerBallRayBrain,1.218,98.641,4.721,25016,-30.922
RollerBallRayBrain,1.212,105.055,4.809,25030,-30.990
RollerBallRayBrain,1.166,111.389,4.777,25005,-30.980
RollerBallRayBrain,1.167,117.706,4.740,25061,-30.986
RollerBallRayBrain,1.150,123.987,4.750,25012,-31.026
RollerBallRayBrain,1.330,130.562,4.815,25078,-31.055
RollerBallRayBrain,1.199,137.125,4.904,25112,-31.168
RollerBallRayBrain,1.193,143.462,4.724,25016,-31.257
RollerBallRayBrain,1.194,149.794,4.704,25016,-31.338
RollerBallRayBrain,1.146,156.239,4.863,25079,-31.347
RollerBallRayBrain,1.195,162.523,4.671,25036,-31.393
RollerBallRayBrain,1.156,168.875,4.748,25014,-31.427
RollerBallRayBrain,1.246,175.483,4.952,25037,-31.465
RollerBallRayBrain,1.316,182.211,4.948,25004,-31.478
RollerBallRayBrain,1.275,189.081,5.079,25029,-31.371
RollerBallRayBrain,1.305,196.033,5.183,25062,-31.317
RollerBallRayBrain,1.356,202.859,5.008,25047,-31.359
RollerBallRayBrain,1.355,209.842,5.157,25026,-31.310
RollerBallRayBrain,1.268,216.597,5.023,25065,-31.295
RollerBallRayBrain,1.214,223.680,5.354,25042,-31.275
RollerBallRayBrain,1.235,230.370,4.999,25009,-31.254
RollerBallRayBrain,1.250,237.087,5.013,25097,-31.175
RollerBallRayBrain,1.260,244.049,5.222,25062,-31.126
RollerBallRayBrain,1.213,250.644,4.937,25042,-31.101
RollerBallRayBrain,1.242,257.250,4.937,25008,-30.991
RollerBallRayBrain,1.196,263.636,4.791,25001,-30.969
RollerBallRayBrain,1.203,270.166,4.865,25006,-30.877
RollerBallRayBrain,1.176,276.560,4.828,25090,-30.842
RollerBallRayBrain,1.218,283.169,4.958,25081,-30.858
RollerBallRayBrain,1.264,289.594,4.770,25055,-30.825
RollerBallRayBrain,1.270,296.462,5.100,25059,-30.724
RollerBallRayBrain,1.305,303.211,4.994,25006,-30.612
RollerBallRayBrain,1.275,309.946,4.943,25119,-30.602
RollerBallRayBrain,1.181,316.595,5.016,25156,-30.602
RollerBallRayBrain,1.236,323.161,4.896,25022,-30.504
RollerBallRayBrain,1.195,329.724,4.897,25110,-30.410
RollerBallRayBrain,1.214,336.132,4.776,25040,-30.343
RollerBallRayBrain,1.219,342.697,4.905,25003,-30.327
RollerBallRayBrain,1.275,349.498,5.045,25026,-30.271
