Brain name,Time to update policy,Time since start of training,Time for last experience collection,Number of experiences used for training,Mean return
RollerBallRayBrain,0.515,4.677,2.607,10466,1.000
RollerBallRayBrain,0.501,7.607,2.204,10858,-32.121
RollerBallRayBrain,0.502,10.338,2.036,10530,-32.121
RollerBallRayBrain,0.501,13.254,2.202,10702,-32.700
RollerBallRayBrain,0.491,15.988,2.033,10530,-32.700
RollerBallRayBrain,0.483,18.929,2.228,10936,-32.512
RollerBallRayBrain,0.465,21.816,2.211,10767,-32.705
RollerBallRayBrain,0.476,24.542,2.042,10495,-32.620
RollerBallRayBrain,0.476,27.481,2.241,10898,-32.581
RollerBallRayBrain,0.481,30.230,2.049,10546,-32.586
RollerBallRayBrain,0.501,33.157,2.208,10946,-32.698
RollerBallRayBrain,0.483,36.066,2.210,11005,-32.636
RollerBallRayBrain,0.469,38.806,2.066,10510,-32.524
RollerBallRayBrain,0.479,41.707,2.201,10890,-32.330
RollerBallRayBrain,0.456,44.432,2.049,10475,-32.092
RollerBallRayBrain,0.461,47.257,2.139,10274,-32.092
RollerBallRayBrain,0.457,49.849,1.954,10349,-32.079
RollerBallRayBrain,0.465,52.586,2.065,10561,-31.998
RollerBallRayBrain,0.467,55.464,2.185,10268,-31.914
RollerBallRayBrain,0.498,58.242,2.077,10569,-31.847
RollerBallRayBrain,0.463,60.908,1.995,10248,-31.946
RollerBallRayBrain,0.468,63.623,2.033,10273,-31.942
RollerBallRayBrain,0.484,66.470,2.160,10734,-31.952
RollerBallRayBrain,0.461,69.358,2.208,10308,-31.734
RollerBallRayBrain,0.466,72.113,2.081,10512,-31.762
RollerBallRayBrain,0.465,74.748,1.968,10313,-31.845
RollerBallRayBrain,0.484,77.494,2.054,10243,-31.651
RollerBallRayBrain,0.503,80.460,2.235,10721,-31.540
RollerBallRayBrain,0.499,83.512,2.306,10379,-31.611
RollerBallRayBrain,0.466,86.359,2.166,10257,-31.525
RollerBallRayBrain,0.451,88.949,1.953,10287,-31.543
RollerBallRayBrain,0.458,91.681,2.083,10312,-31.392
RollerBallRayBrain,0.456,94.553,2.189,10288,-31.316
RollerBallRayBrain,0.462,97.195,1.993,10264,-31.289
RollerBallRayBrain,0.454,99.972,2.126,10338,-31.280
RollerBallRayBrain,0.466,102.795,2.137,10347,-31.338
RollerBallRayBrain,0.453,105.550,2.107,10267,-31.377
RollerBallRayBrain,0.476,108.196,1.976,10296,-31.340
RollerBallRayBrain,0.455,110.929,2.062,10255,-31.325
RollerBallRayBrain,0.458,113.745,2.149,10241,-31.301
RollerBallRayBrain,0.466,116.448,2.026,10284,-31.328
RollerBallRayBrain,0.469,119.109,1.985,10281,-31.389
RollerBallRayBrain,0.475,121.899,2.110,10358,-31.385
RollerBallRayBrain,0.467,124.684,2.116,10362,-31.387
RollerBallRayBrain,0.466,127.328,1.983,10282,-31.432
RollerBallRayBrain,0.455,130.037,2.034,10316,-31.459
RollerBallRayBrain,0.458,132.846,2.168,10322,-31.418
RollerBallRayBrain,0.454,135.588,2.075,10277,-31.411
RollerBallRayBrain,0.474,138.280,2.018,10250,-31.381
RollerBallRayBrain,0.470,141.042,2.071,10340,-31.336
RollerBallRayBrain,0.463,143.837,2.129,10308,-31.354
RollerBallRayBrain,0.470,146.623,2.105,10331,-31.390
RollerBallRayBrain,0.456,149.278,1.995,10283,-31.419
RollerBallRayBrain,0.458,151.999,2.070,10249,-31.459
RollerBallRayBrain,0.459,154.758,2.073,10300,-31.480
RollerBallRayBrain,0.456,157.506,2.087,10304,-31.426
RollerBallRayBrain,0.454,160.256,2.084,10283,-31.452
RollerBallRayBrain,0.467,163.012,2.081,10369,-31.456
RollerBallRayBrain,0.450,165.784,2.126,10310,-31.435
RollerBallRayBrain,0.453,168.518,2.060,10276,-31.404
RollerBallRayBrain,0.449,171.176,2.012,10249,-31.440
RollerBallRayBrain,0.455,173.916,2.093,10261,-31.432
RollerBallRayBrain,0.463,176.724,2.143,10355,-31.442
RollerBallRayBrain,0.460,179.363,1.966,10245,-31.434
RollerBallRayBrain,0.448,182.097,2.075,10282,-31.464
RollerBallRayBrain,0.457,184.873,2.112,10326,-31.487
RollerBallRayBrain,0.456,187.607,2.074,10298,-31.484
RollerBallRayBrain,0.448,190.321,2.054,10243,-31.506
RollerBallRayBrain,0.453,193.014,2.052,10267,-31.525
RollerBallRayBrain,0.453,195.830,2.155,10319,-31.552
RollerBallRayBrain,0.458,198.522,2.035,10299,-31.573
RollerBallRayBrain,0.456,201.223,2.042,10270,-31.553
RollerBallRayBrain,0.455,204.040,2.156,10265,-31.553
RollerBallRayBrain,0.454,206.772,2.081,10290,-31.544
RollerBallRayBrain,0.443,209.423,2.004,10298,-31.570
RollerBallRayBrain,0.479,212.231,2.099,10348,-31.588
RollerBallRayBrain,0.440,215.004,2.106,10298,-31.613
RollerBallRayBrain,0.444,217.696,2.055,10255,-31.597
RollerBallRayBrain,0.470,220.405,2.024,10283,-31.614
RollerBallRayBrain,0.459,223.183,2.114,10333,-31.569
RollerBallRayBrain,0.463,225.947,2.089,10303,-31.548
RollerBallRayBrain,0.454,228.667,2.072,10298,-31.572
RollerBallRayBrain,0.454,231.376,2.049,10283,-31.589
RollerBallRayBrain,0.452,234.172,2.130,10254,-31.549
RollerBallRayBrain,0.459,236.934,2.101,10250,-31.568
RollerBallRayBrain,0.445,239.590,2.013,10267,-31.492
RollerBallRayBrain,0.449,242.340,2.108,10241,-31.492
RollerBallRayBrain,0.458,245.112,2.110,10305,-31.489
RollerBallRayBrain,0.451,247.814,2.055,10298,-31.512
RollerBallRayBrain,0.441,250.484,2.018,10290,-31.489
RollerBallRayBrain,0.457,253.236,2.076,10282,-31.510
RollerBallRayBrain,0.452,255.951,2.062,10283,-31.525
RollerBallRayBrain,0.454,258.639,2.015,10264,-31.508
RollerBallRayBrain,0.444,261.333,2.078,10290,-31.508
RollerBallRayBrain,0.492,264.178,2.139,10241,-31.512
RollerBallRayBrain,0.451,266.899,2.068,10286,-31.510
RollerBallRayBrain,0.447,269.560,2.012,10244,-31.494
RollerBallRayBrain,0.456,272.360,2.146,10298,-31.428
RollerBallRayBrain,0.445,275.063,2.075,10296,-31.407
RollerBallRayBrain,0.442,277.778,2.069,10249,-31.429
RollerBallRayBrain,0.449,280.487,2.032,10267,-31.443
RollerBallRayBrain,0.460,283.226,2.067,10282,-31.462
RollerBallRayBrain,0.447,285.935,2.068,10302,-31.460
RollerBallRayBrain,0.454,288.668,2.080,10280,-31.444
RollerBallRayBrain,0.453,291.388,2.072,10347,-31.462
RollerBallRayBrain,0.445,294.092,2.060,10254,-31.443
RollerBallRayBrain,0.452,296.812,2.045,10282,-31.447
RollerBallRayBrain,0.451,299.532,2.061,10306,-31.442
RollerBallRayBrain,0.452,302.264,2.044,10298,-31.443
RollerBallRayBrain,0.448,304.984,2.069,10266,-31.429
RollerBallRayBrain,0.446,307.687,2.066,10241,-31.432
RollerBallRayBrain,0.449,310.407,2.055,10272,-31.430
RollerBallRayBrain,0.458,313.118,2.053,10249,-31.418
RollerBallRayBrain,0.440,315.803,2.053,10257,-31.403
RollerBallRayBrain,0.450,318.515,2.073,10241,-31.361
RollerBallRayBrain,0.448,321.240,2.081,10283,-31.346
RollerBallRayBrain,0.451,323.976,2.069,10299,-31.360
RollerBallRayBrain,0.448,326.693,2.072,10266,-31.376
RollerBallRayBrain,0.446,329.504,2.133,10299,-31.390
RollerBallRayBrain,0.448,332.203,2.069,10258,-31.403
RollerBallRayBrain,0.455,334.924,2.070,10272,-31.405
RollerBallRayBrain,0.451,337.643,2.062,10338,-31.387
RollerBallRayBrain,0.460,340.460,2.133,10355,-31.390
RollerBallRayBrain,0.454,343.130,2.033,10283,-31.403
RollerBallRayBrain,0.451,345.864,2.084,10300,-31.388
RollerBallRayBrain,0.449,348.549,2.038,10331,-31.386
RollerBallRayBrain,0.452,351.294,2.115,10276,-31.374
RollerBallRayBrain,0.463,354.036,2.072,10321,-31.375
RollerBallRayBrain,0.454,356.699,2.040,10264,-31.359
RollerBallRayBrain,0.449,359.456,2.117,10272,-31.361
