Brain name,Time to update policy,Time since start of training,Time for last experience collection,Number of experiences used for training,Mean return
RollerBallRayBrain,0.482,4.448,2.501,10449,-3.425
RollerBallRayBrain,0.471,7.272,2.158,10913,-28.317
RollerBallRayBrain,0.461,9.845,1.939,10521,-28.382
RollerBallRayBrain,0.465,12.558,2.077,10787,-29.298
RollerBallRayBrain,0.462,15.173,1.962,10471,-29.431
RollerBallRayBrain,0.466,17.879,2.067,10948,-30.155
RollerBallRayBrain,0.460,20.651,2.146,10924,-30.292
RollerBallRayBrain,0.431,23.180,1.951,10450,-30.002
RollerBallRayBrain,0.444,25.905,2.099,10946,-29.826
RollerBallRayBrain,0.428,28.493,1.984,10601,-29.704
RollerBallRayBrain,0.451,31.204,2.083,10896,-29.748
RollerBallRayBrain,0.425,33.809,2.014,10242,-30.041
RollerBallRayBrain,0.428,36.286,1.893,10242,-30.033
RollerBallRayBrain,0.439,38.742,1.880,10251,-30.205
RollerBallRayBrain,0.430,41.312,1.982,10449,-30.046
RollerBallRayBrain,0.424,43.929,2.023,10282,-30.249
RollerBallRayBrain,0.428,46.496,1.966,10363,-30.442
RollerBallRayBrain,0.428,48.969,1.883,10278,-30.443
RollerBallRayBrain,0.428,51.629,2.062,10332,-30.316
RollerBallRayBrain,0.445,54.176,1.956,10282,-30.332
RollerBallRayBrain,0.425,56.837,2.040,10246,-30.338
RollerBallRayBrain,0.430,59.352,1.922,10269,-30.380
RollerBallRayBrain,0.426,61.954,2.004,10257,-30.502
RollerBallRayBrain,0.427,64.440,1.910,10276,-30.527
RollerBallRayBrain,0.421,66.933,1.887,10297,-30.547
RollerBallRayBrain,0.425,69.584,2.060,10270,-30.585
RollerBallRayBrain,0.415,72.079,1.907,10298,-30.516
RollerBallRayBrain,0.420,74.628,1.962,10319,-30.524
RollerBallRayBrain,0.420,77.107,1.896,10268,-30.424
RollerBallRayBrain,0.428,79.659,1.966,10241,-30.254
RollerBallRayBrain,0.426,82.213,1.979,10356,-30.332
RollerBallRayBrain,0.422,84.737,1.943,10275,-30.310
RollerBallRayBrain,0.419,87.255,1.935,10297,-30.239
RollerBallRayBrain,0.419,89.762,1.897,10295,-30.140
RollerBallRayBrain,0.423,92.280,1.925,10299,-30.189
RollerBallRayBrain,0.423,94.789,1.921,10244,-30.184
RollerBallRayBrain,0.418,97.351,1.976,10397,-30.176
RollerBallRayBrain,0.416,99.855,1.948,10259,-30.090
RollerBallRayBrain,0.415,102.396,1.951,10265,-30.092
RollerBallRayBrain,0.420,104.876,1.885,10258,-30.080
RollerBallRayBrain,0.420,107.401,1.966,10290,-30.063
RollerBallRayBrain,0.418,109.928,1.937,10286,-30.104
RollerBallRayBrain,0.412,112.446,1.923,10242,-30.024
RollerBallRayBrain,0.423,114.970,1.936,10301,-29.980
RollerBallRayBrain,0.414,117.479,1.935,10241,-29.943
RollerBallRayBrain,0.422,120.011,1.944,10293,-29.825
RollerBallRayBrain,0.412,122.533,1.936,10272,-29.756
RollerBallRayBrain,0.418,125.027,1.904,10244,-29.723
RollerBallRayBrain,0.418,127.579,1.952,10338,-29.715
RollerBallRayBrain,0.426,130.124,1.955,10301,-29.591
RollerBallRayBrain,0.416,132.626,1.923,10251,-29.585
RollerBallRayBrain,0.420,135.144,1.933,10264,-29.522
RollerBallRayBrain,0.419,137.682,1.948,10258,-29.566
RollerBallRayBrain,0.424,140.167,1.899,10338,-29.625
RollerBallRayBrain,0.415,142.655,1.904,10243,-29.648
RollerBallRayBrain,0.428,145.218,1.954,10421,-29.636
RollerBallRayBrain,0.417,147.789,1.982,10333,-29.666
RollerBallRayBrain,0.430,150.295,1.917,10297,-29.635
RollerBallRayBrain,0.419,152.792,1.911,10360,-29.599
RollerBallRayBrain,0.426,155.344,1.948,10294,-29.564
RollerBallRayBrain,0.421,157.871,1.943,10244,-29.474
RollerBallRayBrain,0.433,160.424,1.940,10350,-29.407
RollerBallRayBrain,0.419,162.900,1.893,10272,-29.384
RollerBallRayBrain,0.422,165.461,1.971,10243,-29.273
RollerBallRayBrain,0.415,167.956,1.922,10308,-29.208
RollerBallRayBrain,0.421,170.445,1.930,10251,-29.175
RollerBallRayBrain,0.423,173.002,1.962,10256,-29.116
RollerBallRayBrain,0.429,175.569,1.974,10263,-29.064
RollerBallRayBrain,0.420,178.059,1.908,10300,-29.029
RollerBallRayBrain,0.425,180.548,1.896,10247,-29.002
RollerBallRayBrain,0.423,183.100,1.951,10275,-28.952
RollerBallRayBrain,0.421,185.636,1.945,10290,-28.883
RollerBallRayBrain,0.434,188.153,1.915,10248,-28.899
RollerBallRayBrain,0.423,190.658,1.918,10280,-28.903
RollerBallRayBrain,0.418,193.265,2.011,10306,-28.784
RollerBallRayBrain,0.430,195.727,1.873,10300,-28.703
RollerBallRayBrain,0.424,198.266,1.942,10300,-28.689
RollerBallRayBrain,0.420,200.777,1.923,10302,-28.692
RollerBallRayBrain,0.431,203.338,1.960,10282,-28.625
RollerBallRayBrain,0.416,205.864,1.947,10258,-28.606
RollerBallRayBrain,0.417,208.346,1.905,10279,-28.558
RollerBallRayBrain,0.416,210.905,1.978,10262,-28.485
RollerBallRayBrain,0.417,213.432,1.949,10263,-28.288
RollerBallRayBrain,0.419,215.963,1.947,10244,-28.164
RollerBallRayBrain,0.413,218.485,1.941,10260,-28.093
RollerBallRayBrain,0.423,221.020,1.959,10336,-28.054
RollerBallRayBrain,0.417,223.589,1.977,10283,-28.002
RollerBallRayBrain,0.418,226.094,1.941,10264,-27.914
RollerBallRayBrain,0.415,228.612,1.949,10258,-27.746
RollerBallRayBrain,0.415,231.168,1.971,10260,-27.630
RollerBallRayBrain,0.416,233.718,1.971,10244,-27.520
RollerBallRayBrain,0.428,236.286,1.963,10291,-27.461
RollerBallRayBrain,0.420,238.949,2.057,10262,-27.418
RollerBallRayBrain,0.414,241.473,1.940,10292,-27.394
RollerBallRayBrain,0.422,243.977,1.895,10340,-27.333
RollerBallRayBrain,0.415,246.550,1.994,10272,-27.267
RollerBallRayBrain,0.419,249.087,1.947,10249,-27.209
RollerBallRayBrain,0.413,251.634,1.975,10295,-27.156
RollerBallRayBrain,0.433,254.182,1.949,10300,-27.038
RollerBallRayBrain,0.425,256.694,1.917,10285,-26.984
RollerBallRayBrain,0.422,259.284,2.007,10356,-26.882
RollerBallRayBrain,0.418,261.864,2.013,10248,-26.748
RollerBallRayBrain,0.423,264.373,1.919,10297,-26.687
RollerBallRayBrain,0.415,266.936,1.960,10307,-26.610
RollerBallRayBrain,0.413,269.498,1.971,10243,-26.448
RollerBallRayBrain,0.418,272.019,1.929,10281,-26.424
RollerBallRayBrain,0.415,274.589,1.987,10257,-26.262
RollerBallRayBrain,0.415,277.085,1.910,10255,-26.214
RollerBallRayBrain,0.416,279.625,1.960,10253,-26.174
RollerBallRayBrain,0.418,282.156,1.942,10304,-26.062
RollerBallRayBrain,0.419,284.700,1.975,10293,-25.931
RollerBallRayBrain,0.418,287.247,1.965,10256,-25.829
RollerBallRayBrain,0.422,289.772,1.927,10349,-25.790
RollerBallRayBrain,0.418,292.351,1.989,10357,-25.760
RollerBallRayBrain,0.433,294.933,1.972,10370,-25.610
RollerBallRayBrain,0.415,297.479,1.958,10288,-25.548
RollerBallRayBrain,0.414,300.071,2.007,10243,-25.448
RollerBallRayBrain,0.417,302.612,1.941,10262,-25.379
RollerBallRayBrain,0.423,305.142,1.942,10274,-25.314
RollerBallRayBrain,0.416,307.651,1.929,10291,-25.259
RollerBallRayBrain,0.424,310.276,2.031,10299,-25.226
RollerBallRayBrain,0.418,312.782,1.917,10288,-25.124
RollerBallRayBrain,0.423,315.332,1.951,10252,-25.121
RollerBallRayBrain,0.422,317.909,1.971,10250,-25.101
RollerBallRayBrain,0.427,320.456,1.977,10326,-25.069
RollerBallRayBrain,0.425,322.982,1.933,10248,-24.979
RollerBallRayBrain,0.424,325.503,1.930,10279,-24.954
RollerBallRayBrain,0.423,328.057,1.955,10299,-24.979
RollerBallRayBrain,0.430,330.611,1.961,10274,-24.894
RollerBallRayBrain,0.419,333.132,1.952,10300,-24.874
