Brain name,Time to update policy,Time since start of training,Time for last experience collection,Number of experiences used for training,Mean return
RollerBallRayBrain,0.495,4.461,2.479,10391,-5.300
RollerBallRayBrain,0.492,7.357,2.204,10941,-28.717
RollerBallRayBrain,0.468,9.971,1.959,10441,-27.849
RollerBallRayBrain,0.483,12.804,2.150,10775,-28.566
RollerBallRayBrain,0.460,15.367,1.938,10464,-28.849
RollerBallRayBrain,0.454,18.090,2.060,10980,-29.709
RollerBallRayBrain,0.466,20.788,2.057,11049,-30.256
RollerBallRayBrain,0.456,23.385,1.958,10316,-29.634
RollerBallRayBrain,0.430,26.054,2.064,10267,-29.884
RollerBallRayBrain,0.429,28.481,1.853,10294,-29.867
RollerBallRayBrain,0.454,30.989,1.887,10321,-30.102
RollerBallRayBrain,0.445,33.766,2.140,10826,-30.147
RollerBallRayBrain,0.428,36.348,1.987,10387,-29.898
RollerBallRayBrain,0.428,38.937,2.001,10253,-29.563
RollerBallRayBrain,0.426,41.446,1.896,10251,-29.503
RollerBallRayBrain,0.428,44.002,1.974,10299,-29.184
RollerBallRayBrain,0.428,46.554,1.942,10253,-29.219
RollerBallRayBrain,0.422,49.082,1.928,10261,-28.932
RollerBallRayBrain,0.426,51.668,1.995,10322,-28.433
RollerBallRayBrain,0.424,54.277,2.024,10304,-27.747
RollerBallRayBrain,0.424,56.778,1.922,10244,-27.778
RollerBallRayBrain,0.429,59.307,1.936,10281,-27.634
RollerBallRayBrain,0.422,61.859,1.965,10291,-27.616
RollerBallRayBrain,0.423,64.377,1.930,10266,-27.610
RollerBallRayBrain,0.426,66.937,1.960,10288,-27.581
RollerBallRayBrain,0.431,69.453,1.923,10253,-27.552
RollerBallRayBrain,0.427,71.998,1.948,10305,-27.475
RollerBallRayBrain,0.428,74.544,1.962,10249,-27.413
RollerBallRayBrain,0.419,77.078,1.940,10247,-27.316
RollerBallRayBrain,0.425,79.618,1.955,10301,-26.963
RollerBallRayBrain,0.419,82.203,2.006,10331,-26.702
RollerBallRayBrain,0.415,84.761,1.974,10298,-26.460
RollerBallRayBrain,0.424,87.293,1.954,10253,-26.082
RollerBallRayBrain,0.418,89.849,1.980,10272,-26.055
RollerBallRayBrain,0.418,92.372,1.932,10251,-26.012
RollerBallRayBrain,0.416,94.940,1.985,10290,-25.592
RollerBallRayBrain,0.423,97.492,1.973,10313,-25.368
RollerBallRayBrain,0.422,100.054,1.977,10247,-25.158
RollerBallRayBrain,0.420,102.598,1.960,10273,-25.064
RollerBallRayBrain,0.415,105.124,1.945,10353,-24.882
RollerBallRayBrain,0.418,107.741,2.052,10279,-24.704
RollerBallRayBrain,0.417,110.262,1.952,10253,-24.478
RollerBallRayBrain,0.420,112.871,2.042,10339,-24.238
RollerBallRayBrain,0.421,115.497,2.048,10324,-23.786
RollerBallRayBrain,0.419,118.067,1.986,10242,-23.316
RollerBallRayBrain,0.426,120.699,2.030,10252,-22.811
RollerBallRayBrain,0.420,123.297,2.004,10366,-22.376
RollerBallRayBrain,0.422,125.941,2.064,10349,-21.867
RollerBallRayBrain,0.434,128.578,2.053,10334,-21.439
RollerBallRayBrain,0.414,131.223,2.036,10261,-20.956
RollerBallRayBrain,0.418,133.822,2.031,10320,-20.555
RollerBallRayBrain,0.419,136.418,2.008,10317,-20.352
RollerBallRayBrain,0.433,139.075,2.063,10418,-20.055
RollerBallRayBrain,0.421,141.696,2.030,10249,-19.758
RollerBallRayBrain,0.425,144.325,2.044,10262,-19.442
RollerBallRayBrain,0.421,146.893,1.985,10259,-19.254
RollerBallRayBrain,0.414,149.476,2.021,10300,-19.068
RollerBallRayBrain,0.425,152.182,2.113,10353,-18.674
RollerBallRayBrain,0.418,154.782,2.014,10285,-18.415
RollerBallRayBrain,0.419,157.424,2.048,10289,-18.196
RollerBallRayBrain,0.416,160.051,2.042,10267,-17.803
RollerBallRayBrain,0.421,162.757,2.124,10300,-17.504
RollerBallRayBrain,0.420,165.442,2.074,10288,-17.174
RollerBallRayBrain,0.425,168.129,2.080,10257,-16.832
RollerBallRayBrain,0.429,170.817,2.102,10258,-16.528
RollerBallRayBrain,0.424,173.455,2.058,10288,-16.363
RollerBallRayBrain,0.421,176.042,2.013,10253,-16.220
RollerBallRayBrain,0.419,178.704,2.067,10262,-16.025
RollerBallRayBrain,0.417,181.371,2.068,10257,-15.898
RollerBallRayBrain,0.416,183.999,2.052,10255,-15.745
RollerBallRayBrain,0.414,186.660,2.083,10261,-15.455
RollerBallRayBrain,0.418,189.363,2.127,10253,-15.254
RollerBallRayBrain,0.417,192.036,2.075,10340,-15.141
RollerBallRayBrain,0.417,194.677,2.060,10302,-14.956
RollerBallRayBrain,0.425,197.421,2.142,10274,-14.804
RollerBallRayBrain,0.416,200.057,2.052,10289,-14.568
RollerBallRayBrain,0.420,202.728,2.075,10244,-14.377
RollerBallRayBrain,0.420,205.409,2.102,10253,-14.172
RollerBallRayBrain,0.420,208.100,2.108,10302,-13.979
RollerBallRayBrain,0.426,210.775,2.085,10319,-13.814
RollerBallRayBrain,0.419,213.477,2.115,10296,-13.668
RollerBallRayBrain,0.418,216.127,2.070,10301,-13.623
RollerBallRayBrain,0.419,218.799,2.081,10336,-13.513
RollerBallRayBrain,0.425,221.481,2.061,10260,-13.368
RollerBallRayBrain,0.425,224.185,2.112,10293,-13.219
RollerBallRayBrain,0.419,226.789,2.003,10265,-13.149
RollerBallRayBrain,0.422,229.423,2.043,10244,-13.079
RollerBallRayBrain,0.416,232.123,2.104,10282,-12.922
RollerBallRayBrain,0.425,234.808,2.092,10275,-12.835
RollerBallRayBrain,0.423,237.538,2.123,10356,-12.677
RollerBallRayBrain,0.427,240.219,2.104,10248,-12.566
RollerBallRayBrain,0.421,242.902,2.082,10293,-12.489
RollerBallRayBrain,0.427,245.501,2.020,10252,-12.435
RollerBallRayBrain,0.420,248.213,2.129,10261,-12.373
RollerBallRayBrain,0.430,250.877,2.033,10245,-12.298
RollerBallRayBrain,0.426,253.564,2.085,10287,-12.213
RollerBallRayBrain,0.425,256.273,2.117,10349,-12.083
RollerBallRayBrain,0.425,259.023,2.148,10305,-11.941
RollerBallRayBrain,0.417,261.773,2.179,10274,-11.833
RollerBallRayBrain,0.418,264.469,2.112,10304,-11.735
RollerBallRayBrain,0.415,267.123,2.062,10254,-11.656
RollerBallRayBrain,0.419,269.812,2.077,10249,-11.566
RollerBallRayBrain,0.435,272.521,2.110,10246,-11.432
RollerBallRayBrain,0.431,275.302,2.148,10305,-11.303
RollerBallRayBrain,0.422,277.948,2.067,10276,-11.277
RollerBallRayBrain,0.429,280.654,2.122,10319,-11.189
RollerBallRayBrain,0.432,283.356,2.116,10253,-11.122
RollerBallRayBrain,0.426,286.085,2.118,10263,-11.043
RollerBallRayBrain,0.426,288.801,2.111,10245,-10.955
RollerBallRayBrain,0.431,291.513,2.128,10242,-10.860
RollerBallRayBrain,0.423,294.151,2.038,10304,-10.808
RollerBallRayBrain,0.440,296.951,2.188,10352,-10.747
RollerBallRayBrain,0.424,299.618,2.075,10245,-10.671
RollerBallRayBrain,0.420,302.261,2.044,10242,-10.650
RollerBallRayBrain,0.426,305.083,2.198,10270,-10.567
RollerBallRayBrain,0.417,307.760,2.097,10244,-10.492
RollerBallRayBrain,0.434,310.456,2.106,10268,-10.426
RollerBallRayBrain,0.418,313.157,2.096,10254,-10.373
RollerBallRayBrain,0.430,315.931,2.189,10278,-10.283
RollerBallRayBrain,0.428,318.726,2.195,10299,-10.194
RollerBallRayBrain,0.435,321.447,2.127,10319,-10.124
RollerBallRayBrain,0.463,324.334,2.211,10271,-10.068
RollerBallRayBrain,0.432,327.144,2.188,10285,-10.022
RollerBallRayBrain,0.430,329.889,2.141,10245,-9.966
RollerBallRayBrain,0.426,332.597,2.106,10305,-9.922
RollerBallRayBrain,0.421,335.225,2.057,10305,-9.920
RollerBallRayBrain,0.421,337.881,2.076,10277,-9.888
RollerBallRayBrain,0.434,340.591,2.099,10323,-9.837
RollerBallRayBrain,0.420,343.288,2.114,10268,-9.803
RollerBallRayBrain,0.430,345.995,2.101,10285,-9.757
