Brain name,Time to update policy,Time since start of training,Time for last experience collection,Number of experiences used for training,Mean return
RollerBallRayBrain,0.482,4.451,2.531,10518,-11.650
RollerBallRayBrain,0.465,7.154,2.061,10849,-29.045
RollerBallRayBrain,0.462,9.733,1.955,10510,-27.831
RollerBallRayBrain,0.470,12.442,2.089,10855,-28.727
RollerBallRayBrain,0.458,15.028,1.937,10489,-28.793
RollerBallRayBrain,0.468,17.763,2.089,10847,-29.051
RollerBallRayBrain,0.465,20.492,2.083,10746,-29.237
RollerBallRayBrain,0.440,23.067,1.956,10485,-29.053
RollerBallRayBrain,0.436,25.632,1.970,10291,-29.383
RollerBallRayBrain,0.438,28.163,1.937,10258,-29.150
RollerBallRayBrain,0.436,30.681,1.918,10274,-29.411
RollerBallRayBrain,0.439,33.266,1.981,10301,-29.245
RollerBallRayBrain,0.433,35.770,1.909,10263,-29.374
RollerBallRayBrain,0.429,38.320,1.947,10273,-29.438
RollerBallRayBrain,0.442,40.814,1.885,10265,-29.482
RollerBallRayBrain,0.426,43.416,1.990,10259,-29.284
RollerBallRayBrain,0.435,45.937,1.916,10298,-29.329
RollerBallRayBrain,0.425,48.417,1.885,10250,-29.367
RollerBallRayBrain,0.449,51.011,1.976,10294,-29.355
RollerBallRayBrain,0.430,53.554,1.955,10282,-29.323
RollerBallRayBrain,0.437,56.118,1.942,10248,-29.334
RollerBallRayBrain,0.426,58.622,1.903,10251,-29.294
RollerBallRayBrain,0.434,61.122,1.900,10247,-29.333
RollerBallRayBrain,0.425,63.693,1.968,10241,-29.124
RollerBallRayBrain,0.441,66.212,1.916,10289,-28.943
RollerBallRayBrain,0.426,68.715,1.919,10276,-28.934
RollerBallRayBrain,0.438,71.272,1.967,10268,-28.979
RollerBallRayBrain,0.418,73.783,1.919,10274,-28.966
RollerBallRayBrain,0.418,76.307,1.941,10247,-28.839
RollerBallRayBrain,0.425,78.778,1.886,10251,-28.795
RollerBallRayBrain,0.426,81.308,1.948,10291,-28.647
RollerBallRayBrain,0.424,83.831,1.919,10291,-28.577
RollerBallRayBrain,0.423,86.390,1.951,10293,-28.414
RollerBallRayBrain,0.418,88.848,1.905,10282,-28.445
RollerBallRayBrain,0.423,91.375,1.948,10280,-28.381
RollerBallRayBrain,0.418,93.911,1.972,10252,-28.350
RollerBallRayBrain,0.418,96.437,1.934,10286,-28.199
RollerBallRayBrain,0.418,98.961,1.951,10296,-27.961
RollerBallRayBrain,0.417,101.490,1.952,10340,-27.884
RollerBallRayBrain,0.431,104.017,1.930,10278,-27.699
RollerBallRayBrain,0.424,106.695,2.055,10247,-27.569
RollerBallRayBrain,0.422,109.214,1.934,10350,-27.413
RollerBallRayBrain,0.419,111.778,1.970,10283,-27.174
RollerBallRayBrain,0.423,114.279,1.921,10279,-27.072
RollerBallRayBrain,0.415,116.810,1.938,10321,-26.971
RollerBallRayBrain,0.420,119.399,2.031,10286,-26.657
RollerBallRayBrain,0.416,121.884,1.916,10271,-26.567
RollerBallRayBrain,0.417,124.475,1.997,10255,-26.353
RollerBallRayBrain,0.419,126.979,1.922,10333,-26.222
RollerBallRayBrain,0.421,129.511,1.963,10295,-26.039
RollerBallRayBrain,0.413,132.061,1.974,10309,-25.800
RollerBallRayBrain,0.420,134.639,1.994,10263,-25.571
RollerBallRayBrain,0.417,137.172,1.960,10266,-25.241
RollerBallRayBrain,0.419,139.725,1.975,10255,-24.975
RollerBallRayBrain,0.422,142.274,1.946,10278,-24.846
RollerBallRayBrain,0.414,144.753,1.909,10289,-24.785
RollerBallRayBrain,0.419,147.335,1.994,10263,-24.601
RollerBallRayBrain,0.418,149.854,1.941,10241,-24.422
RollerBallRayBrain,0.427,152.412,1.963,10247,-24.242
RollerBallRayBrain,0.422,154.990,1.978,10296,-24.088
RollerBallRayBrain,0.435,157.550,1.978,10269,-23.956
RollerBallRayBrain,0.430,160.126,1.969,10302,-23.694
RollerBallRayBrain,0.421,162.695,1.968,10316,-23.455
RollerBallRayBrain,0.424,165.279,1.988,10301,-23.275
RollerBallRayBrain,0.421,167.816,1.942,10249,-23.061
RollerBallRayBrain,0.422,170.406,2.001,10302,-22.817
RollerBallRayBrain,0.421,173.048,2.059,10269,-22.680
RollerBallRayBrain,0.424,175.623,1.982,10263,-22.551
RollerBallRayBrain,0.424,178.197,1.987,10249,-22.322
RollerBallRayBrain,0.434,180.837,2.024,10242,-22.068
RollerBallRayBrain,0.425,183.430,1.999,10282,-21.782
RollerBallRayBrain,0.437,186.034,2.013,10266,-21.451
RollerBallRayBrain,0.432,188.692,2.044,10289,-21.174
RollerBallRayBrain,0.425,191.346,2.051,10304,-20.924
RollerBallRayBrain,0.425,194.046,2.103,10274,-20.459
RollerBallRayBrain,0.431,196.701,2.040,10279,-20.115
RollerBallRayBrain,0.424,199.310,2.025,10244,-19.952
RollerBallRayBrain,0.424,201.888,1.988,10290,-19.798
RollerBallRayBrain,0.431,204.493,2.023,10283,-19.660
RollerBallRayBrain,0.422,207.098,2.027,10309,-19.440
RollerBallRayBrain,0.416,209.723,2.038,10242,-19.255
RollerBallRayBrain,0.422,212.373,2.058,10349,-19.016
RollerBallRayBrain,0.423,215.276,2.281,10300,-18.869
RollerBallRayBrain,0.427,217.920,2.024,10267,-18.663
RollerBallRayBrain,0.425,220.582,2.073,10348,-18.475
RollerBallRayBrain,0.425,223.305,2.105,10347,-18.258
RollerBallRayBrain,0.431,225.914,2.000,10290,-18.123
RollerBallRayBrain,0.419,228.525,2.036,10251,-17.874
RollerBallRayBrain,0.432,231.253,2.091,10245,-17.692
RollerBallRayBrain,0.421,233.928,2.080,10342,-17.480
RollerBallRayBrain,0.418,236.675,2.157,10270,-17.276
RollerBallRayBrain,0.434,239.352,2.047,10275,-17.100
RollerBallRayBrain,0.414,242.036,2.110,10303,-16.876
RollerBallRayBrain,0.418,244.666,2.044,10334,-16.723
RollerBallRayBrain,0.419,247.332,2.071,10334,-16.623
RollerBallRayBrain,0.419,249.958,2.046,10257,-16.457
RollerBallRayBrain,0.420,252.619,2.058,10298,-16.393
RollerBallRayBrain,0.420,255.347,2.122,10356,-16.248
RollerBallRayBrain,0.414,257.994,2.056,10283,-16.100
RollerBallRayBrain,0.422,260.685,2.091,10248,-16.006
RollerBallRayBrain,0.425,263.306,2.048,10331,-15.939
RollerBallRayBrain,0.430,266.010,2.091,10248,-15.814
RollerBallRayBrain,0.424,268.612,2.022,10243,-15.717
RollerBallRayBrain,0.426,271.294,2.065,10263,-15.623
RollerBallRayBrain,0.425,273.898,2.020,10302,-15.547
RollerBallRayBrain,0.425,276.583,2.085,10254,-15.439
RollerBallRayBrain,0.417,279.241,2.079,10261,-15.372
RollerBallRayBrain,0.420,281.913,2.087,10365,-15.272
RollerBallRayBrain,0.445,284.585,2.075,10276,-15.152
RollerBallRayBrain,0.432,287.525,2.303,10267,-14.988
RollerBallRayBrain,0.461,290.567,2.365,10276,-14.875
RollerBallRayBrain,0.590,293.798,2.405,10247,-14.820
RollerBallRayBrain,0.425,296.644,2.236,10291,-14.731
RollerBallRayBrain,0.432,299.359,2.088,10249,-14.657
RollerBallRayBrain,0.429,302.117,2.140,10294,-14.607
RollerBallRayBrain,0.430,304.808,2.079,10251,-14.472
RollerBallRayBrain,0.449,307.617,2.170,10325,-14.387
RollerBallRayBrain,0.423,310.319,2.101,10245,-14.298
RollerBallRayBrain,0.431,313.046,2.115,10263,-14.183
RollerBallRayBrain,0.420,315.637,1.992,10289,-14.130
RollerBallRayBrain,0.436,318.507,2.235,10299,-14.095
RollerBallRayBrain,0.436,321.192,2.093,10369,-14.009
RollerBallRayBrain,0.426,323.863,2.072,10250,-13.961
RollerBallRayBrain,0.424,326.484,2.034,10246,-13.897
RollerBallRayBrain,0.416,329.099,2.045,10254,-13.834
RollerBallRayBrain,0.441,331.886,2.148,10281,-13.700
RollerBallRayBrain,0.440,334.559,2.056,10249,-13.639
RollerBallRayBrain,0.441,337.277,2.092,10262,-13.525
RollerBallRayBrain,0.422,339.992,2.120,10296,-13.428
RollerBallRayBrain,0.423,342.736,2.141,10297,-13.350
