Brain name,Time to update policy,Time since start of training,Time for last experience collection,Number of experiences used for training,Mean return
RollerBallRayBrain,0.491,4.408,2.501,10479,-12.650
RollerBallRayBrain,0.477,7.166,2.087,10899,-31.177
RollerBallRayBrain,0.472,9.714,1.923,10410,-30.100
RollerBallRayBrain,0.478,12.441,2.090,10861,-30.236
RollerBallRayBrain,0.454,14.991,1.911,10342,-29.902
RollerBallRayBrain,0.463,17.726,2.090,10841,-29.839
RollerBallRayBrain,0.432,20.392,2.070,10296,-29.655
RollerBallRayBrain,0.438,22.845,1.841,10273,-29.235
RollerBallRayBrain,0.432,25.346,1.913,10268,-28.803
RollerBallRayBrain,0.434,27.889,1.928,10270,-28.581
RollerBallRayBrain,0.431,30.481,1.982,10258,-28.462
RollerBallRayBrain,0.431,33.012,1.932,10267,-28.344
RollerBallRayBrain,0.424,35.535,1.941,10298,-28.055
RollerBallRayBrain,0.430,38.048,1.914,10254,-27.803
RollerBallRayBrain,0.425,40.592,1.972,10241,-27.619
RollerBallRayBrain,0.418,43.127,1.945,10252,-27.224
RollerBallRayBrain,0.420,45.696,1.970,10242,-26.957
RollerBallRayBrain,0.422,48.262,1.976,10252,-26.074
RollerBallRayBrain,0.423,50.840,1.973,10269,-25.915
RollerBallRayBrain,0.418,53.328,1.907,10290,-25.722
RollerBallRayBrain,0.423,55.822,1.916,10243,-25.557
RollerBallRayBrain,0.423,58.420,1.996,10258,-25.326
RollerBallRayBrain,0.420,60.921,1.931,10307,-24.991
RollerBallRayBrain,0.422,63.436,1.929,10266,-25.005
RollerBallRayBrain,0.423,66.026,1.980,10280,-24.912
RollerBallRayBrain,0.424,68.599,1.991,10286,-24.754
RollerBallRayBrain,0.417,71.147,1.961,10281,-24.716
RollerBallRayBrain,0.417,73.656,1.932,10250,-24.580
RollerBallRayBrain,0.424,76.210,1.973,10283,-24.421
RollerBallRayBrain,0.419,78.725,1.935,10275,-24.370
RollerBallRayBrain,0.422,81.319,2.020,10321,-24.216
RollerBallRayBrain,0.420,83.857,1.965,10285,-24.179
RollerBallRayBrain,0.425,86.397,1.948,10289,-23.983
RollerBallRayBrain,0.419,88.951,1.964,10270,-23.987
RollerBallRayBrain,0.428,91.478,1.918,10293,-24.022
RollerBallRayBrain,0.423,94.004,1.951,10247,-23.945
RollerBallRayBrain,0.424,96.557,1.951,10303,-23.881
RollerBallRayBrain,0.425,99.158,1.996,10259,-23.665
RollerBallRayBrain,0.423,101.705,1.956,10260,-23.430
RollerBallRayBrain,0.429,104.250,1.924,10364,-23.380
RollerBallRayBrain,0.431,106.847,2.009,10322,-23.108
RollerBallRayBrain,0.420,109.420,1.984,10370,-23.059
RollerBallRayBrain,0.420,111.977,1.978,10281,-23.084
RollerBallRayBrain,0.420,114.522,1.965,10244,-23.131
RollerBallRayBrain,0.418,117.016,1.892,10340,-23.022
RollerBallRayBrain,0.420,119.570,1.962,10345,-23.084
RollerBallRayBrain,0.419,122.169,2.002,10258,-22.934
RollerBallRayBrain,0.420,124.702,1.958,10301,-22.775
RollerBallRayBrain,0.423,127.274,1.961,10272,-22.735
RollerBallRayBrain,0.421,129.861,2.004,10264,-22.681
RollerBallRayBrain,0.426,132.408,1.952,10245,-22.573
RollerBallRayBrain,0.415,134.951,1.975,10300,-22.544
RollerBallRayBrain,0.431,137.577,2.029,10324,-22.401
RollerBallRayBrain,0.421,140.108,1.963,10366,-22.290
RollerBallRayBrain,0.439,142.743,2.029,10277,-22.319
RollerBallRayBrain,0.426,145.321,2.011,10261,-22.142
RollerBallRayBrain,0.423,147.889,1.973,10254,-22.181
RollerBallRayBrain,0.424,150.450,1.997,10290,-22.057
RollerBallRayBrain,0.423,153.055,2.005,10298,-21.941
RollerBallRayBrain,0.420,155.577,1.956,10267,-21.921
RollerBallRayBrain,0.426,158.150,1.978,10281,-22.000
RollerBallRayBrain,0.419,160.719,1.984,10254,-21.943
RollerBallRayBrain,0.417,163.292,1.958,10266,-21.752
RollerBallRayBrain,0.422,165.858,1.981,10292,-21.722
RollerBallRayBrain,0.425,168.408,1.950,10270,-21.619
RollerBallRayBrain,0.421,171.006,2.011,10295,-21.502
RollerBallRayBrain,0.429,173.541,1.966,10287,-21.472
RollerBallRayBrain,0.431,176.095,1.968,10330,-21.539
RollerBallRayBrain,0.421,178.813,2.118,10285,-21.456
RollerBallRayBrain,0.425,181.407,2.007,10258,-21.336
RollerBallRayBrain,0.422,183.980,1.979,10244,-21.219
RollerBallRayBrain,0.426,186.540,1.945,10286,-21.230
RollerBallRayBrain,0.422,189.105,1.974,10284,-21.215
RollerBallRayBrain,0.415,191.645,1.958,10277,-21.128
RollerBallRayBrain,0.421,194.268,2.034,10266,-21.059
RollerBallRayBrain,0.431,196.820,1.970,10317,-21.032
RollerBallRayBrain,0.421,199.384,1.972,10282,-20.974
RollerBallRayBrain,0.422,201.941,1.974,10260,-20.869
RollerBallRayBrain,0.429,204.561,2.030,10247,-20.816
RollerBallRayBrain,0.421,207.110,1.958,10276,-20.760
RollerBallRayBrain,0.424,209.650,1.956,10297,-20.718
RollerBallRayBrain,0.421,212.209,1.986,10285,-20.715
RollerBallRayBrain,0.424,214.810,2.018,10262,-20.683
RollerBallRayBrain,0.420,217.366,1.969,10329,-20.632
RollerBallRayBrain,0.417,219.946,2.009,10267,-20.539
RollerBallRayBrain,0.427,222.541,2.012,10288,-20.503
RollerBallRayBrain,0.418,225.096,1.979,10278,-20.450
RollerBallRayBrain,0.423,227.692,2.043,10280,-20.353
RollerBallRayBrain,0.423,230.225,1.952,10244,-20.347
RollerBallRayBrain,0.431,232.871,2.041,10288,-20.294
RollerBallRayBrain,0.427,235.470,2.011,10331,-20.160
RollerBallRayBrain,0.417,238.009,1.952,10267,-20.087
RollerBallRayBrain,0.423,240.619,2.023,10293,-20.024
RollerBallRayBrain,0.429,243.217,1.996,10301,-19.971
RollerBallRayBrain,0.425,245.777,1.966,10263,-19.979
RollerBallRayBrain,0.453,248.413,2.019,10363,-19.921
RollerBallRayBrain,0.418,251.050,2.042,10328,-19.783
RollerBallRayBrain,0.465,253.670,1.978,10244,-19.738
RollerBallRayBrain,0.420,256.219,1.986,10297,-19.729
RollerBallRayBrain,0.456,258.856,1.994,10247,-19.672
RollerBallRayBrain,0.420,261.419,1.982,10262,-19.590
RollerBallRayBrain,0.419,263.983,1.957,10272,-19.496
RollerBallRayBrain,0.423,266.569,1.975,10331,-19.456
RollerBallRayBrain,0.419,269.132,1.988,10259,-19.377
RollerBallRayBrain,0.418,271.750,2.028,10263,-19.264
RollerBallRayBrain,0.423,274.401,2.039,10282,-19.121
RollerBallRayBrain,0.420,276.998,2.012,10258,-19.030
RollerBallRayBrain,0.420,279.525,1.962,10300,-19.009
RollerBallRayBrain,0.416,282.070,1.962,10267,-18.974
RollerBallRayBrain,0.415,284.680,2.033,10264,-18.913
RollerBallRayBrain,0.424,287.272,2.005,10293,-18.807
RollerBallRayBrain,0.423,289.892,2.020,10298,-18.767
RollerBallRayBrain,0.433,292.565,2.072,10315,-18.669
RollerBallRayBrain,0.416,295.086,1.958,10279,-18.650
RollerBallRayBrain,0.427,297.680,2.010,10268,-18.604
RollerBallRayBrain,0.421,300.285,2.033,10290,-18.538
RollerBallRayBrain,0.431,302.904,2.015,10252,-18.433
RollerBallRayBrain,0.420,305.474,1.978,10282,-18.410
RollerBallRayBrain,0.432,308.077,2.005,10245,-18.372
RollerBallRayBrain,0.424,310.633,1.971,10325,-18.341
RollerBallRayBrain,0.423,313.248,2.027,10291,-18.283
RollerBallRayBrain,0.431,315.871,2.033,10332,-18.199
RollerBallRayBrain,0.423,318.525,2.058,10311,-18.159
RollerBallRayBrain,0.421,321.078,1.975,10337,-18.123
RollerBallRayBrain,0.419,323.734,2.054,10274,-18.099
RollerBallRayBrain,0.422,326.333,2.012,10367,-18.057
RollerBallRayBrain,0.422,328.971,2.041,10304,-18.006
RollerBallRayBrain,0.428,331.538,1.996,10282,-18.006
RollerBallRayBrain,0.424,334.198,2.065,10296,-17.923
RollerBallRayBrain,0.426,336.719,1.953,10296,-17.905
