Brain name,Time to update policy,Time since start of training,Time for last experience collection,Number of experiences used for training,Mean return
RollerBallRayBrain,3.619,9.326,4.150,16615,-30.652
RollerBallRayBrain,3.636,16.809,3.524,16767,-30.773
RollerBallRayBrain,3.413,24.087,3.567,16204,-30.069
RollerBallRayBrain,3.644,31.609,3.551,17335,-30.247
RollerBallRayBrain,3.603,39.154,3.625,16766,-29.929
RollerBallRayBrain,3.639,46.742,3.641,16860,-29.567
RollerBallRayBrain,2.441,51.936,2.517,10502,-29.350
RollerBallRayBrain,2.404,56.287,1.783,10809,-29.547
RollerBallRayBrain,3.186,63.190,3.416,14390,-29.713
RollerBallRayBrain,2.413,69.087,3.201,10741,-29.839
RollerBallRayBrain,2.421,72.546,0.950,10770,-29.954
RollerBallRayBrain,3.090,79.403,3.473,13386,-30.093
RollerBallRayBrain,2.358,84.023,2.087,10674,-29.851
RollerBallRayBrain,2.284,88.588,2.084,10703,-29.934
RollerBallRayBrain,2.960,95.150,3.318,13772,-29.835
RollerBallRayBrain,2.294,99.674,2.051,10656,-29.989
RollerBallRayBrain,2.388,104.371,2.113,10709,-30.054
RollerBallRayBrain,2.352,109.128,2.193,10284,-29.897
RollerBallRayBrain,2.372,113.954,2.237,10358,-29.841
RollerBallRayBrain,2.809,119.931,2.903,11621,-29.797
RollerBallRayBrain,2.339,124.548,2.090,10656,-29.922
RollerBallRayBrain,2.265,129.018,2.020,10618,-29.833
RollerBallRayBrain,2.525,134.101,2.339,10722,-29.698
RollerBallRayBrain,3.048,139.912,2.509,10746,-29.758
RollerBallRayBrain,2.374,145.119,2.584,10363,-29.776
RollerBallRayBrain,2.507,150.788,2.884,10643,-29.763
RollerBallRayBrain,2.424,155.456,2.037,10656,-29.864
RollerBallRayBrain,2.381,160.393,2.309,10249,-29.923
RollerBallRayBrain,2.488,164.762,1.729,10300,-29.928
RollerBallRayBrain,2.580,170.093,2.509,10259,-29.930
RollerBallRayBrain,2.528,174.746,1.929,10253,-29.732
RollerBallRayBrain,2.413,179.462,2.095,10559,-29.714
RollerBallRayBrain,2.436,184.198,2.099,10719,-29.663
RollerBallRayBrain,2.383,189.816,2.951,10857,-29.672
RollerBallRayBrain,2.357,194.398,2.022,10272,-29.591
RollerBallRayBrain,2.388,199.286,2.301,10330,-29.650
RollerBallRayBrain,2.385,203.624,1.782,10656,-29.729
RollerBallRayBrain,2.394,208.600,2.357,10851,-29.737
RollerBallRayBrain,2.415,213.844,2.577,10786,-29.657
RollerBallRayBrain,2.407,217.889,1.493,10565,-29.604
RollerBallRayBrain,2.426,223.672,3.072,10884,-29.497
RollerBallRayBrain,2.420,228.357,2.060,10797,-29.542
RollerBallRayBrain,2.497,233.425,2.333,10639,-29.463
RollerBallRayBrain,2.493,238.435,2.307,10501,-29.383
RollerBallRayBrain,2.499,243.744,2.549,10492,-29.200
RollerBallRayBrain,2.493,248.255,1.840,10441,-29.159
RollerBallRayBrain,2.489,253.329,2.354,10518,-28.957
RollerBallRayBrain,2.494,258.198,2.165,10254,-28.881
RollerBallRayBrain,2.438,263.332,2.454,10718,-28.708
RollerBallRayBrain,2.440,267.675,1.745,10645,-28.511
RollerBallRayBrain,2.469,273.343,2.917,10285,-28.361
RollerBallRayBrain,2.523,278.024,1.982,10573,-28.289
RollerBallRayBrain,2.502,282.778,2.056,10600,-28.112
RollerBallRayBrain,2.472,287.807,2.329,10348,-27.878
RollerBallRayBrain,2.397,292.654,2.235,10268,-27.677
RollerBallRayBrain,2.423,297.766,2.444,10592,-27.277
RollerBallRayBrain,2.434,302.425,2.031,10505,-27.158
RollerBallRayBrain,2.427,307.658,2.572,10377,-26.922
RollerBallRayBrain,2.460,312.459,2.121,10540,-26.815
RollerBallRayBrain,2.420,317.800,2.661,10698,-26.545
RollerBallRayBrain,2.477,322.503,2.033,10390,-26.402
RollerBallRayBrain,2.417,327.182,2.070,10244,-26.281
RollerBallRayBrain,2.372,332.275,2.480,10353,-26.065
RollerBallRayBrain,2.426,337.180,2.258,10414,-25.961
RollerBallRayBrain,2.442,342.281,2.424,10490,-25.769
RollerBallRayBrain,2.470,346.667,1.758,10567,-25.605
RollerBallRayBrain,2.445,352.029,2.652,10442,-25.370
RollerBallRayBrain,2.443,356.643,1.975,10242,-25.157
RollerBallRayBrain,2.459,361.723,2.381,10413,-24.940
RollerBallRayBrain,2.411,366.905,2.539,10321,-24.829
RollerBallRayBrain,2.440,371.219,1.705,10339,-24.739
RollerBallRayBrain,2.444,376.884,2.952,10565,-24.627
RollerBallRayBrain,2.456,381.193,1.689,10899,-24.609
RollerBallRayBrain,2.515,386.289,2.345,10806,-24.403
RollerBallRayBrain,2.450,391.290,2.349,10836,-24.190
RollerBallRayBrain,2.410,396.498,2.566,10256,-23.984
RollerBallRayBrain,2.452,401.162,2.004,10388,-23.846
RollerBallRayBrain,2.459,406.242,2.380,10524,-23.647
RollerBallRayBrain,2.518,411.174,2.195,10606,-23.499
RollerBallRayBrain,2.447,416.499,2.609,10506,-23.275
RollerBallRayBrain,2.407,421.015,1.941,10353,-23.031
RollerBallRayBrain,2.459,426.044,2.350,10307,-22.783
RollerBallRayBrain,2.443,431.300,2.571,10414,-22.573
RollerBallRayBrain,2.433,436.212,2.266,10687,-22.389
RollerBallRayBrain,2.442,440.774,1.942,10363,-22.203
RollerBallRayBrain,2.441,446.199,2.733,10822,-21.862
RollerBallRayBrain,2.438,451.187,2.334,10361,-21.642
RollerBallRayBrain,2.412,455.727,1.944,10404,-21.493
RollerBallRayBrain,2.454,461.136,2.707,10676,-21.255
RollerBallRayBrain,2.417,466.045,2.290,10572,-21.082
RollerBallRayBrain,2.369,471.493,2.820,10635,-20.862
RollerBallRayBrain,2.455,475.513,1.432,10317,-20.779
RollerBallRayBrain,2.423,480.703,2.536,10310,-20.528
RollerBallRayBrain,2.425,485.827,2.455,10398,-20.403
RollerBallRayBrain,2.675,491.164,2.409,11509,-20.212
RollerBallRayBrain,2.498,496.207,2.348,10662,-19.986
RollerBallRayBrain,2.567,501.609,2.573,10356,-19.794
RollerBallRayBrain,2.465,507.109,2.760,10568,-19.560
RollerBallRayBrain,2.420,511.169,1.495,10316,-19.444
RollerBallRayBrain,2.446,516.771,2.892,10422,-19.281
RollerBallRayBrain,2.467,521.728,2.277,10645,-19.149
RollerBallRayBrain,2.470,526.621,2.212,10653,-19.000
RollerBallRayBrain,2.432,531.862,2.553,10389,-18.831
RollerBallRayBrain,2.437,536.624,2.128,10319,-18.667
RollerBallRayBrain,2.462,541.637,2.335,10339,-18.475
RollerBallRayBrain,2.409,547.010,2.711,10332,-18.297
RollerBallRayBrain,2.487,551.773,2.069,10652,-18.274
RollerBallRayBrain,2.480,556.863,2.384,10446,-18.167
RollerBallRayBrain,2.419,561.848,2.365,10245,-18.019
RollerBallRayBrain,2.442,567.066,2.536,10753,-17.912
RollerBallRayBrain,2.472,571.653,1.937,10495,-17.827
RollerBallRayBrain,2.435,576.744,2.437,10290,-17.651
RollerBallRayBrain,2.427,582.195,2.785,10316,-17.427
RollerBallRayBrain,2.481,586.606,1.771,10770,-17.362
RollerBallRayBrain,2.411,591.916,2.654,10321,-17.182
RollerBallRayBrain,2.425,596.353,1.857,10248,-17.079
RollerBallRayBrain,2.398,601.754,2.739,10282,-16.829
RollerBallRayBrain,2.434,606.990,2.562,10306,-16.735
RollerBallRayBrain,2.502,611.726,2.055,10811,-16.664
RollerBallRayBrain,2.460,617.224,2.780,10618,-16.532
RollerBallRayBrain,2.421,621.656,1.837,10290,-16.426
RollerBallRayBrain,2.504,627.517,3.085,10545,-16.291
