Brain name,Time to update policy,Time since start of training,Time for last experience collection,Number of experiences used for training,Mean return
RollerBallRayBrain,0.475,4.475,2.538,10371,0.450
RollerBallRayBrain,0.471,7.220,2.077,10941,-28.261
RollerBallRayBrain,0.457,9.801,1.948,10480,-27.592
RollerBallRayBrain,0.469,12.508,2.095,10962,-29.311
RollerBallRayBrain,0.461,15.104,1.974,10530,-29.311
RollerBallRayBrain,0.469,17.831,2.082,10962,-30.521
RollerBallRayBrain,0.453,20.580,2.126,10929,-30.921
RollerBallRayBrain,0.430,23.107,1.939,10505,-30.768
RollerBallRayBrain,0.444,25.858,2.114,10915,-30.828
RollerBallRayBrain,0.437,28.401,1.939,10447,-30.549
RollerBallRayBrain,0.445,31.176,2.139,10985,-30.394
RollerBallRayBrain,0.440,33.901,2.075,10903,-30.587
RollerBallRayBrain,0.476,36.580,2.020,10311,-30.468
RollerBallRayBrain,0.435,39.276,2.060,10265,-30.713
RollerBallRayBrain,0.425,41.753,1.884,10252,-30.789
RollerBallRayBrain,0.419,44.296,1.955,10304,-30.899
RollerBallRayBrain,0.423,46.942,2.047,10298,-31.053
RollerBallRayBrain,0.420,49.482,1.939,10287,-30.921
RollerBallRayBrain,0.416,51.916,1.858,10255,-30.994
RollerBallRayBrain,0.418,54.488,1.983,10274,-30.900
RollerBallRayBrain,0.428,57.107,2.017,10314,-31.033
RollerBallRayBrain,0.421,59.672,1.956,10294,-30.894
RollerBallRayBrain,0.415,62.124,1.879,10277,-31.012
RollerBallRayBrain,0.417,64.706,2.009,10259,-30.991
RollerBallRayBrain,0.423,67.242,1.939,10296,-30.902
RollerBallRayBrain,0.419,69.722,1.918,10279,-30.938
RollerBallRayBrain,0.419,72.211,1.904,10285,-30.828
RollerBallRayBrain,0.431,74.895,2.062,10288,-30.787
RollerBallRayBrain,0.428,77.400,1.920,10271,-30.678
RollerBallRayBrain,0.433,80.003,1.991,10401,-30.561
RollerBallRayBrain,0.418,82.608,2.018,10299,-30.519
RollerBallRayBrain,0.423,85.157,1.955,10303,-30.387
RollerBallRayBrain,0.419,87.595,1.862,10274,-30.331
RollerBallRayBrain,0.425,90.129,1.946,10264,-30.148
RollerBallRayBrain,0.426,92.684,1.956,10361,-30.150
RollerBallRayBrain,0.429,95.217,1.958,10281,-30.150
RollerBallRayBrain,0.418,97.750,1.957,10260,-30.077
RollerBallRayBrain,0.427,100.216,1.862,10253,-29.987
RollerBallRayBrain,0.423,102.767,1.954,10283,-29.985
RollerBallRayBrain,0.424,105.281,1.933,10259,-29.865
RollerBallRayBrain,0.416,107.775,1.921,10316,-29.707
RollerBallRayBrain,0.425,110.332,1.968,10405,-29.517
RollerBallRayBrain,0.420,112.899,1.973,10263,-29.351
RollerBallRayBrain,0.431,115.448,1.971,10303,-29.270
RollerBallRayBrain,0.432,117.970,1.917,10269,-29.278
RollerBallRayBrain,0.427,120.574,2.018,10277,-29.314
RollerBallRayBrain,0.439,123.158,1.991,10254,-29.158
RollerBallRayBrain,0.426,125.715,1.965,10260,-28.876
RollerBallRayBrain,0.430,128.249,1.934,10300,-28.679
RollerBallRayBrain,0.429,130.860,2.023,10274,-28.519
RollerBallRayBrain,0.422,133.388,1.936,10302,-28.324
RollerBallRayBrain,0.419,135.928,1.959,10266,-28.158
RollerBallRayBrain,0.427,138.487,1.978,10241,-28.076
RollerBallRayBrain,0.422,141.000,1.925,10262,-27.899
RollerBallRayBrain,0.427,143.568,1.961,10300,-27.740
RollerBallRayBrain,0.434,146.175,2.002,10344,-27.673
RollerBallRayBrain,0.426,148.711,1.959,10286,-27.556
RollerBallRayBrain,0.422,151.241,1.943,10278,-27.390
RollerBallRayBrain,0.421,153.753,1.940,10292,-27.329
RollerBallRayBrain,0.423,156.330,2.006,10355,-27.153
RollerBallRayBrain,0.430,158.950,2.032,10254,-26.924
RollerBallRayBrain,0.429,161.499,1.956,10270,-26.731
RollerBallRayBrain,0.442,164.075,1.969,10295,-26.563
RollerBallRayBrain,0.420,166.611,1.925,10259,-26.530
RollerBallRayBrain,0.426,169.236,2.060,10273,-26.269
RollerBallRayBrain,0.449,171.783,1.932,10300,-26.204
RollerBallRayBrain,0.414,174.370,2.002,10305,-26.022
RollerBallRayBrain,0.424,176.873,1.915,10254,-25.997
RollerBallRayBrain,0.423,179.471,1.987,10247,-25.846
RollerBallRayBrain,0.424,182.035,1.981,10275,-25.640
RollerBallRayBrain,0.419,184.569,1.959,10244,-25.585
RollerBallRayBrain,0.429,187.119,1.985,10344,-25.427
RollerBallRayBrain,0.424,189.681,1.986,10324,-25.325
RollerBallRayBrain,0.423,192.303,2.035,10292,-25.134
RollerBallRayBrain,0.425,194.847,1.966,10293,-24.969
RollerBallRayBrain,0.424,197.397,1.971,10265,-24.829
RollerBallRayBrain,0.423,199.989,1.996,10245,-24.613
RollerBallRayBrain,0.425,202.515,1.947,10256,-24.559
RollerBallRayBrain,0.428,205.097,1.991,10305,-24.470
RollerBallRayBrain,0.431,207.674,1.981,10319,-24.280
RollerBallRayBrain,0.428,210.248,1.978,10283,-24.146
RollerBallRayBrain,0.420,212.843,2.012,10293,-23.985
RollerBallRayBrain,0.426,215.401,1.968,10303,-23.962
RollerBallRayBrain,0.430,218.013,1.990,10276,-23.768
RollerBallRayBrain,0.426,220.716,2.084,10264,-23.623
RollerBallRayBrain,0.414,223.329,2.031,10302,-23.405
RollerBallRayBrain,0.417,225.899,1.991,10302,-23.283
RollerBallRayBrain,0.420,228.452,1.940,10244,-23.169
RollerBallRayBrain,0.413,230.994,1.948,10246,-23.031
RollerBallRayBrain,0.421,233.591,2.014,10354,-22.863
RollerBallRayBrain,0.417,236.165,1.984,10331,-22.754
RollerBallRayBrain,0.420,238.789,2.031,10479,-22.626
RollerBallRayBrain,0.414,241.360,2.005,10277,-22.561
RollerBallRayBrain,0.423,243.943,1.998,10296,-22.427
RollerBallRayBrain,0.415,246.522,2.024,10266,-22.314
RollerBallRayBrain,0.426,249.091,1.959,10319,-22.249
RollerBallRayBrain,0.419,251.712,2.057,10248,-22.084
RollerBallRayBrain,0.421,254.258,1.984,10261,-22.015
RollerBallRayBrain,0.420,256.904,2.046,10277,-21.815
RollerBallRayBrain,0.425,259.438,1.952,10273,-21.691
RollerBallRayBrain,0.427,261.989,1.960,10262,-21.634
RollerBallRayBrain,0.431,264.628,2.023,10365,-21.549
RollerBallRayBrain,0.427,267.240,2.050,10283,-21.471
RollerBallRayBrain,0.421,269.795,1.989,10281,-21.349
RollerBallRayBrain,0.425,272.403,2.007,10261,-21.191
RollerBallRayBrain,0.427,275.020,2.044,10277,-21.040
RollerBallRayBrain,0.415,277.617,2.005,10275,-20.958
RollerBallRayBrain,0.424,280.253,2.035,10254,-20.805
RollerBallRayBrain,0.424,282.767,1.917,10245,-20.740
RollerBallRayBrain,0.433,285.355,1.978,10352,-20.707
RollerBallRayBrain,0.426,287.902,1.958,10295,-20.637
RollerBallRayBrain,0.428,290.522,2.043,10270,-20.568
RollerBallRayBrain,0.426,293.132,2.009,10241,-20.376
RollerBallRayBrain,0.422,295.725,2.005,10273,-20.284
RollerBallRayBrain,0.424,298.378,2.062,10247,-20.152
RollerBallRayBrain,0.417,300.883,1.913,10255,-20.085
RollerBallRayBrain,0.427,303.463,2.006,10289,-20.020
RollerBallRayBrain,0.419,306.081,2.028,10246,-19.881
RollerBallRayBrain,0.414,308.741,2.062,10263,-19.730
RollerBallRayBrain,0.419,311.315,1.968,10292,-19.609
RollerBallRayBrain,0.417,313.930,2.035,10288,-19.487
RollerBallRayBrain,0.418,316.597,2.065,10246,-19.317
RollerBallRayBrain,0.425,319.214,2.007,10266,-19.144
RollerBallRayBrain,0.431,321.903,2.076,10357,-18.986
RollerBallRayBrain,0.420,324.557,2.068,10273,-18.860
RollerBallRayBrain,0.421,327.245,2.090,10260,-18.724
RollerBallRayBrain,0.418,329.802,1.985,10302,-18.658
RollerBallRayBrain,0.417,332.502,2.116,10299,-18.459
RollerBallRayBrain,0.424,335.176,2.086,10261,-18.344
RollerBallRayBrain,0.418,337.810,2.055,10276,-18.149
