Brain name,Time to update policy,Time since start of training,Time for last experience collection,Number of experiences used for training,Mean return
RollerBallRayBrain,0.495,4.471,2.539,10302,-1.788
RollerBallRayBrain,0.475,7.187,2.044,10865,-27.494
RollerBallRayBrain,0.461,9.783,1.965,10441,-26.756
RollerBallRayBrain,0.471,12.476,2.037,10972,-28.922
RollerBallRayBrain,0.477,15.148,2.007,10513,-29.127
RollerBallRayBrain,0.454,17.899,2.119,10957,-29.727
RollerBallRayBrain,0.457,20.637,2.107,11001,-30.234
RollerBallRayBrain,0.448,23.182,1.930,10529,-30.336
RollerBallRayBrain,0.439,25.942,2.110,10953,-30.688
RollerBallRayBrain,0.433,28.478,1.948,10464,-30.642
RollerBallRayBrain,0.437,31.211,2.116,10942,-30.871
RollerBallRayBrain,0.442,33.929,2.095,10949,-30.852
RollerBallRayBrain,0.431,36.521,1.996,10561,-30.923
RollerBallRayBrain,0.442,39.205,2.064,10963,-31.161
RollerBallRayBrain,0.431,41.787,1.976,10529,-31.197
RollerBallRayBrain,0.439,44.502,2.106,10868,-30.922
RollerBallRayBrain,0.437,47.206,2.094,10939,-30.897
RollerBallRayBrain,0.425,49.753,1.961,10507,-30.916
RollerBallRayBrain,0.420,52.419,2.067,10360,-30.905
RollerBallRayBrain,0.423,54.881,1.886,10256,-30.630
RollerBallRayBrain,0.421,57.412,1.936,10305,-30.636
RollerBallRayBrain,0.419,59.981,1.982,10274,-30.638
RollerBallRayBrain,0.419,62.532,1.974,10287,-30.641
RollerBallRayBrain,0.423,64.965,1.869,10268,-30.550
RollerBallRayBrain,0.417,67.510,1.972,10301,-30.227
RollerBallRayBrain,0.418,70.073,1.976,10253,-30.242
RollerBallRayBrain,0.417,72.588,1.932,10305,-30.237
RollerBallRayBrain,0.414,75.071,1.914,10286,-30.275
RollerBallRayBrain,0.423,77.618,1.949,10319,-30.194
RollerBallRayBrain,0.422,80.186,1.988,10365,-30.039
RollerBallRayBrain,0.418,82.671,1.907,10266,-30.091
RollerBallRayBrain,0.420,85.185,1.917,10275,-29.900
RollerBallRayBrain,0.425,87.747,1.980,10395,-29.847
RollerBallRayBrain,0.427,90.299,1.952,10337,-29.905
RollerBallRayBrain,0.415,92.787,1.896,10320,-29.875
RollerBallRayBrain,0.420,95.331,1.945,10255,-29.839
RollerBallRayBrain,0.416,97.872,1.956,10281,-29.758
RollerBallRayBrain,0.421,100.376,1.928,10265,-29.617
RollerBallRayBrain,0.423,102.923,1.976,10246,-29.601
RollerBallRayBrain,0.426,105.426,1.925,10294,-29.580
RollerBallRayBrain,0.419,107.966,1.945,10252,-29.430
RollerBallRayBrain,0.424,110.504,1.949,10332,-29.276
RollerBallRayBrain,0.426,112.996,1.906,10258,-29.263
RollerBallRayBrain,0.426,115.556,1.974,10343,-29.163
RollerBallRayBrain,0.425,118.090,1.946,10257,-29.167
RollerBallRayBrain,0.425,120.567,1.901,10249,-29.122
RollerBallRayBrain,0.430,123.154,1.978,10244,-28.853
RollerBallRayBrain,0.425,125.715,1.964,10305,-28.778
RollerBallRayBrain,0.441,128.257,1.925,10286,-28.747
RollerBallRayBrain,0.429,130.867,1.994,10335,-28.749
RollerBallRayBrain,0.429,133.398,1.933,10272,-28.628
RollerBallRayBrain,0.420,135.900,1.922,10285,-28.596
RollerBallRayBrain,0.426,138.433,1.941,10362,-28.540
RollerBallRayBrain,0.423,140.953,1.940,10270,-28.427
RollerBallRayBrain,0.428,143.519,1.974,10255,-28.249
RollerBallRayBrain,0.425,146.045,1.943,10280,-28.201
RollerBallRayBrain,0.424,148.577,1.930,10301,-28.168
RollerBallRayBrain,0.421,151.122,1.956,10322,-28.155
RollerBallRayBrain,0.429,153.695,1.976,10273,-27.964
RollerBallRayBrain,0.416,156.252,1.988,10322,-27.963
RollerBallRayBrain,0.418,158.815,1.986,10302,-27.880
RollerBallRayBrain,0.417,161.277,1.884,10247,-27.745
RollerBallRayBrain,0.418,163.854,2.005,10387,-27.606
RollerBallRayBrain,0.431,166.415,1.948,10280,-27.565
RollerBallRayBrain,0.428,168.975,1.972,10278,-27.450
RollerBallRayBrain,0.430,171.515,1.927,10365,-27.384
RollerBallRayBrain,0.423,174.087,1.981,10312,-27.268
RollerBallRayBrain,0.426,176.605,1.934,10297,-27.163
RollerBallRayBrain,0.428,179.158,1.957,10345,-27.109
RollerBallRayBrain,0.418,181.711,1.959,10305,-27.071
RollerBallRayBrain,0.417,184.263,1.971,10305,-26.921
RollerBallRayBrain,0.420,186.816,1.975,10264,-26.771
RollerBallRayBrain,0.420,189.340,1.943,10298,-26.772
RollerBallRayBrain,0.414,191.844,1.922,10243,-26.589
RollerBallRayBrain,0.416,194.390,1.974,10247,-26.405
RollerBallRayBrain,0.444,197.024,2.008,10370,-26.199
RollerBallRayBrain,0.416,199.706,2.074,10261,-26.064
RollerBallRayBrain,0.423,202.233,1.953,10274,-25.963
RollerBallRayBrain,0.428,204.750,1.944,10321,-25.853
RollerBallRayBrain,0.424,207.317,1.989,10288,-25.789
RollerBallRayBrain,0.425,209.869,1.992,10302,-25.734
RollerBallRayBrain,0.422,212.401,1.973,10258,-25.642
RollerBallRayBrain,0.414,214.992,2.009,10290,-25.495
RollerBallRayBrain,0.427,217.535,1.956,10244,-25.299
RollerBallRayBrain,0.419,220.073,1.968,10302,-25.187
RollerBallRayBrain,0.417,222.638,1.977,10261,-25.073
RollerBallRayBrain,0.413,225.188,1.961,10241,-24.906
RollerBallRayBrain,0.418,227.738,1.951,10339,-24.874
RollerBallRayBrain,0.421,230.257,1.928,10286,-24.840
RollerBallRayBrain,0.424,232.848,2.012,10302,-24.656
RollerBallRayBrain,0.429,235.411,1.954,10271,-24.556
RollerBallRayBrain,0.424,237.934,1.948,10260,-24.489
RollerBallRayBrain,0.424,240.543,2.025,10318,-24.420
RollerBallRayBrain,0.427,243.058,1.941,10254,-24.164
RollerBallRayBrain,0.421,245.638,1.984,10279,-24.115
RollerBallRayBrain,0.436,248.237,2.006,10262,-23.939
RollerBallRayBrain,0.427,250.875,2.053,10290,-23.656
RollerBallRayBrain,0.432,253.483,2.021,10289,-23.528
RollerBallRayBrain,0.424,256.031,1.958,10262,-23.357
RollerBallRayBrain,0.431,258.618,1.996,10254,-23.194
RollerBallRayBrain,0.434,261.259,2.041,10294,-23.016
RollerBallRayBrain,0.427,263.861,2.022,10299,-22.854
RollerBallRayBrain,0.431,266.434,1.978,10282,-22.762
RollerBallRayBrain,0.424,269.086,2.059,10241,-22.475
RollerBallRayBrain,0.428,271.687,2.015,10297,-22.272
RollerBallRayBrain,0.423,274.312,2.043,10305,-22.102
RollerBallRayBrain,0.420,276.896,2.009,10251,-21.936
RollerBallRayBrain,0.428,279.564,2.088,10370,-21.744
RollerBallRayBrain,0.436,282.158,1.981,10248,-21.582
RollerBallRayBrain,0.430,284.732,1.968,10258,-21.470
RollerBallRayBrain,0.421,287.309,2.002,10245,-21.209
RollerBallRayBrain,0.423,289.984,2.082,10279,-20.992
RollerBallRayBrain,0.423,292.616,2.067,10304,-20.841
RollerBallRayBrain,0.433,295.150,1.926,10315,-20.755
RollerBallRayBrain,0.425,297.794,2.021,10280,-20.621
RollerBallRayBrain,0.430,300.405,2.009,10291,-20.475
RollerBallRayBrain,0.432,303.019,2.024,10286,-20.359
RollerBallRayBrain,0.429,305.668,2.053,10306,-20.185
RollerBallRayBrain,0.434,308.285,2.006,10339,-20.025
RollerBallRayBrain,0.432,310.949,2.063,10272,-19.951
RollerBallRayBrain,0.425,313.537,2.011,10265,-19.790
RollerBallRayBrain,0.428,316.107,1.953,10305,-19.691
RollerBallRayBrain,0.427,318.713,2.011,10288,-19.631
RollerBallRayBrain,0.425,321.324,2.018,10341,-19.498
RollerBallRayBrain,0.427,323.939,1.994,10326,-19.423
RollerBallRayBrain,0.422,326.534,2.021,10254,-19.330
RollerBallRayBrain,0.428,329.094,1.968,10306,-19.240
RollerBallRayBrain,0.423,331.729,2.037,10266,-19.123
RollerBallRayBrain,0.422,334.343,2.006,10279,-19.045
