Brain name,Time to update policy,Time since start of training,Time for last experience collection,Number of experiences used for training,Mean return
RollerBallRayBrain,0.515,4.656,2.621,10496,-2.975
RollerBallRayBrain,0.501,7.605,2.234,10950,-30.928
RollerBallRayBrain,0.501,10.366,2.060,10546,-31.007
RollerBallRayBrain,0.500,13.289,2.191,10946,-32.071
RollerBallRayBrain,0.487,16.050,2.064,10546,-32.093
RollerBallRayBrain,0.508,18.979,2.204,10789,-32.095
RollerBallRayBrain,0.492,21.913,2.209,11000,-32.106
RollerBallRayBrain,0.465,24.600,2.007,10546,-32.117
RollerBallRayBrain,0.482,27.520,2.208,10881,-32.338
RollerBallRayBrain,0.483,30.279,2.063,10546,-32.345
RollerBallRayBrain,0.474,33.199,2.205,10852,-32.125
RollerBallRayBrain,0.465,36.134,2.210,10804,-32.087
RollerBallRayBrain,0.469,38.852,2.054,10556,-31.750
RollerBallRayBrain,0.476,41.771,2.215,10828,-31.760
RollerBallRayBrain,0.469,44.495,2.060,10603,-31.715
RollerBallRayBrain,0.471,47.402,2.211,10664,-31.158
RollerBallRayBrain,0.466,50.162,2.098,10256,-31.104
RollerBallRayBrain,0.454,52.867,2.045,10267,-30.671
RollerBallRayBrain,0.450,55.641,2.141,10264,-30.408
RollerBallRayBrain,0.452,58.352,2.060,10241,-30.378
RollerBallRayBrain,0.472,61.051,2.029,10248,-30.205
RollerBallRayBrain,0.493,63.873,2.148,10268,-29.977
RollerBallRayBrain,0.453,66.617,2.097,10249,-29.886
RollerBallRayBrain,0.453,69.293,2.026,10302,-29.879
RollerBallRayBrain,0.487,72.046,2.079,10252,-29.834
RollerBallRayBrain,0.454,74.777,2.080,10338,-29.734
RollerBallRayBrain,0.462,77.519,2.068,10288,-29.648
RollerBallRayBrain,0.455,80.240,2.089,10323,-29.618
RollerBallRayBrain,0.460,82.977,2.066,10298,-29.418
RollerBallRayBrain,0.460,85.753,2.097,10276,-29.170
RollerBallRayBrain,0.464,88.434,2.019,10241,-29.150
RollerBallRayBrain,0.457,91.254,2.158,10376,-28.635
RollerBallRayBrain,0.462,94.004,2.071,10329,-28.649
RollerBallRayBrain,0.462,96.765,2.074,10265,-28.551
RollerBallRayBrain,0.463,99.535,2.098,10303,-28.458
RollerBallRayBrain,0.466,102.266,2.047,10362,-28.429
RollerBallRayBrain,0.468,105.036,2.100,10261,-28.381
RollerBallRayBrain,0.446,107.753,2.053,10258,-28.282
RollerBallRayBrain,0.458,110.480,2.076,10258,-28.201
RollerBallRayBrain,0.457,113.304,2.144,10300,-28.065
RollerBallRayBrain,0.450,116.066,2.104,10272,-27.922
RollerBallRayBrain,0.450,118.810,2.102,10319,-27.793
RollerBallRayBrain,0.452,121.574,2.112,10294,-27.533
RollerBallRayBrain,0.443,124.276,2.063,10302,-27.354
RollerBallRayBrain,0.449,127.043,2.111,10300,-27.250
RollerBallRayBrain,0.450,129.785,2.091,10248,-27.061
RollerBallRayBrain,0.462,132.564,2.110,10259,-26.821
RollerBallRayBrain,0.449,135.370,2.146,10261,-26.528
RollerBallRayBrain,0.452,138.187,2.148,10346,-26.250
RollerBallRayBrain,0.453,140.910,2.064,10340,-25.827
RollerBallRayBrain,0.450,143.682,2.119,10341,-25.673
RollerBallRayBrain,0.450,146.467,2.115,10280,-25.409
RollerBallRayBrain,0.453,149.218,2.116,10258,-25.131
RollerBallRayBrain,0.448,151.978,2.125,10250,-24.943
RollerBallRayBrain,0.449,154.698,2.052,10259,-24.930
RollerBallRayBrain,0.456,157.449,2.088,10246,-24.795
RollerBallRayBrain,0.452,160.203,2.110,10273,-24.453
RollerBallRayBrain,0.448,163.025,2.165,10344,-24.116
RollerBallRayBrain,0.443,165.778,2.127,10272,-23.935
RollerBallRayBrain,0.476,168.564,2.098,10337,-23.719
RollerBallRayBrain,0.458,171.408,2.188,10250,-23.234
RollerBallRayBrain,0.460,174.208,2.154,10258,-22.899
RollerBallRayBrain,0.457,177.111,2.220,10292,-22.544
RollerBallRayBrain,0.458,179.913,2.114,10292,-22.256
RollerBallRayBrain,0.459,182.776,2.195,10271,-21.960
RollerBallRayBrain,0.446,185.572,2.145,10277,-21.578
RollerBallRayBrain,0.452,188.387,2.162,10253,-21.258
RollerBallRayBrain,0.447,191.181,2.133,10255,-21.134
RollerBallRayBrain,0.449,194.033,2.188,10276,-20.831
RollerBallRayBrain,0.455,196.897,2.194,10272,-20.429
RollerBallRayBrain,0.457,199.709,2.156,10269,-20.139
RollerBallRayBrain,0.474,202.551,2.153,10293,-19.812
RollerBallRayBrain,0.462,205.438,2.217,10302,-19.552
RollerBallRayBrain,0.462,208.261,2.156,10248,-19.361
RollerBallRayBrain,0.462,211.154,2.201,10268,-19.161
RollerBallRayBrain,0.465,214.029,2.223,10305,-18.898
RollerBallRayBrain,0.461,216.936,2.224,10297,-18.561
RollerBallRayBrain,0.467,219.838,2.216,10294,-18.263
RollerBallRayBrain,0.453,222.715,2.222,10293,-18.068
RollerBallRayBrain,0.463,225.616,2.219,10270,-17.878
RollerBallRayBrain,0.461,228.528,2.236,10419,-17.655
RollerBallRayBrain,0.460,231.311,2.110,10250,-17.527
RollerBallRayBrain,0.502,234.277,2.256,10354,-17.303
RollerBallRayBrain,0.463,237.157,2.186,10295,-17.207
RollerBallRayBrain,0.479,240.079,2.240,10258,-16.999
RollerBallRayBrain,0.456,242.939,2.201,10291,-16.815
RollerBallRayBrain,0.452,245.779,2.181,10246,-16.725
RollerBallRayBrain,0.452,248.638,2.207,10302,-16.462
RollerBallRayBrain,0.457,251.553,2.243,10257,-16.302
RollerBallRayBrain,0.462,254.458,2.256,10278,-16.060
RollerBallRayBrain,0.460,257.253,2.137,10247,-15.931
RollerBallRayBrain,0.473,260.158,2.242,10243,-15.739
RollerBallRayBrain,0.452,263.061,2.256,10267,-15.533
RollerBallRayBrain,0.454,265.957,2.233,10248,-15.329
RollerBallRayBrain,0.449,268.867,2.264,10273,-15.181
RollerBallRayBrain,0.452,271.749,2.226,10243,-15.043
RollerBallRayBrain,0.461,274.648,2.235,10253,-14.954
RollerBallRayBrain,0.464,277.520,2.201,10366,-14.819
RollerBallRayBrain,0.462,280.378,2.192,10298,-14.747
RollerBallRayBrain,0.469,283.224,2.169,10455,-14.664
RollerBallRayBrain,0.454,286.153,2.252,10275,-14.561
RollerBallRayBrain,0.446,289.002,2.196,10328,-14.392
RollerBallRayBrain,0.453,291.871,2.184,10295,-14.285
RollerBallRayBrain,0.475,294.806,2.228,10251,-14.164
RollerBallRayBrain,0.449,297.739,2.272,10309,-14.019
RollerBallRayBrain,0.476,300.676,2.252,10363,-13.868
RollerBallRayBrain,0.466,303.654,2.302,10305,-13.710
RollerBallRayBrain,0.460,306.558,2.238,10285,-13.549
RollerBallRayBrain,0.447,309.360,2.160,10258,-13.500
RollerBallRayBrain,0.445,312.229,2.215,10251,-13.404
RollerBallRayBrain,0.453,315.088,2.195,10288,-13.324
RollerBallRayBrain,0.453,317.941,2.193,10363,-13.276
RollerBallRayBrain,0.446,320.772,2.184,10275,-13.231
RollerBallRayBrain,0.451,323.625,2.204,10305,-13.152
RollerBallRayBrain,0.442,326.473,2.201,10335,-13.029
RollerBallRayBrain,0.444,329.356,2.239,10280,-12.923
RollerBallRayBrain,0.457,332.246,2.214,10278,-12.826
RollerBallRayBrain,0.465,335.212,2.284,10287,-12.713
RollerBallRayBrain,0.453,338.112,2.223,10246,-12.574
RollerBallRayBrain,0.446,340.988,2.201,10260,-12.493
RollerBallRayBrain,0.467,343.848,2.186,10298,-12.416
RollerBallRayBrain,0.452,346.808,2.300,10246,-12.334
RollerBallRayBrain,0.458,349.633,2.142,10262,-12.268
RollerBallRayBrain,0.458,352.574,2.276,10284,-12.191
RollerBallRayBrain,0.452,355.539,2.310,10303,-12.091
RollerBallRayBrain,0.464,358.416,2.219,10348,-12.022
RollerBallRayBrain,0.442,361.222,2.177,10263,-11.975
RollerBallRayBrain,0.454,364.120,2.227,10273,-11.914
RollerBallRayBrain,0.483,366.984,2.168,10245,-11.850
