Brain name,Time to update policy,Time since start of training,Time for last experience collection,Number of experiences used for training,Mean return
RollerBallRayBrain,3.915,9.929,4.404,16676,-29.554
RollerBallRayBrain,3.929,18.086,3.852,16530,-28.354
RollerBallRayBrain,3.713,25.966,3.803,15999,-27.337
RollerBallRayBrain,4.008,34.140,3.800,16891,-27.977
RollerBallRayBrain,2.476,40.093,3.164,10773,-28.206
RollerBallRayBrain,2.437,43.926,1.278,10729,-28.573
RollerBallRayBrain,2.925,50.365,3.201,12898,-28.814
RollerBallRayBrain,2.473,56.084,2.951,10277,-28.924
RollerBallRayBrain,2.439,60.110,1.454,10359,-29.182
RollerBallRayBrain,2.455,65.510,2.690,10441,-29.425
RollerBallRayBrain,2.432,69.598,1.522,10622,-29.546
RollerBallRayBrain,2.471,75.186,2.847,10305,-29.465
RollerBallRayBrain,2.471,80.200,2.301,10731,-29.591
RollerBallRayBrain,2.477,84.465,1.645,10365,-29.742
RollerBallRayBrain,2.495,90.426,3.154,10799,-29.750
RollerBallRayBrain,2.416,94.253,1.289,10481,-29.895
RollerBallRayBrain,2.416,99.767,2.825,10444,-30.021
RollerBallRayBrain,2.469,104.846,2.386,10793,-30.013
RollerBallRayBrain,2.430,109.306,1.850,10382,-30.114
RollerBallRayBrain,2.447,114.615,2.612,10377,-30.047
RollerBallRayBrain,2.411,118.988,1.788,10363,-29.984
RollerBallRayBrain,2.409,124.359,2.695,10325,-29.922
RollerBallRayBrain,2.439,129.229,2.204,10787,-29.989
RollerBallRayBrain,2.432,134.059,2.182,10656,-30.103
RollerBallRayBrain,2.417,138.963,2.248,10322,-30.043
RollerBallRayBrain,2.453,143.681,2.066,10900,-29.985
RollerBallRayBrain,2.445,148.857,2.481,10514,-29.830
RollerBallRayBrain,2.465,153.478,1.965,10458,-29.856
RollerBallRayBrain,2.466,158.611,2.422,10631,-29.837
RollerBallRayBrain,2.457,163.332,2.052,10429,-29.693
RollerBallRayBrain,2.442,168.588,2.563,10768,-29.486
RollerBallRayBrain,2.450,173.485,2.241,10488,-29.370
RollerBallRayBrain,2.398,178.370,2.287,10261,-29.386
RollerBallRayBrain,2.387,182.948,2.002,10287,-29.263
RollerBallRayBrain,2.380,187.699,2.174,10531,-29.164
RollerBallRayBrain,2.389,192.550,2.241,10416,-28.977
RollerBallRayBrain,2.429,197.597,2.377,10387,-28.839
RollerBallRayBrain,2.455,202.387,2.141,10707,-28.691
RollerBallRayBrain,2.451,207.239,2.186,10794,-28.558
RollerBallRayBrain,2.413,212.311,2.439,10450,-28.374
RollerBallRayBrain,2.400,217.259,2.329,10261,-28.261
RollerBallRayBrain,2.439,221.765,1.886,10404,-27.984
RollerBallRayBrain,2.398,226.715,2.325,10372,-27.892
RollerBallRayBrain,2.457,231.257,1.895,10342,-27.736
RollerBallRayBrain,2.455,236.618,2.650,10296,-27.457
RollerBallRayBrain,2.503,241.842,2.491,10861,-27.135
RollerBallRayBrain,2.416,246.365,1.931,10370,-26.924
RollerBallRayBrain,2.440,251.402,2.372,10635,-26.624
RollerBallRayBrain,2.421,256.264,2.233,10789,-26.404
RollerBallRayBrain,2.399,261.114,2.237,10366,-26.280
RollerBallRayBrain,2.450,266.189,2.404,10742,-25.975
RollerBallRayBrain,2.399,271.087,2.287,10374,-25.892
RollerBallRayBrain,2.443,275.872,2.149,10253,-25.520
RollerBallRayBrain,2.403,280.837,2.336,10274,-25.424
RollerBallRayBrain,2.429,285.229,1.799,10252,-25.353
RollerBallRayBrain,2.424,290.824,2.894,10284,-25.264
RollerBallRayBrain,2.431,295.069,1.656,10528,-25.124
RollerBallRayBrain,2.421,300.552,2.782,10823,-24.731
RollerBallRayBrain,2.400,305.387,2.240,10322,-24.562
RollerBallRayBrain,2.417,310.023,2.039,10625,-24.449
RollerBallRayBrain,2.397,314.927,2.295,10599,-24.153
RollerBallRayBrain,2.400,319.791,2.246,10292,-23.950
RollerBallRayBrain,2.435,324.541,2.136,10592,-23.734
RollerBallRayBrain,2.411,329.419,2.247,10350,-23.467
RollerBallRayBrain,2.407,334.580,2.501,10401,-23.167
RollerBallRayBrain,2.422,339.579,2.366,10521,-22.918
RollerBallRayBrain,2.466,344.588,2.328,10795,-22.765
RollerBallRayBrain,2.429,349.332,2.122,10802,-22.649
RollerBallRayBrain,2.398,354.809,2.834,10834,-22.511
RollerBallRayBrain,2.417,359.063,1.691,10718,-22.415
RollerBallRayBrain,2.419,364.793,3.029,10416,-22.190
RollerBallRayBrain,2.679,369.449,1.815,10314,-22.160
RollerBallRayBrain,2.407,374.403,2.332,10467,-22.028
RollerBallRayBrain,2.417,379.037,2.044,10841,-21.734
RollerBallRayBrain,2.398,384.623,2.911,10363,-21.477
RollerBallRayBrain,2.404,389.010,1.820,10631,-21.335
RollerBallRayBrain,2.404,393.968,2.338,10255,-21.130
RollerBallRayBrain,2.410,399.287,2.660,10252,-20.867
RollerBallRayBrain,2.455,403.545,1.650,10447,-20.698
RollerBallRayBrain,2.427,408.945,2.704,10508,-20.377
RollerBallRayBrain,2.442,414.295,2.667,10372,-20.303
RollerBallRayBrain,2.429,418.343,1.471,10254,-20.159
RollerBallRayBrain,2.442,424.066,2.991,10318,-19.905
RollerBallRayBrain,2.413,428.479,1.831,10356,-19.739
RollerBallRayBrain,2.434,433.315,2.183,10279,-19.513
RollerBallRayBrain,2.423,438.799,2.791,10416,-19.257
RollerBallRayBrain,2.427,443.050,1.669,10330,-19.077
RollerBallRayBrain,2.435,448.404,2.664,10256,-18.756
RollerBallRayBrain,2.444,453.572,2.495,10362,-18.547
RollerBallRayBrain,2.431,458.448,2.232,10622,-18.375
RollerBallRayBrain,2.466,463.621,2.477,10317,-18.203
RollerBallRayBrain,2.433,468.752,2.467,10285,-17.995
RollerBallRayBrain,2.419,473.275,1.918,10482,-17.834
RollerBallRayBrain,2.397,478.147,2.276,10255,-17.654
RollerBallRayBrain,2.418,483.349,2.550,10433,-17.491
RollerBallRayBrain,2.392,488.361,2.401,10277,-17.349
RollerBallRayBrain,2.428,493.010,2.047,10327,-17.146
RollerBallRayBrain,2.443,498.558,2.831,10771,-16.922
RollerBallRayBrain,2.416,503.459,2.268,10637,-16.811
RollerBallRayBrain,2.432,508.277,2.190,10630,-16.680
RollerBallRayBrain,2.422,513.468,2.515,10310,-16.510
RollerBallRayBrain,2.395,518.159,2.113,10257,-16.399
RollerBallRayBrain,2.445,522.998,2.190,10885,-16.227
RollerBallRayBrain,2.432,528.607,2.903,10643,-16.021
RollerBallRayBrain,2.413,533.260,2.045,10441,-15.916
RollerBallRayBrain,2.422,538.430,2.510,10303,-15.729
RollerBallRayBrain,2.381,542.978,1.986,10282,-15.597
RollerBallRayBrain,2.413,548.016,2.402,10772,-15.387
RollerBallRayBrain,2.402,553.040,2.413,10255,-15.171
RollerBallRayBrain,2.445,558.392,2.687,10849,-14.988
RollerBallRayBrain,2.417,563.421,2.390,10302,-14.802
RollerBallRayBrain,2.417,568.611,2.567,10286,-14.627
RollerBallRayBrain,2.523,573.375,2.063,10259,-14.490
RollerBallRayBrain,2.436,578.546,2.509,10246,-14.304
RollerBallRayBrain,2.530,583.689,2.405,10613,-14.162
RollerBallRayBrain,2.512,589.006,2.570,10427,-14.005
RollerBallRayBrain,2.504,594.033,2.301,10294,-13.849
RollerBallRayBrain,2.503,599.566,2.767,10838,-13.685
RollerBallRayBrain,2.472,604.375,2.149,10265,-13.570
RollerBallRayBrain,2.473,610.216,3.089,10693,-13.435
RollerBallRayBrain,2.438,615.225,2.342,10305,-13.356
RollerBallRayBrain,2.481,619.908,2.015,10282,-13.288
RollerBallRayBrain,2.460,625.272,2.650,10557,-13.141
RollerBallRayBrain,2.437,630.352,2.422,10613,-13.076
RollerBallRayBrain,2.436,635.180,2.195,10338,-12.977
