Brain name,Time to update policy,Time since start of training,Time for last experience collection,Number of experiences used for training,Mean return
RollerBallRayBrain,0.484,4.454,2.514,10520,-4.950
RollerBallRayBrain,0.467,7.169,2.071,10878,-31.984
RollerBallRayBrain,0.479,9.749,1.923,10521,-31.726
RollerBallRayBrain,0.477,12.442,2.028,10902,-32.430
RollerBallRayBrain,0.460,15.026,1.942,10480,-32.260
RollerBallRayBrain,0.454,17.706,2.056,10911,-32.201
RollerBallRayBrain,0.449,20.426,2.082,11011,-32.460
RollerBallRayBrain,0.429,22.936,1.908,10465,-32.016
RollerBallRayBrain,0.448,25.665,2.097,10937,-32.195
RollerBallRayBrain,0.449,28.200,1.931,10498,-32.003
RollerBallRayBrain,0.435,30.945,2.122,10854,-32.028
RollerBallRayBrain,0.439,33.616,2.060,10922,-32.032
RollerBallRayBrain,0.421,36.183,1.965,10533,-31.924
RollerBallRayBrain,0.431,38.840,2.058,10967,-31.956
RollerBallRayBrain,0.423,41.403,1.964,10519,-31.736
RollerBallRayBrain,0.426,44.058,2.065,10833,-31.877
RollerBallRayBrain,0.438,46.775,2.082,11001,-31.916
RollerBallRayBrain,0.423,49.283,1.915,10422,-31.895
RollerBallRayBrain,0.415,51.956,2.072,10299,-31.743
RollerBallRayBrain,0.422,54.357,1.816,10305,-31.654
RollerBallRayBrain,0.428,56.854,1.883,10328,-31.668
RollerBallRayBrain,0.427,59.548,2.113,10611,-31.747
RollerBallRayBrain,0.424,62.102,1.953,10430,-31.789
RollerBallRayBrain,0.429,64.665,1.970,10286,-31.784
RollerBallRayBrain,0.417,67.110,1.863,10352,-31.739
RollerBallRayBrain,0.424,69.681,1.974,10378,-31.825
RollerBallRayBrain,0.424,72.214,1.951,10479,-31.782
RollerBallRayBrain,0.425,74.837,2.004,10300,-31.805
RollerBallRayBrain,0.424,77.309,1.884,10368,-31.739
RollerBallRayBrain,0.432,79.872,1.954,10251,-31.775
RollerBallRayBrain,0.419,82.564,2.070,10310,-31.784
RollerBallRayBrain,0.424,85.005,1.858,10268,-31.736
RollerBallRayBrain,0.418,87.484,1.904,10254,-31.689
RollerBallRayBrain,0.423,90.051,1.980,10293,-31.660
RollerBallRayBrain,0.417,92.605,1.957,10248,-31.619
RollerBallRayBrain,0.423,95.027,1.847,10294,-31.622
RollerBallRayBrain,0.425,97.572,1.952,10298,-31.464
RollerBallRayBrain,0.421,100.153,1.997,10288,-31.285
RollerBallRayBrain,0.419,102.600,1.861,10352,-31.240
RollerBallRayBrain,0.423,105.123,1.928,10287,-31.265
RollerBallRayBrain,0.417,107.616,1.902,10298,-31.110
RollerBallRayBrain,0.423,110.168,1.965,10287,-31.084
RollerBallRayBrain,0.423,112.648,1.898,10330,-30.995
RollerBallRayBrain,0.425,115.161,1.929,10295,-31.018
RollerBallRayBrain,0.420,117.695,1.958,10344,-30.974
RollerBallRayBrain,0.420,120.221,1.950,10256,-30.906
RollerBallRayBrain,0.418,122.726,1.921,10358,-30.941
RollerBallRayBrain,0.419,125.218,1.915,10244,-30.883
RollerBallRayBrain,0.418,127.755,1.953,10363,-30.791
RollerBallRayBrain,0.426,130.314,1.973,10312,-30.731
RollerBallRayBrain,0.430,132.785,1.871,10314,-30.734
RollerBallRayBrain,0.434,135.334,1.941,10270,-30.758
RollerBallRayBrain,0.425,137.858,1.928,10373,-30.751
RollerBallRayBrain,0.424,140.412,1.957,10367,-30.653
RollerBallRayBrain,0.422,142.890,1.897,10255,-30.669
RollerBallRayBrain,0.421,145.445,1.965,10350,-30.619
RollerBallRayBrain,0.424,147.948,1.919,10261,-30.623
RollerBallRayBrain,0.424,150.565,2.028,10303,-30.527
RollerBallRayBrain,0.418,152.983,1.858,10298,-30.485
RollerBallRayBrain,0.416,155.525,1.957,10250,-30.371
RollerBallRayBrain,0.416,158.115,2.008,10304,-30.335
RollerBallRayBrain,0.421,160.511,1.814,10329,-30.282
RollerBallRayBrain,0.422,163.012,1.929,10325,-30.285
RollerBallRayBrain,0.421,165.588,1.997,10296,-30.159
RollerBallRayBrain,0.428,168.146,1.979,10256,-30.083
RollerBallRayBrain,0.422,170.594,1.869,10281,-30.019
RollerBallRayBrain,0.425,173.186,1.999,10254,-29.973
RollerBallRayBrain,0.420,175.727,1.945,10243,-29.918
RollerBallRayBrain,0.423,178.223,1.909,10246,-29.837
RollerBallRayBrain,0.422,180.746,1.930,10291,-29.806
RollerBallRayBrain,0.419,183.282,1.957,10267,-29.843
RollerBallRayBrain,0.421,185.795,1.932,10279,-29.759
RollerBallRayBrain,0.427,188.288,1.919,10260,-29.713
RollerBallRayBrain,0.416,190.840,1.982,10306,-29.596
RollerBallRayBrain,0.422,193.391,1.963,10248,-29.540
RollerBallRayBrain,0.418,195.897,1.925,10308,-29.492
RollerBallRayBrain,0.421,198.369,1.902,10352,-29.442
RollerBallRayBrain,0.414,200.986,2.024,10298,-29.240
RollerBallRayBrain,0.418,203.498,1.929,10282,-29.177
RollerBallRayBrain,0.421,206.013,1.933,10298,-29.157
RollerBallRayBrain,0.418,208.539,1.946,10288,-29.109
RollerBallRayBrain,0.420,211.105,1.983,10250,-29.068
RollerBallRayBrain,0.416,213.614,1.932,10256,-29.001
RollerBallRayBrain,0.417,216.095,1.904,10243,-28.970
RollerBallRayBrain,0.420,218.627,1.959,10289,-28.919
RollerBallRayBrain,0.420,221.193,1.965,10260,-28.784
RollerBallRayBrain,0.420,223.740,1.955,10264,-28.696
RollerBallRayBrain,0.425,226.273,1.948,10298,-28.657
RollerBallRayBrain,0.425,228.815,1.950,10292,-28.559
RollerBallRayBrain,0.419,231.342,1.957,10264,-28.462
RollerBallRayBrain,0.422,233.860,1.935,10274,-28.408
RollerBallRayBrain,0.425,236.397,1.946,10344,-28.290
RollerBallRayBrain,0.420,238.970,1.998,10259,-28.255
RollerBallRayBrain,0.427,241.501,1.928,10303,-28.229
RollerBallRayBrain,0.420,244.011,1.926,10261,-28.200
RollerBallRayBrain,0.420,246.544,1.943,10268,-28.114
RollerBallRayBrain,0.418,249.093,1.973,10342,-28.129
RollerBallRayBrain,0.421,251.663,1.987,10340,-28.090
RollerBallRayBrain,0.419,254.168,1.941,10264,-28.018
RollerBallRayBrain,0.416,256.697,1.953,10299,-27.946
RollerBallRayBrain,0.420,259.215,1.946,10295,-27.934
RollerBallRayBrain,0.436,261.808,1.985,10294,-27.882
RollerBallRayBrain,0.417,264.476,2.081,10281,-27.804
RollerBallRayBrain,0.415,266.978,1.897,10267,-27.768
RollerBallRayBrain,0.429,269.484,1.904,10283,-27.748
RollerBallRayBrain,0.418,272.091,2.017,10304,-27.672
RollerBallRayBrain,0.423,274.620,1.939,10297,-27.628
RollerBallRayBrain,0.421,277.124,1.893,10400,-27.601
RollerBallRayBrain,0.420,279.708,2.014,10276,-27.506
RollerBallRayBrain,0.418,282.215,1.920,10300,-27.440
RollerBallRayBrain,0.424,284.772,1.974,10302,-27.380
RollerBallRayBrain,0.418,287.255,1.908,10288,-27.332
RollerBallRayBrain,0.425,289.846,2.006,10243,-27.238
RollerBallRayBrain,0.417,292.372,1.930,10304,-27.150
RollerBallRayBrain,0.429,294.939,1.983,10285,-27.068
RollerBallRayBrain,0.418,297.473,1.944,10263,-26.973
RollerBallRayBrain,0.429,299.978,1.909,10257,-26.973
RollerBallRayBrain,0.420,302.544,1.989,10243,-26.923
RollerBallRayBrain,0.425,305.024,1.902,10283,-26.882
RollerBallRayBrain,0.417,307.569,1.963,10252,-26.860
RollerBallRayBrain,0.428,310.132,1.989,10285,-26.831
RollerBallRayBrain,0.422,312.598,1.899,10286,-26.822
RollerBallRayBrain,0.421,315.180,1.986,10301,-26.813
RollerBallRayBrain,0.419,317.708,1.943,10301,-26.763
RollerBallRayBrain,0.424,320.250,1.962,10296,-26.703
RollerBallRayBrain,0.425,322.742,1.911,10297,-26.620
RollerBallRayBrain,0.420,325.320,1.991,10338,-26.587
RollerBallRayBrain,0.423,327.851,1.930,10255,-26.544
RollerBallRayBrain,0.427,330.438,1.992,10409,-26.511
