Brain name,Time to update policy,Time since start of training,Time for last experience collection,Number of experiences used for training,Mean return
RollerBallRayBrain,3.883,9.843,4.354,17021,-31.443
RollerBallRayBrain,4.090,18.077,3.784,17673,-32.066
RollerBallRayBrain,3.627,25.838,3.783,16376,-31.434
RollerBallRayBrain,3.899,33.921,3.835,17304,-31.567
RollerBallRayBrain,4.102,42.195,3.819,17674,-31.792
RollerBallRayBrain,3.874,50.231,3.811,17270,-31.804
RollerBallRayBrain,4.105,58.501,3.795,17795,-31.789
RollerBallRayBrain,4.131,66.791,3.777,17438,-31.847
RollerBallRayBrain,3.865,74.976,3.922,16924,-31.782
RollerBallRayBrain,2.414,80.541,2.879,10635,-31.616
RollerBallRayBrain,2.383,84.673,1.598,10415,-31.666
RollerBallRayBrain,3.236,91.421,3.194,13962,-31.660
RollerBallRayBrain,2.452,96.666,2.533,10664,-31.433
RollerBallRayBrain,2.451,101.402,2.066,10405,-31.385
RollerBallRayBrain,2.499,106.815,2.661,10537,-31.357
RollerBallRayBrain,2.401,111.184,1.804,10278,-31.387
RollerBallRayBrain,2.939,116.971,2.598,12488,-31.202
RollerBallRayBrain,2.439,122.193,2.520,10564,-31.191
RollerBallRayBrain,2.446,126.492,1.685,10242,-31.065
RollerBallRayBrain,2.429,132.464,3.214,10681,-31.002
RollerBallRayBrain,2.444,137.446,2.319,10898,-31.038
RollerBallRayBrain,2.436,141.846,1.778,10267,-30.935
RollerBallRayBrain,2.432,147.317,2.770,10483,-30.863
RollerBallRayBrain,2.482,151.164,1.250,10362,-30.846
RollerBallRayBrain,2.428,157.247,3.339,10597,-30.733
RollerBallRayBrain,2.390,161.208,1.431,10622,-30.744
RollerBallRayBrain,2.474,166.656,2.724,10859,-30.722
RollerBallRayBrain,2.367,171.392,2.170,10541,-30.673
RollerBallRayBrain,2.378,176.192,2.226,10906,-30.711
RollerBallRayBrain,2.362,181.774,2.944,10489,-30.609
RollerBallRayBrain,2.364,185.492,1.244,10482,-30.462
RollerBallRayBrain,2.364,191.140,2.976,10696,-30.486
RollerBallRayBrain,2.388,194.715,1.086,10810,-30.469
RollerBallRayBrain,2.387,200.559,3.149,10618,-30.391
RollerBallRayBrain,2.272,206.037,2.942,10550,-30.139
RollerBallRayBrain,2.301,209.697,1.254,10818,-30.133
RollerBallRayBrain,2.300,215.244,2.981,10499,-30.064
RollerBallRayBrain,2.305,219.140,1.468,10721,-30.054
RollerBallRayBrain,2.312,224.324,2.614,10536,-29.950
RollerBallRayBrain,2.233,229.226,2.445,10515,-29.890
RollerBallRayBrain,2.282,233.481,1.818,10848,-29.816
RollerBallRayBrain,2.246,238.725,2.757,10826,-29.743
RollerBallRayBrain,2.227,242.316,1.255,10261,-29.749
RollerBallRayBrain,2.260,247.973,3.105,10833,-29.371
RollerBallRayBrain,2.251,251.543,1.218,10547,-29.297
RollerBallRayBrain,2.449,257.338,3.040,10341,-29.119
RollerBallRayBrain,2.420,261.795,1.842,10374,-28.982
RollerBallRayBrain,2.454,266.969,2.479,10751,-28.933
RollerBallRayBrain,2.431,271.598,2.014,10358,-28.774
RollerBallRayBrain,2.430,276.457,2.209,10856,-28.677
RollerBallRayBrain,2.413,281.692,2.572,10555,-28.483
RollerBallRayBrain,2.662,286.905,2.314,11330,-28.420
RollerBallRayBrain,2.379,291.751,2.239,10283,-28.336
RollerBallRayBrain,2.433,296.637,2.244,10858,-28.150
RollerBallRayBrain,2.418,301.453,2.198,10299,-27.972
RollerBallRayBrain,2.399,306.174,2.127,10381,-27.832
RollerBallRayBrain,2.481,311.410,2.494,10876,-27.597
RollerBallRayBrain,2.392,315.974,2.008,10579,-27.220
RollerBallRayBrain,2.394,321.061,2.465,10271,-26.942
RollerBallRayBrain,2.421,326.164,2.464,10781,-26.612
RollerBallRayBrain,2.416,330.857,2.074,10315,-26.488
RollerBallRayBrain,2.391,335.230,1.820,10299,-26.185
RollerBallRayBrain,2.382,340.455,2.601,10253,-25.896
RollerBallRayBrain,2.447,345.789,2.635,10535,-25.631
RollerBallRayBrain,2.427,350.338,1.922,10290,-25.406
RollerBallRayBrain,2.656,355.571,2.355,11594,-25.060
RollerBallRayBrain,2.422,360.630,2.406,10615,-24.768
RollerBallRayBrain,2.419,366.262,2.921,10387,-24.596
RollerBallRayBrain,2.414,370.374,1.548,10477,-24.451
RollerBallRayBrain,2.421,375.929,2.865,10862,-24.213
RollerBallRayBrain,2.454,380.647,2.068,10843,-24.031
RollerBallRayBrain,2.424,385.752,2.438,10776,-23.736
RollerBallRayBrain,2.388,390.624,2.268,10319,-23.429
RollerBallRayBrain,2.383,395.630,2.402,10267,-23.285
RollerBallRayBrain,2.385,399.749,1.591,10347,-23.121
RollerBallRayBrain,2.386,405.366,2.942,10324,-22.884
RollerBallRayBrain,2.431,409.822,1.858,10715,-22.706
RollerBallRayBrain,2.382,414.935,2.496,10298,-22.438
RollerBallRayBrain,2.388,419.775,2.250,10630,-22.225
RollerBallRayBrain,2.378,425.198,2.780,10316,-22.013
RollerBallRayBrain,2.398,429.522,1.758,10736,-21.990
RollerBallRayBrain,2.445,434.538,2.365,10902,-21.815
RollerBallRayBrain,2.395,439.910,2.720,10275,-21.610
RollerBallRayBrain,2.387,444.567,2.071,10462,-21.543
RollerBallRayBrain,2.418,449.356,2.167,10827,-21.404
RollerBallRayBrain,2.383,454.246,2.301,10342,-21.228
RollerBallRayBrain,2.470,458.795,1.892,10751,-21.019
RollerBallRayBrain,2.436,464.134,2.652,10464,-20.756
RollerBallRayBrain,2.462,469.023,2.221,10244,-20.580
RollerBallRayBrain,2.451,474.033,2.359,10313,-20.368
RollerBallRayBrain,2.403,479.021,2.354,10278,-20.147
RollerBallRayBrain,2.370,484.035,2.426,10271,-19.901
RollerBallRayBrain,2.416,488.634,1.998,10288,-19.755
RollerBallRayBrain,2.457,493.915,2.597,10691,-19.558
RollerBallRayBrain,2.400,498.398,1.911,10451,-19.402
RollerBallRayBrain,2.378,503.566,2.538,10337,-19.114
RollerBallRayBrain,2.437,509.032,2.746,10872,-18.928
RollerBallRayBrain,2.431,514.139,2.444,10292,-18.846
RollerBallRayBrain,2.448,518.357,1.623,10669,-18.716
RollerBallRayBrain,2.430,524.035,2.977,10422,-18.444
RollerBallRayBrain,2.446,528.545,1.879,10436,-18.251
RollerBallRayBrain,2.446,533.729,2.472,10421,-18.058
RollerBallRayBrain,2.433,538.755,2.385,10330,-17.809
RollerBallRayBrain,2.417,543.662,2.293,10563,-17.598
RollerBallRayBrain,2.425,548.860,2.541,10367,-17.347
RollerBallRayBrain,2.372,553.700,2.259,10308,-17.188
RollerBallRayBrain,2.418,559.056,2.677,10601,-16.979
RollerBallRayBrain,2.430,564.106,2.406,10852,-16.835
RollerBallRayBrain,2.433,568.867,2.119,10829,-16.665
RollerBallRayBrain,2.405,574.326,2.799,10474,-16.505
RollerBallRayBrain,2.408,578.680,1.779,10302,-16.402
RollerBallRayBrain,2.397,584.123,2.793,10504,-16.196
RollerBallRayBrain,2.401,588.907,2.195,10269,-16.109
RollerBallRayBrain,2.374,593.369,1.915,10257,-15.974
RollerBallRayBrain,2.404,598.550,2.570,10242,-15.743
RollerBallRayBrain,2.370,603.455,2.325,10304,-15.552
RollerBallRayBrain,2.426,608.823,2.693,10350,-15.335
RollerBallRayBrain,2.454,613.663,2.191,10444,-15.205
RollerBallRayBrain,2.421,619.067,2.727,10294,-15.003
RollerBallRayBrain,2.425,623.917,2.230,10373,-14.869
RollerBallRayBrain,2.424,628.885,2.338,10309,-14.736
