Brain name,Time to update policy,Time since start of training,Time for last experience collection,Number of experiences used for training,Mean return
RollerBallRayBrain,3.609,9.564,4.272,16240,-28.850
RollerBallRayBrain,4.040,17.685,3.789,17982,-31.035
RollerBallRayBrain,3.602,25.323,3.723,16272,-31.078
RollerBallRayBrain,4.120,33.842,4.028,17757,-31.221
RollerBallRayBrain,3.742,41.523,3.626,17168,-31.559
RollerBallRayBrain,3.478,49.028,3.703,16137,-31.049
RollerBallRayBrain,4.132,57.364,3.840,17595,-31.262
RollerBallRayBrain,3.915,65.380,3.751,16865,-30.659
RollerBallRayBrain,2.483,70.582,2.462,10656,-30.837
RollerBallRayBrain,2.432,75.250,2.012,10656,-30.993
RollerBallRayBrain,3.121,82.024,3.333,13986,-31.170
RollerBallRayBrain,2.394,87.043,2.395,10862,-31.101
RollerBallRayBrain,2.397,91.431,1.827,10656,-31.215
RollerBallRayBrain,2.936,98.143,3.416,12780,-31.257
RollerBallRayBrain,2.467,102.412,1.649,10656,-31.352
RollerBallRayBrain,2.402,107.149,2.148,10688,-31.353
RollerBallRayBrain,2.413,112.175,2.395,10399,-31.227
RollerBallRayBrain,2.702,117.127,2.047,11322,-31.316
RollerBallRayBrain,2.458,122.904,3.013,10720,-31.323
RollerBallRayBrain,2.504,127.552,1.947,10772,-31.259
RollerBallRayBrain,2.447,132.501,2.291,10717,-31.267
RollerBallRayBrain,2.518,137.696,2.451,10796,-31.282
RollerBallRayBrain,2.460,142.086,1.751,10553,-31.337
RollerBallRayBrain,2.494,147.893,3.012,10960,-31.231
RollerBallRayBrain,2.446,152.414,1.904,10785,-31.183
RollerBallRayBrain,2.501,157.387,2.247,10656,-31.246
RollerBallRayBrain,2.439,162.450,2.397,10709,-31.252
RollerBallRayBrain,2.476,166.863,1.776,10439,-31.232
RollerBallRayBrain,2.865,173.089,3.066,12432,-31.169
RollerBallRayBrain,2.418,177.532,1.846,10382,-31.094
RollerBallRayBrain,2.424,182.477,2.291,10866,-31.065
RollerBallRayBrain,2.419,187.464,2.326,10789,-31.081
RollerBallRayBrain,2.389,192.252,2.159,10656,-31.135
RollerBallRayBrain,2.612,197.631,2.521,11310,-31.044
RollerBallRayBrain,2.390,202.000,1.815,10656,-31.096
RollerBallRayBrain,2.426,207.171,2.500,10893,-31.072
RollerBallRayBrain,2.418,211.968,2.175,10840,-31.045
RollerBallRayBrain,2.382,216.878,2.301,10326,-31.027
RollerBallRayBrain,2.396,221.546,2.069,10408,-30.932
RollerBallRayBrain,2.462,226.210,2.008,10770,-30.946
RollerBallRayBrain,2.432,231.544,2.651,10787,-30.962
RollerBallRayBrain,2.437,236.353,2.156,10573,-30.805
RollerBallRayBrain,2.465,241.361,2.325,10755,-30.782
RollerBallRayBrain,2.457,246.336,2.272,10842,-30.729
RollerBallRayBrain,2.498,251.188,2.146,10838,-30.714
RollerBallRayBrain,2.478,256.175,2.291,10752,-30.730
RollerBallRayBrain,2.552,260.911,2.011,10550,-30.733
RollerBallRayBrain,2.400,266.075,2.515,10352,-30.725
RollerBallRayBrain,2.358,271.077,2.427,10563,-30.729
RollerBallRayBrain,2.670,275.887,1.956,10885,-30.718
RollerBallRayBrain,2.401,280.820,2.330,10733,-30.632
RollerBallRayBrain,2.433,285.697,2.217,10855,-30.622
RollerBallRayBrain,2.581,291.049,2.545,10329,-30.584
RollerBallRayBrain,2.449,295.642,1.953,10412,-30.460
RollerBallRayBrain,2.488,300.599,2.242,10849,-30.453
RollerBallRayBrain,2.426,305.572,2.313,10564,-30.400
RollerBallRayBrain,2.563,310.313,1.992,10745,-30.329
RollerBallRayBrain,2.480,315.471,2.437,10613,-30.112
RollerBallRayBrain,2.412,320.699,2.576,10286,-30.028
RollerBallRayBrain,2.408,325.555,2.228,10427,-29.927
RollerBallRayBrain,2.420,330.153,1.984,10268,-29.848
RollerBallRayBrain,2.462,334.872,2.070,10653,-29.762
RollerBallRayBrain,2.467,339.916,2.356,11051,-29.722
RollerBallRayBrain,2.395,345.407,2.823,10296,-29.701
RollerBallRayBrain,2.437,349.517,1.521,10723,-29.577
RollerBallRayBrain,2.470,354.996,2.746,10811,-29.411
RollerBallRayBrain,2.455,359.612,1.971,10902,-29.233
RollerBallRayBrain,2.472,364.504,2.205,10526,-29.003
RollerBallRayBrain,2.518,369.980,2.682,10381,-28.819
RollerBallRayBrain,2.666,374.960,2.112,10584,-28.779
RollerBallRayBrain,2.514,379.970,2.272,10799,-28.665
RollerBallRayBrain,2.461,384.410,1.797,10630,-28.588
RollerBallRayBrain,2.472,389.875,2.738,10315,-28.320
RollerBallRayBrain,2.480,394.810,2.247,10725,-28.177
RollerBallRayBrain,2.415,399.837,2.403,10383,-28.122
RollerBallRayBrain,2.444,404.562,2.074,10637,-28.020
RollerBallRayBrain,2.408,409.249,2.075,10779,-27.907
RollerBallRayBrain,2.476,414.397,2.423,10431,-27.660
RollerBallRayBrain,2.488,419.458,2.344,10665,-27.500
RollerBallRayBrain,2.441,424.274,2.140,10284,-27.334
RollerBallRayBrain,2.446,429.019,2.101,10268,-27.137
RollerBallRayBrain,2.479,434.597,2.825,10772,-26.980
RollerBallRayBrain,2.426,438.689,1.525,10280,-26.848
RollerBallRayBrain,2.380,444.106,2.767,10717,-26.684
RollerBallRayBrain,2.373,448.387,1.747,10402,-26.517
RollerBallRayBrain,2.422,453.699,2.656,10569,-26.195
RollerBallRayBrain,2.378,458.127,1.886,10583,-26.046
RollerBallRayBrain,2.368,463.226,2.489,10245,-25.851
RollerBallRayBrain,2.372,467.515,1.754,10529,-25.683
RollerBallRayBrain,2.392,472.382,2.269,10462,-25.369
RollerBallRayBrain,2.380,477.307,2.328,10357,-25.080
RollerBallRayBrain,2.375,482.107,2.228,10327,-24.777
RollerBallRayBrain,2.398,486.972,2.258,10390,-24.463
RollerBallRayBrain,2.369,491.615,2.081,10291,-24.184
RollerBallRayBrain,2.409,496.557,2.325,10396,-23.815
RollerBallRayBrain,2.390,501.415,2.265,10446,-23.509
RollerBallRayBrain,2.396,506.499,2.474,10689,-23.275
RollerBallRayBrain,2.395,511.873,2.710,10397,-23.053
RollerBallRayBrain,2.410,516.114,1.681,10370,-22.931
RollerBallRayBrain,2.456,521.274,2.478,10343,-22.554
RollerBallRayBrain,2.403,525.992,2.122,10275,-22.365
RollerBallRayBrain,2.395,530.821,2.240,10242,-22.180
RollerBallRayBrain,2.410,535.606,2.182,10392,-21.879
RollerBallRayBrain,2.389,540.397,2.194,10295,-21.631
RollerBallRayBrain,2.393,545.761,2.712,10387,-21.287
RollerBallRayBrain,2.368,550.420,2.082,10276,-21.054
RollerBallRayBrain,2.475,555.355,2.258,10291,-20.781
RollerBallRayBrain,2.420,560.218,2.233,10328,-20.491
RollerBallRayBrain,2.417,564.921,2.095,10292,-20.204
RollerBallRayBrain,2.405,569.784,2.269,10275,-19.893
RollerBallRayBrain,2.448,575.660,3.150,10857,-19.553
RollerBallRayBrain,2.408,580.414,2.162,10358,-19.352
RollerBallRayBrain,2.420,585.101,2.079,10398,-19.140
RollerBallRayBrain,2.422,590.122,2.368,10652,-18.920
RollerBallRayBrain,2.418,595.598,2.809,10764,-18.692
RollerBallRayBrain,2.412,600.055,1.880,10299,-18.542
RollerBallRayBrain,2.403,605.156,2.473,10298,-18.283
RollerBallRayBrain,2.400,610.206,2.450,10330,-17.996
RollerBallRayBrain,2.417,615.002,2.198,10486,-17.824
RollerBallRayBrain,2.397,620.113,2.509,10268,-17.630
RollerBallRayBrain,2.388,624.805,2.113,10368,-17.428
