Brain name,Time to update policy,Time since start of training,Time for last experience collection,Number of experiences used for training,Mean return
RollerBallRayBrain,4.228,10.260,4.352,18002,-33.298
RollerBallRayBrain,3.856,18.244,3.792,16562,-31.887
RollerBallRayBrain,3.867,26.214,3.770,17316,-32.346
RollerBallRayBrain,4.431,34.797,3.803,17733,-32.461
RollerBallRayBrain,3.699,42.623,3.769,16184,-31.928
RollerBallRayBrain,3.712,50.508,3.802,16021,-31.322
RollerBallRayBrain,3.883,58.532,3.780,17115,-31.199
RollerBallRayBrain,4.163,66.854,3.804,17923,-31.442
RollerBallRayBrain,2.408,71.980,2.500,10288,-31.204
RollerBallRayBrain,2.450,76.564,1.928,10491,-31.301
RollerBallRayBrain,3.675,83.751,3.227,16225,-31.397
RollerBallRayBrain,2.406,89.445,3.008,10771,-31.410
RollerBallRayBrain,2.415,93.499,1.494,10702,-31.410
RollerBallRayBrain,2.920,99.779,3.086,13228,-31.309
RollerBallRayBrain,2.432,105.045,2.597,10656,-31.400
RollerBallRayBrain,2.407,109.521,1.882,10656,-31.484
RollerBallRayBrain,2.403,114.849,2.688,10846,-31.499
RollerBallRayBrain,2.426,119.361,1.916,10337,-31.447
RollerBallRayBrain,2.408,124.361,2.357,10458,-31.414
RollerBallRayBrain,2.446,129.456,2.396,10739,-31.418
RollerBallRayBrain,2.396,134.108,2.058,10773,-31.426
RollerBallRayBrain,2.425,139.098,2.340,10494,-31.332
RollerBallRayBrain,2.401,143.892,2.176,10760,-31.338
RollerBallRayBrain,2.426,148.909,2.367,10696,-31.338
RollerBallRayBrain,2.424,153.978,2.413,10609,-31.392
RollerBallRayBrain,2.449,158.752,2.116,10656,-31.450
RollerBallRayBrain,2.402,163.737,2.336,10656,-31.504
RollerBallRayBrain,2.409,168.218,1.899,10465,-31.307
RollerBallRayBrain,2.402,173.562,2.668,10424,-31.229
RollerBallRayBrain,2.434,177.963,1.799,10694,-31.234
RollerBallRayBrain,2.418,183.095,2.478,10703,-31.185
RollerBallRayBrain,2.387,188.080,2.351,10537,-31.076
RollerBallRayBrain,2.485,192.437,1.702,10530,-31.119
RollerBallRayBrain,2.415,197.512,2.426,10762,-31.034
RollerBallRayBrain,2.429,202.785,2.594,10356,-30.971
RollerBallRayBrain,2.383,207.394,2.024,10397,-30.959
RollerBallRayBrain,2.419,212.328,2.285,10280,-30.850
RollerBallRayBrain,2.436,217.056,2.084,10479,-30.761
RollerBallRayBrain,2.465,222.053,2.315,10823,-30.784
RollerBallRayBrain,2.428,226.758,2.079,10580,-30.829
RollerBallRayBrain,2.388,231.246,1.928,10332,-30.696
RollerBallRayBrain,2.420,236.476,2.570,10604,-30.547
RollerBallRayBrain,2.432,241.676,2.528,10496,-30.514
RollerBallRayBrain,2.391,246.090,1.855,10422,-30.514
RollerBallRayBrain,2.391,251.272,2.562,10285,-30.469
RollerBallRayBrain,2.415,255.730,1.857,10407,-30.505
RollerBallRayBrain,2.390,260.569,2.241,10612,-30.480
RollerBallRayBrain,2.408,265.553,2.356,10664,-30.425
RollerBallRayBrain,2.400,270.392,2.230,10830,-30.283
RollerBallRayBrain,2.410,275.373,2.328,10735,-30.238
RollerBallRayBrain,2.390,279.937,1.997,10387,-30.210
RollerBallRayBrain,2.378,285.015,2.468,10418,-29.997
RollerBallRayBrain,2.390,289.983,2.353,10635,-29.986
RollerBallRayBrain,2.390,294.712,2.139,10447,-29.966
RollerBallRayBrain,2.406,299.616,2.290,10335,-29.942
RollerBallRayBrain,2.384,304.156,1.961,10722,-29.851
RollerBallRayBrain,2.381,309.055,2.288,10685,-29.761
RollerBallRayBrain,2.424,313.608,1.941,10886,-29.711
RollerBallRayBrain,2.418,318.428,2.197,10850,-29.526
RollerBallRayBrain,2.540,324.235,2.963,10341,-29.223
RollerBallRayBrain,2.436,328.637,1.804,10827,-29.182
RollerBallRayBrain,2.387,333.660,2.419,10282,-28.996
RollerBallRayBrain,2.450,338.398,2.070,10695,-28.859
RollerBallRayBrain,2.418,343.153,2.127,10586,-28.817
RollerBallRayBrain,2.438,348.749,2.872,10526,-28.751
RollerBallRayBrain,2.413,352.894,1.579,10540,-28.734
RollerBallRayBrain,2.375,357.912,2.416,10306,-28.683
RollerBallRayBrain,2.365,362.565,2.086,10252,-28.700
RollerBallRayBrain,2.396,367.566,2.391,10533,-28.616
RollerBallRayBrain,2.447,372.404,2.180,10749,-28.586
RollerBallRayBrain,2.428,376.906,1.895,10430,-28.482
RollerBallRayBrain,2.425,382.256,2.665,10864,-28.417
RollerBallRayBrain,2.375,386.730,1.904,10422,-28.337
RollerBallRayBrain,2.391,391.912,2.536,10535,-28.126
RollerBallRayBrain,2.387,396.803,2.272,10454,-28.076
RollerBallRayBrain,2.413,401.574,2.146,10499,-28.084
RollerBallRayBrain,2.394,406.241,2.062,10306,-27.974
RollerBallRayBrain,2.396,411.328,2.452,10537,-27.874
RollerBallRayBrain,2.453,415.959,2.004,10880,-27.806
RollerBallRayBrain,2.364,420.992,2.427,10483,-27.674
RollerBallRayBrain,2.394,425.800,2.196,10336,-27.559
RollerBallRayBrain,2.387,430.648,2.250,10533,-27.420
RollerBallRayBrain,2.445,435.313,2.027,10297,-27.278
RollerBallRayBrain,2.392,440.604,2.624,10385,-27.209
RollerBallRayBrain,2.392,444.740,1.587,10299,-27.155
RollerBallRayBrain,2.434,450.138,2.702,10758,-27.018
RollerBallRayBrain,2.418,454.537,1.814,10479,-26.957
RollerBallRayBrain,2.415,460.024,2.809,10825,-26.738
RollerBallRayBrain,2.422,464.649,2.021,10904,-26.634
RollerBallRayBrain,2.391,469.430,2.184,10281,-26.472
RollerBallRayBrain,2.399,474.038,2.013,10350,-26.288
RollerBallRayBrain,2.416,479.329,2.634,10662,-26.176
RollerBallRayBrain,2.410,483.811,1.891,10406,-26.045
RollerBallRayBrain,2.414,488.911,2.453,10817,-25.834
RollerBallRayBrain,2.455,493.960,2.354,10816,-25.696
RollerBallRayBrain,2.415,499.188,2.564,11039,-25.530
RollerBallRayBrain,2.402,503.666,1.890,10252,-25.400
RollerBallRayBrain,2.423,508.636,2.331,10781,-25.186
RollerBallRayBrain,2.398,513.887,2.609,10581,-25.073
RollerBallRayBrain,2.404,518.411,1.939,10594,-24.962
RollerBallRayBrain,2.418,523.423,2.361,10823,-24.826
RollerBallRayBrain,2.383,528.523,2.480,10401,-24.660
RollerBallRayBrain,2.404,533.071,1.970,10546,-24.604
RollerBallRayBrain,2.391,537.563,1.931,10259,-24.454
RollerBallRayBrain,2.423,542.948,2.709,10901,-24.173
RollerBallRayBrain,2.406,548.126,2.532,10628,-23.950
RollerBallRayBrain,2.403,552.778,2.054,10583,-23.844
RollerBallRayBrain,2.437,557.279,1.888,10884,-23.607
RollerBallRayBrain,2.403,562.701,2.752,10301,-23.366
RollerBallRayBrain,2.408,567.899,2.555,10788,-23.230
RollerBallRayBrain,2.409,572.332,1.850,10388,-23.145
RollerBallRayBrain,2.396,576.987,2.055,10864,-22.989
RollerBallRayBrain,2.400,582.205,2.578,10431,-22.766
RollerBallRayBrain,2.379,587.060,2.263,10556,-22.581
RollerBallRayBrain,2.396,591.726,2.089,10487,-22.391
RollerBallRayBrain,2.365,596.698,2.380,10407,-22.214
RollerBallRayBrain,2.370,601.290,2.048,10299,-22.016
RollerBallRayBrain,2.367,606.309,2.421,10355,-21.864
RollerBallRayBrain,2.378,610.936,2.065,10477,-21.665
RollerBallRayBrain,2.437,616.377,2.758,10494,-21.405
RollerBallRayBrain,2.396,620.779,1.828,10273,-21.225
