Brain name,Time to update policy,Time since start of training,Time for last experience collection,Number of experiences used for training,Mean return
RollerBallRayBrain,0.497,4.394,2.514,10519,-14.650
RollerBallRayBrain,0.478,7.140,2.107,10777,-32.657
RollerBallRayBrain,0.462,9.712,1.956,10546,-32.680
RollerBallRayBrain,0.466,12.381,2.049,10816,-32.979
RollerBallRayBrain,0.456,14.942,1.951,10546,-32.667
RollerBallRayBrain,0.445,17.674,2.088,10819,-31.717
RollerBallRayBrain,0.448,20.356,2.072,10923,-31.429
RollerBallRayBrain,0.468,22.982,1.973,10605,-31.314
RollerBallRayBrain,0.465,25.674,2.044,10862,-31.479
RollerBallRayBrain,0.443,28.229,1.947,10610,-31.542
RollerBallRayBrain,0.453,30.958,2.094,10928,-31.645
RollerBallRayBrain,0.445,33.627,2.052,10849,-31.769
RollerBallRayBrain,0.440,36.195,1.965,10620,-31.450
RollerBallRayBrain,0.431,38.886,2.081,10753,-31.448
RollerBallRayBrain,0.432,41.452,1.957,10509,-31.169
RollerBallRayBrain,0.421,44.074,2.028,10297,-31.166
RollerBallRayBrain,0.419,46.498,1.857,10248,-31.078
RollerBallRayBrain,0.422,48.984,1.917,10458,-30.989
RollerBallRayBrain,0.426,51.676,2.082,10292,-30.985
RollerBallRayBrain,0.421,54.186,1.923,10352,-30.530
RollerBallRayBrain,0.423,56.686,1.917,10277,-30.589
RollerBallRayBrain,0.426,59.266,1.971,10256,-30.531
RollerBallRayBrain,0.447,61.817,1.945,10271,-30.459
RollerBallRayBrain,0.431,64.387,1.986,10299,-30.412
RollerBallRayBrain,0.424,66.898,1.902,10281,-30.210
RollerBallRayBrain,0.435,69.473,1.964,10257,-30.283
RollerBallRayBrain,0.420,71.985,1.912,10271,-30.214
RollerBallRayBrain,0.424,74.526,1.964,10242,-30.066
RollerBallRayBrain,0.455,77.137,1.992,10265,-30.066
RollerBallRayBrain,0.427,79.729,1.990,10257,-29.827
RollerBallRayBrain,0.430,82.349,2.009,10291,-29.731
RollerBallRayBrain,0.420,84.933,2.021,10355,-29.574
RollerBallRayBrain,0.429,87.463,1.937,10274,-29.561
RollerBallRayBrain,0.513,90.345,2.164,10346,-29.440
RollerBallRayBrain,0.448,93.083,2.085,10301,-29.149
RollerBallRayBrain,0.447,95.900,2.166,10285,-29.159
RollerBallRayBrain,0.495,98.690,2.093,10272,-29.121
RollerBallRayBrain,0.458,101.481,2.134,10297,-28.978
RollerBallRayBrain,0.562,105.222,2.900,10284,-28.820
RollerBallRayBrain,0.494,108.421,2.436,10246,-28.772
RollerBallRayBrain,0.439,111.204,2.142,10319,-28.645
RollerBallRayBrain,0.441,113.832,2.009,10289,-28.345
RollerBallRayBrain,0.433,116.455,2.017,10293,-28.332
RollerBallRayBrain,0.435,119.087,2.020,10278,-28.307
RollerBallRayBrain,0.459,121.772,2.058,10309,-28.091
RollerBallRayBrain,0.435,124.434,2.040,10274,-28.089
RollerBallRayBrain,0.438,127.087,2.033,10336,-28.035
RollerBallRayBrain,0.448,129.776,2.067,10301,-27.910
RollerBallRayBrain,0.442,132.435,2.034,10351,-27.923
RollerBallRayBrain,0.446,135.066,2.004,10275,-27.862
RollerBallRayBrain,0.445,137.728,2.034,10247,-27.735
RollerBallRayBrain,0.439,140.390,2.028,10247,-27.538
RollerBallRayBrain,0.451,143.037,2.024,10282,-27.349
RollerBallRayBrain,0.445,145.771,2.106,10343,-26.963
RollerBallRayBrain,0.545,149.135,2.535,10277,-26.742
RollerBallRayBrain,0.453,152.067,2.262,10293,-26.620
RollerBallRayBrain,0.446,154.815,2.124,10296,-26.281
RollerBallRayBrain,0.436,157.442,2.017,10269,-26.141
RollerBallRayBrain,0.451,160.188,2.101,10261,-25.901
RollerBallRayBrain,0.443,162.904,2.078,10311,-25.600
RollerBallRayBrain,0.468,165.911,2.308,10427,-25.371
RollerBallRayBrain,0.466,168.734,2.145,10269,-25.261
RollerBallRayBrain,0.468,171.554,2.122,10264,-24.978
RollerBallRayBrain,0.455,174.345,2.138,10294,-24.720
RollerBallRayBrain,0.464,177.144,2.137,10283,-24.530
RollerBallRayBrain,0.460,179.963,2.143,10291,-24.270
RollerBallRayBrain,0.466,182.841,2.216,10346,-23.891
RollerBallRayBrain,0.460,185.694,2.191,10266,-23.498
RollerBallRayBrain,0.450,188.464,2.115,10265,-23.216
RollerBallRayBrain,0.466,191.229,2.116,10294,-22.908
RollerBallRayBrain,0.448,194.089,2.189,10404,-22.477
RollerBallRayBrain,0.458,196.925,2.162,10422,-22.204
RollerBallRayBrain,0.449,199.806,2.219,10279,-21.840
RollerBallRayBrain,0.459,202.613,2.137,10256,-21.433
RollerBallRayBrain,0.454,205.434,2.154,10276,-21.144
RollerBallRayBrain,0.501,208.341,2.219,10325,-20.785
RollerBallRayBrain,0.456,211.216,2.207,10301,-20.488
RollerBallRayBrain,0.447,214.023,2.151,10267,-20.159
RollerBallRayBrain,0.446,216.892,2.206,10295,-19.887
RollerBallRayBrain,0.462,219.734,2.172,10280,-19.586
RollerBallRayBrain,0.454,222.567,2.163,10256,-19.373
RollerBallRayBrain,0.454,225.439,2.223,10286,-19.140
RollerBallRayBrain,0.463,228.225,2.126,10312,-18.941
RollerBallRayBrain,0.448,231.094,2.201,10269,-18.803
RollerBallRayBrain,0.446,233.912,2.165,10241,-18.583
RollerBallRayBrain,0.439,236.759,2.192,10305,-18.307
RollerBallRayBrain,0.439,239.528,2.125,10289,-18.123
RollerBallRayBrain,0.442,242.383,2.201,10255,-17.900
RollerBallRayBrain,0.452,245.181,2.139,10352,-17.752
RollerBallRayBrain,0.465,248.058,2.238,10369,-17.523
RollerBallRayBrain,0.445,250.938,2.214,10285,-17.326
RollerBallRayBrain,0.450,253.759,2.164,10246,-17.168
RollerBallRayBrain,0.452,256.538,2.143,10305,-17.087
RollerBallRayBrain,0.452,259.357,2.164,10250,-16.945
RollerBallRayBrain,0.457,262.207,2.199,10345,-16.818
RollerBallRayBrain,0.454,265.052,2.169,10248,-16.695
RollerBallRayBrain,0.453,267.838,2.145,10256,-16.530
RollerBallRayBrain,0.447,270.769,2.251,10283,-16.367
RollerBallRayBrain,0.450,273.565,2.150,10249,-16.291
RollerBallRayBrain,0.454,276.403,2.187,10392,-16.194
RollerBallRayBrain,0.446,279.279,2.201,10301,-16.013
RollerBallRayBrain,0.453,282.123,2.201,10276,-15.882
RollerBallRayBrain,0.462,284.955,2.171,10350,-15.765
RollerBallRayBrain,0.448,287.844,2.221,10315,-15.584
RollerBallRayBrain,0.444,290.710,2.213,10266,-15.435
RollerBallRayBrain,0.455,293.503,2.127,10267,-15.336
RollerBallRayBrain,0.451,296.278,2.111,10241,-15.219
RollerBallRayBrain,0.447,299.186,2.239,10249,-15.102
RollerBallRayBrain,0.450,302.014,2.175,10346,-14.973
RollerBallRayBrain,0.463,304.922,2.240,10301,-14.829
RollerBallRayBrain,0.451,307.761,2.184,10245,-14.710
RollerBallRayBrain,0.460,310.644,2.224,10350,-14.604
RollerBallRayBrain,0.451,313.503,2.212,10252,-14.475
RollerBallRayBrain,0.442,316.353,2.189,10313,-14.363
RollerBallRayBrain,0.454,319.193,2.177,10302,-14.313
RollerBallRayBrain,0.454,322.058,2.225,10277,-14.169
RollerBallRayBrain,0.452,324.966,2.251,10279,-14.037
RollerBallRayBrain,0.491,327.895,2.222,10292,-13.935
RollerBallRayBrain,0.460,330.800,2.233,10260,-13.828
RollerBallRayBrain,0.457,333.699,2.229,10361,-13.745
RollerBallRayBrain,0.483,336.507,2.117,10268,-13.668
RollerBallRayBrain,0.455,339.393,2.221,10291,-13.618
RollerBallRayBrain,0.462,342.215,2.155,10251,-13.588
RollerBallRayBrain,0.455,345.052,2.168,10271,-13.530
RollerBallRayBrain,0.461,347.904,2.176,10330,-13.468
RollerBallRayBrain,0.449,350.806,2.260,10259,-13.417
RollerBallRayBrain,0.446,353.682,2.236,10241,-13.307
RollerBallRayBrain,0.445,356.522,2.153,10241,-13.280
RollerBallRayBrain,0.446,359.386,2.229,10345,-13.274
RollerBallRayBrain,0.448,362.245,2.219,10267,-13.192
